artist_id,artist_name,country,created_at,updated_at
1,Lisa Harrell,Australia,2023-05-01 20:12:43,2023-05-01 20:12:43
2,Kenneth Wolf,Malaysia,2023-05-04 18:05:11,2023-05-04 18:05:11
3,Mrs. Veronica Baker,Netherlands,2023-05-06 16:16:06,2023-05-06 16:16:06
4,Christopher Jimenez,Sri Lanka,2023-05-02 17:44:08,2023-05-02 17:44:08
5,Jason Shaw,United States,2023-05-03 09:23:47,2023-05-03 09:23:47
6,Carly Marshall,India,2023-05-04 06:57:52,2023-05-04 06:57:52
7,Jason Rodgers,Malaysia,2023-05-02 11:56:26,2023-05-02 11:56:26
8,Charlene Carter,India,2023-05-05 19:07:13,2023-05-05 19:07:13
9,Michael Stanley,Philippines,2023-05-01 12:29:59,2023-05-01 12:29:59
10,Matthew Guzman,United Kingdom,2023-05-04 12:17:06,2023-05-04 12:17:06
11,Joseph Jones,Philippines,2023-05-05 09:40:49,2023-05-05 09:40:49
12,Kristin Meyer,Sri Lanka,2023-05-06 23:31:31,2023-05-06 23:31:31
13,Lindsay Morris,Malaysia,2023-05-05 10:17:59,2023-05-05 10:17:59
14,Kristine Hughes DVM,United Arab Emirates,2023-05-03 09:12:51,2023-05-03 09:12:51
15,Stephen Walsh,Australia,2023-05-04 07:53:10,2023-05-04 07:53:10
16,Marie Bush,Germany,2023-05-06 07:29:52,2023-05-06 07:29:52
17,Heather Williams,United Kingdom,2023-05-03 00:16:10,2023-05-03 00:16:10
18,Courtney Hickman,Netherlands,2023-05-02 20:04:05,2023-05-02 20:04:05
19,Jeremy Gardner,United States,2023-05-06 11:49:51,2023-05-06 11:49:51
20,Jason Thomas,United States,2023-05-03 19:37:11,2023-05-03 19:37:11
21,Teresa Sexton,Canada,2023-05-03 13:47:10,2023-05-03 13:47:10
22,Julie Smith,South Africa,2023-05-06 16:35:21,2023-05-06 16:35:21
23,Robert Turner,United Kingdom,2023-05-05 06:35:14,2023-05-05 06:35:14
24,Stephanie Harris,Malaysia,2023-05-03 12:13:57,2023-05-03 12:13:57
25,Tonya Powell,United Arab Emirates,2023-05-01 01:16:42,2023-05-01 01:16:42
26,Whitney Boyd,Netherlands,2023-05-04 01:32:36,2023-05-04 01:32:36
27,Jordan Jackson,Germany,2023-05-03 07:36:06,2023-05-03 07:36:06
28,David Collier,United Kingdom,2023-05-03 04:39:51,2023-05-03 04:39:51
29,Edwin Villegas,Philippines,2023-05-03 01:00:39,2023-05-03 01:00:39
30,Jenna Taylor,Canada,2023-05-05 12:32:36,2023-05-05 12:32:36
31,Robert Hernandez,United States,2023-05-03 03:01:04,2023-05-03 03:01:04
32,Maria Macias,Germany,2023-05-02 09:36:14,2023-05-02 09:36:14
33,Mark Bullock,Canada,2023-05-01 21:56:30,2023-05-01 21:56:30
34,Tyler Powers,Australia,2023-05-05 11:45:04,2023-05-05 11:45:04
35,Jessica Knight,India,2023-05-05 07:36:39,2023-05-05 07:36:39
36,Anthony Gutierrez,Philippines,2023-05-01 15:09:24,2023-05-01 15:09:24
37,Collin Yates,United Arab Emirates,2023-05-04 11:22:23,2023-05-04 11:22:23
38,Melissa Shelton,Germany,2023-05-06 00:21:14,2023-05-06 00:21:14
39,Julie Lopez,South Africa,2023-05-02 07:01:26,2023-05-02 07:01:26
40,Stephanie Ortega,New Zealand,2023-05-01 11:26:54,2023-05-01 11:26:54
41,Steven Johnson,Netherlands,2023-05-02 17:26:56,2023-05-02 17:26:56
42,Robert Marshall,Sri Lanka,2023-05-03 13:50:38,2023-05-03 13:50:38
43,Stephanie Dickson,United States,2023-05-06 09:49:55,2023-05-06 09:49:55
44,Jeffrey Wolfe,India,2023-05-03 17:23:27,2023-05-03 17:23:27
45,Dr. Allison Brown DDS,Australia,2023-05-05 17:00:43,2023-05-05 17:00:43
46,Jason Ramos,United States,2023-05-01 16:47:03,2023-05-01 16:47:03
47,Sarah Russo MD,United States,2023-05-02 00:40:54,2023-05-02 00:40:54
48,Tara Ellis,Philippines,2023-05-02 00:42:37,2023-05-02 00:42:37
49,Jillian Rich,South Africa,2023-05-03 02:48:32,2023-05-03 02:48:32
50,Emily Mcpherson,United Kingdom,2023-05-03 02:32:33,2023-05-03 02:32:33
51,Sandra Johnson,New Zealand,2023-05-01 08:47:09,2023-05-01 08:47:09
52,Robert Stephenson,United States,2023-05-01 19:58:18,2023-05-01 19:58:18
53,Deanna Drake,United States,2023-05-05 04:17:07,2023-05-05 04:17:07
54,Leah Daniel,New Zealand,2023-05-06 07:40:21,2023-05-06 07:40:21
55,Laura Wong,New Zealand,2023-05-05 19:43:58,2023-05-05 19:43:58
56,Kristine Martin,Sri Lanka,2023-05-02 01:31:38,2023-05-02 01:31:38
57,Angela Martinez,Malaysia,2023-05-06 23:01:35,2023-05-06 23:01:35
58,Collin Zamora,United States,2023-05-05 00:57:54,2023-05-05 00:57:54
59,Penny Morgan,Sri Lanka,2023-05-01 05:18:30,2023-05-01 05:18:30
60,Susan Powers,Malaysia,2023-05-05 08:19:42,2023-05-05 08:19:42
61,Abigail Ford,Germany,2023-05-04 04:15:14,2023-05-04 04:15:14
62,Gwendolyn Day,Singapore,2023-05-05 12:18:34,2023-05-05 12:18:34
63,James Davis,India,2023-05-04 17:00:06,2023-05-04 17:00:06
64,Amanda Weiss,India,2023-05-02 13:35:04,2023-05-02 13:35:04
65,Donna Green,Philippines,2023-05-04 13:08:33,2023-05-04 13:08:33
66,Elizabeth Reid,Germany,2023-05-05 00:10:37,2023-05-05 00:10:37
67,Cassandra White,Germany,2023-05-05 21:34:27,2023-05-05 21:34:27
68,Alec Brown,Netherlands,2023-05-05 15:59:03,2023-05-05 15:59:03
69,Sarah Turner,Germany,2023-05-06 23:16:11,2023-05-06 23:16:11
70,Thomas Smith,United Kingdom,2023-05-02 15:01:54,2023-05-02 15:01:54
71,Susan Smith,Netherlands,2023-05-05 01:25:37,2023-05-05 01:25:37
72,Jennifer Walker,United States,2023-05-04 23:56:54,2023-05-04 23:56:54
73,Alexa Thompson,Malaysia,2023-05-05 04:51:18,2023-05-05 04:51:18
74,George Doyle,India,2023-05-04 08:39:51,2023-05-04 08:39:51
75,Marcus Frye,Singapore,2023-05-01 08:35:16,2023-05-01 08:35:16
76,Michael Gutierrez,Netherlands,2023-05-02 22:28:08,2023-05-02 22:28:08
77,Barbara Stewart,Germany,2023-05-02 23:05:28,2023-05-02 23:05:28
78,Edward Perez,Malaysia,2023-05-06 08:52:01,2023-05-06 08:52:01
79,Erica Shepard,Canada,2023-05-02 13:39:22,2023-05-02 13:39:22
80,Anna Willis,United Arab Emirates,2023-05-04 22:23:37,2023-05-04 22:23:37
81,Christian Welch,Malaysia,2023-05-04 02:43:19,2023-05-04 02:43:19
82,Caleb Jackson,Netherlands,2023-05-04 07:48:44,2023-05-04 07:48:44
83,William Collins,Netherlands,2023-05-01 14:50:39,2023-05-01 14:50:39
84,Samantha Delacruz,United States,2023-05-04 12:27:09,2023-05-04 12:27:09
85,James Pitts,United Kingdom,2023-05-01 17:10:56,2023-05-01 17:10:56
86,Jose Khan,Ireland,2023-05-06 05:35:58,2023-05-06 05:35:58
87,John Evans,Ireland,2023-05-03 05:16:17,2023-05-03 05:16:17
88,Connie Brown,New Zealand,2023-05-03 12:50:09,2023-05-03 12:50:09
89,Andrew Vargas,South Africa,2023-05-01 05:39:29,2023-05-01 05:39:29
90,Gloria Floyd,Philippines,2023-05-02 12:07:47,2023-05-02 12:07:47
91,Kelly Gamble,Sri Lanka,2023-05-01 08:46:06,2023-05-01 08:46:06
92,William Williamson,New Zealand,2023-05-01 23:56:25,2023-05-01 23:56:25
93,Hannah Lloyd,India,2023-05-06 17:52:12,2023-05-06 17:52:12
94,Philip Arnold,South Africa,2023-05-06 01:36:30,2023-05-06 01:36:30
95,Amy Swanson,Canada,2023-05-05 08:53:42,2023-05-05 08:53:42
96,Kellie Reed,Ireland,2023-05-02 03:46:47,2023-05-02 03:46:47
97,David Castillo,India,2023-05-06 00:09:55,2023-05-06 00:09:55
98,Alison Smith,Singapore,2023-05-04 22:58:05,2023-05-04 22:58:05
99,Gabriela Prince,United Kingdom,2023-05-06 05:40:27,2023-05-06 05:40:27
100,Linda Ward,Sri Lanka,2023-05-01 00:46:39,2023-05-01 00:46:39
101,Sarah Hall,South Africa,2023-05-05 21:45:02,2023-05-05 21:45:02
102,Renee Juarez,Philippines,2023-05-03 18:24:40,2023-05-03 18:24:40
103,Joshua Porter,United Kingdom,2023-05-04 17:43:41,2023-05-04 17:43:41
104,Rebecca Graham,Australia,2023-05-02 11:41:22,2023-05-02 11:41:22
105,Michelle Roberts,Ireland,2023-05-06 13:54:25,2023-05-06 13:54:25
106,Richard Lane,Sri Lanka,2023-05-01 00:44:40,2023-05-01 00:44:40
107,Justin Obrien,Germany,2023-05-02 11:49:29,2023-05-02 11:49:29
108,Stephanie Vega,Canada,2023-05-05 21:47:06,2023-05-05 21:47:06
109,Geoffrey Adams,Netherlands,2023-05-06 14:29:19,2023-05-06 14:29:19
110,William Evans,Germany,2023-05-03 04:53:38,2023-05-03 04:53:38
111,Sierra Wilson,United Arab Emirates,2023-05-04 00:47:03,2023-05-04 00:47:03
112,Amanda Valdez,United Kingdom,2023-05-01 16:50:06,2023-05-01 16:50:06
113,Brooke Smith,Australia,2023-05-03 02:14:54,2023-05-03 02:14:54
114,Nicholas Howard,United Arab Emirates,2023-05-06 17:08:44,2023-05-06 17:08:44
115,Emily Wong,New Zealand,2023-05-06 11:52:06,2023-05-06 11:52:06
116,Katherine Cherry,United States,2023-05-04 05:45:25,2023-05-04 05:45:25
117,Troy Allen,India,2023-05-03 21:27:25,2023-05-03 21:27:25
118,Amber Morris,Malaysia,2023-05-05 12:34:42,2023-05-05 12:34:42
119,Vanessa Rowe,Philippines,2023-05-03 18:52:44,2023-05-03 18:52:44
120,Thomas Ellis,Malaysia,2023-05-02 12:13:04,2023-05-02 12:13:04
121,Billy Gibson,Ireland,2023-05-01 11:43:55,2023-05-01 11:43:55
122,Julie Kennedy,Malaysia,2023-05-01 09:33:34,2023-05-01 09:33:34
123,Daniel Roberts,Philippines,2023-05-01 03:01:36,2023-05-01 03:01:36
124,George Winters,Sri Lanka,2023-05-04 06:49:57,2023-05-04 06:49:57
125,Craig Hall,Canada,2023-05-04 10:21:35,2023-05-04 10:21:35
126,Katherine Jones,Netherlands,2023-05-01 18:23:38,2023-05-01 18:23:38
127,Zachary Harper,Sri Lanka,2023-05-02 21:45:52,2023-05-02 21:45:52
128,Judy Barnes,Sri Lanka,2023-05-05 04:23:06,2023-05-05 04:23:06
129,Matthew Spencer,Australia,2023-05-04 05:10:32,2023-05-04 05:10:32
130,Vicki Atkinson,Germany,2023-05-04 23:39:47,2023-05-04 23:39:47
131,Christy Wilson,Netherlands,2023-05-04 04:32:29,2023-05-04 04:32:29
132,Edward Rojas,Singapore,2023-05-01 13:30:45,2023-05-01 13:30:45
133,Joseph Garcia,Australia,2023-05-03 06:56:59,2023-05-03 06:56:59
134,Connor Hanson,United Kingdom,2023-05-03 13:21:50,2023-05-03 13:21:50
135,Mariah Williams,Netherlands,2023-05-03 06:58:17,2023-05-03 06:58:17
136,Michael Little,United States,2023-05-01 16:39:39,2023-05-01 16:39:39
137,Zachary Stewart,Ireland,2023-05-05 05:02:00,2023-05-05 05:02:00
138,Michael Hunter,Singapore,2023-05-05 17:19:46,2023-05-05 17:19:46
139,Nathan Oliver,United Kingdom,2023-05-02 08:31:31,2023-05-02 08:31:31
140,Denise Burton,Australia,2023-05-05 23:55:46,2023-05-05 23:55:46
141,Michael Flores,Germany,2023-05-03 14:22:27,2023-05-03 14:22:27
142,Kathryn Jackson,Netherlands,2023-05-06 10:14:14,2023-05-06 10:14:14
143,Christine Hale,India,2023-05-06 04:49:19,2023-05-06 04:49:19
144,Brooke Bell,United Arab Emirates,2023-05-02 13:38:37,2023-05-02 13:38:37
145,Jason Martin,United Kingdom,2023-05-06 22:39:57,2023-05-06 22:39:57
146,Pamela Perkins,Malaysia,2023-05-03 18:09:57,2023-05-03 18:09:57
147,Christina Smith,Germany,2023-05-05 18:22:35,2023-05-05 18:22:35
148,Amy Perez,Malaysia,2023-05-06 06:11:54,2023-05-06 06:11:54
149,Christopher Bennett,Germany,2023-05-06 02:09:05,2023-05-06 02:09:05
150,Thomas Rojas,Germany,2023-05-06 21:22:44,2023-05-06 21:22:44
151,Jamie White,United Arab Emirates,2023-05-02 20:41:21,2023-05-02 20:41:21
152,Grant Oneal,New Zealand,2023-05-04 05:04:29,2023-05-04 05:04:29
153,Marie Huynh,Germany,2023-05-06 00:12:51,2023-05-06 00:12:51
154,Jack Thompson,India,2023-05-05 10:48:19,2023-05-05 10:48:19
155,Tasha Mccullough,United States,2023-05-04 03:58:45,2023-05-04 03:58:45
156,Sean Lopez,Philippines,2023-05-06 19:36:29,2023-05-06 19:36:29
157,Angie Myers,United Kingdom,2023-05-03 18:05:31,2023-05-03 18:05:31
158,Emily Cook,United States,2023-05-06 00:07:50,2023-05-06 00:07:50
159,Lisa Ramirez,United Kingdom,2023-05-03 15:17:15,2023-05-03 15:17:15
160,Carla Foster,Netherlands,2023-05-02 08:28:04,2023-05-02 08:28:04
161,Michelle Griffin,Ireland,2023-05-04 18:20:15,2023-05-04 18:20:15
162,Perry Hendrix,Australia,2023-05-04 22:54:56,2023-05-04 22:54:56
163,Rodney Meyers,South Africa,2023-05-05 11:39:22,2023-05-05 11:39:22
164,Bradley Beasley,Australia,2023-05-04 19:49:50,2023-05-04 19:49:50
165,Paula Collins,India,2023-05-06 05:17:53,2023-05-06 05:17:53
166,Allen Flynn,United Kingdom,2023-05-02 12:43:07,2023-05-02 12:43:07
167,Melissa Manning,Germany,2023-05-02 23:10:00,2023-05-02 23:10:00
168,William Walker,New Zealand,2023-05-06 09:27:06,2023-05-06 09:27:06
169,Christina Flores,United Arab Emirates,2023-05-04 11:57:57,2023-05-04 11:57:57
170,Brianna Watts,United States,2023-05-05 06:20:37,2023-05-05 06:20:37
171,Taylor Munoz,Singapore,2023-05-03 09:24:41,2023-05-03 09:24:41
172,Joshua Baker,United Arab Emirates,2023-05-05 03:24:26,2023-05-05 03:24:26
173,David Patterson,South Africa,2023-05-06 20:32:45,2023-05-06 20:32:45
174,Mathew Villarreal,Philippines,2023-05-06 21:26:33,2023-05-06 21:26:33
175,Eddie Trevino,Malaysia,2023-05-04 09:09:58,2023-05-04 09:09:58
176,Wendy Yang,United States,2023-05-04 20:03:34,2023-05-04 20:03:34
177,Amber Gray,South Africa,2023-05-04 05:45:21,2023-05-04 05:45:21
178,Robert Lambert,Germany,2023-05-05 02:51:53,2023-05-05 02:51:53
179,Mark Solis,Singapore,2023-05-04 00:13:29,2023-05-04 00:13:29
180,Cindy Combs,New Zealand,2023-05-03 01:47:27,2023-05-03 01:47:27
181,Debbie Lopez,New Zealand,2023-05-04 18:12:24,2023-05-04 18:12:24
182,Jacob Williams,Ireland,2023-05-04 04:48:29,2023-05-04 04:48:29
183,Amanda Johnson,United States,2023-05-05 16:43:23,2023-05-05 16:43:23
184,Shelly Martin,Singapore,2023-05-06 04:08:50,2023-05-06 04:08:50
185,Andrea Hopkins,United Kingdom,2023-05-01 19:40:28,2023-05-01 19:40:28
186,Joseph Stanton,New Zealand,2023-05-06 19:30:26,2023-05-06 19:30:26
187,Emma Blair,Singapore,2023-05-06 22:31:32,2023-05-06 22:31:32
188,Cory Rodriguez,Ireland,2023-05-02 15:53:04,2023-05-02 15:53:04
189,April Mills,South Africa,2023-05-02 11:09:54,2023-05-02 11:09:54
190,Linda Foster,Canada,2023-05-02 01:54:23,2023-05-02 01:54:23
191,Crystal Abbott,Sri Lanka,2023-05-06 04:24:44,2023-05-06 04:24:44
192,Paula Nash,Netherlands,2023-05-01 15:49:35,2023-05-01 15:49:35
193,Adrian Cooper,New Zealand,2023-05-01 00:19:18,2023-05-01 00:19:18
194,Antonio Ramos,South Africa,2023-05-04 14:39:28,2023-05-04 14:39:28
195,Sarah Whitaker,South Africa,2023-05-05 20:54:44,2023-05-05 20:54:44
196,Erin Fry,Malaysia,2023-05-06 21:03:53,2023-05-06 21:03:53
197,Melissa Franklin,Canada,2023-05-04 13:44:48,2023-05-04 13:44:48
198,Kara Fernandez,Australia,2023-05-06 17:07:48,2023-05-06 17:07:48
199,Jerry Kane,Malaysia,2023-05-06 01:29:12,2023-05-06 01:29:12
200,Dr. Jessica Stanton,Germany,2023-05-01 16:15:12,2023-05-01 16:15:12
201,Natasha Williams,Canada,2023-05-03 01:18:59,2023-05-03 01:18:59
202,Joseph Harris,Sri Lanka,2023-05-03 12:39:33,2023-05-03 12:39:33
203,Kirsten Garcia,Australia,2023-05-01 22:03:05,2023-05-01 22:03:05
204,Robert Boyd,United Arab Emirates,2023-05-05 05:37:49,2023-05-05 05:37:49
205,Alexandra Fox,Australia,2023-05-05 15:12:45,2023-05-05 15:12:45
206,Ryan Pruitt,United Kingdom,2023-05-04 03:06:28,2023-05-04 03:06:28
207,Jamie Taylor,Germany,2023-05-01 04:21:17,2023-05-01 04:21:17
208,Jared Smith,United Kingdom,2023-05-01 02:31:32,2023-05-01 02:31:32
209,Jessica Luna,United Kingdom,2023-05-01 03:56:00,2023-05-01 03:56:00
210,Elizabeth Mosley,Philippines,2023-05-04 11:27:30,2023-05-04 11:27:30
211,Greg Roberts,United Kingdom,2023-05-02 14:33:11,2023-05-02 14:33:11
212,Nicole Velasquez,Netherlands,2023-05-02 16:24:30,2023-05-02 16:24:30
213,Christine Richards MD,South Africa,2023-05-02 21:43:05,2023-05-02 21:43:05
214,Jessica Smith,Malaysia,2023-05-04 10:18:26,2023-05-04 10:18:26
215,Katelyn Roberts,New Zealand,2023-05-02 11:10:33,2023-05-02 11:10:33
216,Mary Fisher DDS,Netherlands,2023-05-01 17:10:53,2023-05-01 17:10:53
217,Jennifer Mcmillan,South Africa,2023-05-01 14:34:56,2023-05-01 14:34:56
218,Christopher Kelly,Malaysia,2023-05-01 18:06:22,2023-05-01 18:06:22
219,Marcus Riley,Canada,2023-05-01 20:19:37,2023-05-01 20:19:37
220,Vanessa Adams,United Kingdom,2023-05-01 11:31:31,2023-05-01 11:31:31
221,Justin Gonzalez,United States,2023-05-03 20:38:50,2023-05-03 20:38:50
222,Christina Hunter,South Africa,2023-05-03 22:40:16,2023-05-03 22:40:16
223,Sophia Lowery,Philippines,2023-05-02 05:22:08,2023-05-02 05:22:08
224,Katie Martinez,Ireland,2023-05-06 17:52:36,2023-05-06 17:52:36
225,Danielle Wagner,Australia,2023-05-03 01:20:26,2023-05-03 01:20:26
226,David Williamson,New Zealand,2023-05-04 22:18:15,2023-05-04 22:18:15
227,Casey Pham,New Zealand,2023-05-01 05:10:39,2023-05-01 05:10:39
228,Donald Huber,Sri Lanka,2023-05-01 17:08:39,2023-05-01 17:08:39
229,Spencer Brown,India,2023-05-05 18:22:56,2023-05-05 18:22:56
230,Michael Ryan,Ireland,2023-05-06 06:36:26,2023-05-06 06:36:26
231,Robert Hernandez,India,2023-05-02 04:34:57,2023-05-02 04:34:57
232,Michael Garcia,Sri Lanka,2023-05-06 09:09:19,2023-05-06 09:09:19
233,Blake Mcdonald,South Africa,2023-05-01 11:05:20,2023-05-01 11:05:20
234,Samantha Wilson,Sri Lanka,2023-05-03 21:44:01,2023-05-03 21:44:01
235,Ashley Watts,Netherlands,2023-05-03 07:58:00,2023-05-03 07:58:00
236,Heather Murray,Philippines,2023-05-01 05:27:08,2023-05-01 05:27:08
237,Susan Torres,United Kingdom,2023-05-01 19:14:05,2023-05-01 19:14:05
238,Debbie Cross,Canada,2023-05-01 14:12:04,2023-05-01 14:12:04
239,Daniel Brown,United States,2023-05-05 17:39:08,2023-05-05 17:39:08
240,Amanda Perez,Germany,2023-05-04 14:04:36,2023-05-04 14:04:36
241,Edward Cameron,United Arab Emirates,2023-05-03 10:05:38,2023-05-03 10:05:38
242,Dustin Fox,Ireland,2023-05-05 13:48:49,2023-05-05 13:48:49
243,Colton Ferrell,Sri Lanka,2023-05-01 13:24:24,2023-05-01 13:24:24
244,Regina Green,United States,2023-05-04 23:22:24,2023-05-04 23:22:24
245,Kelly Hampton,Sri Lanka,2023-05-01 01:02:55,2023-05-01 01:02:55
246,David Short,Singapore,2023-05-03 11:55:00,2023-05-03 11:55:00
247,Ian Hudson,United Arab Emirates,2023-05-05 18:22:37,2023-05-05 18:22:37
248,Rachel Scott,Germany,2023-05-02 02:15:37,2023-05-02 02:15:37
249,Brittany Hawkins,South Africa,2023-05-05 06:48:24,2023-05-05 06:48:24
250,Eric Myers,Singapore,2023-05-02 22:47:50,2023-05-02 22:47:50
