city_id,country_id,city_name,created_at,updated_at
1,1,Colombo,2023-05-01 14:51:56,2023-05-01 14:51:56
2,1,Kandy,2023-05-02 17:40:41,2023-05-02 17:40:41
3,1,Galle,2023-05-05 18:34:37,2023-05-05 18:34:37
4,1,Jaffna,2023-05-06 01:21:33,2023-05-06 01:21:33
5,1,Negombo,2023-05-05 14:30:39,2023-05-05 14:30:39
6,1,Kurunegala,2023-05-03 01:29:32,2023-05-03 01:29:32
7,2,Mumbai,2023-05-06 23:53:26,2023-05-06 23:53:26
8,2,Bengaluru,2023-05-06 20:24:33,2023-05-06 20:24:33
9,2,Chennai,2023-05-03 14:38:23,2023-05-03 14:38:23
10,2,Delhi,2023-05-02 16:42:00,2023-05-02 16:42:00
11,2,Hyderabad,2023-05-06 17:41:54,2023-05-06 17:41:54
12,3,New York,2023-05-03 08:07:52,2023-05-03 08:07:52
13,3,Los Angeles,2023-05-04 09:21:56,2023-05-04 09:21:56
14,3,Chicago,2023-05-02 12:41:16,2023-05-02 12:41:16
15,3,Houston,2023-05-06 15:07:18,2023-05-06 15:07:18
16,3,Seattle,2023-05-06 19:27:30,2023-05-06 19:27:30
17,4,London,2023-05-02 07:31:54,2023-05-02 07:31:54
18,4,Manchester,2023-05-05 10:52:19,2023-05-05 10:52:19
19,4,Birmingham,2023-05-06 18:27:02,2023-05-06 18:27:02
20,4,Leeds,2023-05-06 05:46:30,2023-05-06 05:46:30
21,5,Sydney,2023-05-01 13:35:30,2023-05-01 13:35:30
22,5,Melbourne,2023-05-06 23:50:41,2023-05-06 23:50:41
23,5,Brisbane,2023-05-04 02:37:57,2023-05-04 02:37:57
24,6,Singapore,2023-05-03 23:03:48,2023-05-03 23:03:48
25,7,Dubai,2023-05-03 11:21:51,2023-05-03 11:21:51
26,7,Abu Dhabi,2023-05-02 01:32:03,2023-05-02 01:32:03
27,8,Toronto,2023-05-05 22:40:23,2023-05-05 22:40:23
28,8,Vancouver,2023-05-03 07:06:20,2023-05-03 07:06:20
29,8,Montreal,2023-05-02 06:55:58,2023-05-02 06:55:58
30,9,Berlin,2023-05-04 05:01:43,2023-05-04 05:01:43
31,9,Munich,2023-05-05 15:17:44,2023-05-05 15:17:44
32,9,Hamburg,2023-05-03 06:15:01,2023-05-03 06:15:01
33,10,Kuala Lumpur,2023-05-02 07:04:30,2023-05-02 07:04:30
34,10,Penang,2023-05-05 21:14:46,2023-05-05 21:14:46
35,11,Auckland,2023-05-02 13:02:24,2023-05-02 13:02:24
36,11,Wellington,2023-05-03 10:43:07,2023-05-03 10:43:07
37,12,Johannesburg,2023-05-02 16:06:16,2023-05-02 16:06:16
38,12,Cape Town,2023-05-02 02:53:35,2023-05-02 02:53:35
39,13,Manila,2023-05-03 05:21:45,2023-05-03 05:21:45
40,13,Cebu City,2023-05-06 18:36:08,2023-05-06 18:36:08
41,14,Amsterdam,2023-05-02 08:26:43,2023-05-02 08:26:43
42,14,Rotterdam,2023-05-06 23:58:43,2023-05-06 23:58:43
43,15,Dublin,2023-05-01 15:33:31,2023-05-01 15:33:31
44,15,Cork,2023-05-01 16:44:47,2023-05-01 16:44:47
