content_id,artist_id,role,created_at,updated_at
1,244,Writer,2026-05-02 19:58:11,2026-05-02 19:58:11
1,222,Writer,2026-05-02 19:58:11,2026-05-02 19:58:11
2,247,Director,2023-05-02 01:09:56,2023-05-02 01:09:56
2,29,Author,2023-05-02 01:09:56,2023-05-02 01:09:56
2,67,Composer,2023-05-02 01:09:56,2023-05-02 01:09:56
3,63,Producer,2023-05-03 15:56:18,2023-05-03 15:56:18
3,231,Supporting Actor,2023-05-03 15:56:18,2023-05-03 15:56:18
3,48,Lead Actor,2023-05-03 15:56:18,2023-05-03 15:56:18
3,119,Composer,2023-05-03 15:56:18,2023-05-03 15:56:18
4,114,Writer,2025-10-31 09:06:55,2025-10-31 09:06:55
4,164,Writer,2025-10-31 09:06:55,2025-10-31 09:06:55
5,23,Supporting Actor,2023-05-04 14:15:30,2023-05-04 14:15:30
5,197,Composer,2023-05-04 14:15:30,2023-05-04 14:15:30
5,94,Performer,2023-05-04 14:15:30,2023-05-04 14:15:30
6,112,Lead Actor,2023-05-02 03:32:03,2023-05-02 03:32:03
6,148,Writer,2023-05-02 03:32:03,2023-05-02 03:32:03
6,213,Author,2023-05-02 03:32:03,2023-05-02 03:32:03
7,24,Producer,2023-05-01 19:29:16,2023-05-01 19:29:16
7,164,Author,2023-05-01 19:29:16,2023-05-01 19:29:16
8,168,Supporting Actor,2024-11-14 00:14:29,2024-11-14 00:14:29
9,206,Writer,2023-05-02 23:23:35,2023-05-02 23:23:35
9,99,Director,2023-05-02 23:23:35,2023-05-02 23:23:35
10,61,Director,2023-05-03 05:46:38,2023-05-03 05:46:38
11,188,Supporting Actor,2023-05-02 12:11:45,2023-05-02 12:11:45
11,199,Lead Actor,2023-05-02 12:11:45,2023-05-02 12:11:45
12,122,Performer,2023-05-04 06:34:31,2023-05-04 06:34:31
12,151,Producer,2023-05-04 06:34:31,2023-05-04 06:34:31
12,71,Supporting Actor,2023-05-04 06:34:31,2023-05-04 06:34:31
13,115,Performer,2023-05-04 10:11:48,2023-05-04 10:11:48
13,53,Lead Actor,2023-05-04 10:11:48,2023-05-04 10:11:48
13,25,Lead Actor,2023-05-04 10:11:48,2023-05-04 10:11:48
14,192,Writer,2023-05-02 22:30:25,2023-05-02 22:30:25
15,94,Producer,2023-05-02 12:08:25,2023-05-02 12:08:25
16,174,Director,2023-05-01 04:15:05,2023-05-01 04:15:05
17,227,Director,2023-05-02 06:15:20,2023-05-02 06:15:20
17,11,Composer,2023-05-02 06:15:20,2023-05-02 06:15:20
17,216,Performer,2023-05-02 06:15:20,2023-05-02 06:15:20
17,116,Lead Actor,2023-05-02 06:15:20,2023-05-02 06:15:20
18,75,Producer,2023-05-04 08:58:12,2023-05-04 08:58:12
18,130,Performer,2023-05-04 08:58:12,2023-05-04 08:58:12
18,151,Writer,2023-05-04 08:58:12,2023-05-04 08:58:12
18,142,Supporting Actor,2023-05-04 08:58:12,2023-05-04 08:58:12
19,45,Supporting Actor,2023-05-04 00:15:03,2023-05-04 00:15:03
19,213,Producer,2023-05-04 00:15:03,2023-05-04 00:15:03
19,157,Author,2023-05-04 00:15:03,2023-05-04 00:15:03
20,100,Supporting Actor,2023-05-02 04:43:35,2023-05-02 04:43:35
20,149,Lead Actor,2023-05-02 04:43:35,2023-05-02 04:43:35
20,64,Writer,2023-05-02 04:43:35,2023-05-02 04:43:35
21,52,Director,2023-05-04 04:07:53,2023-05-04 04:07:53
21,244,Producer,2023-05-04 04:07:53,2023-05-04 04:07:53
21,149,Author,2023-05-04 04:07:53,2023-05-04 04:07:53
21,147,Author,2023-05-04 04:07:53,2023-05-04 04:07:53
22,55,Performer,2023-05-04 18:29:50,2023-05-04 18:29:50
22,68,Supporting Actor,2023-05-04 18:29:50,2023-05-04 18:29:50
23,137,Supporting Actor,2023-05-02 23:35:47,2023-05-02 23:35:47
23,166,Producer,2023-05-02 23:35:47,2023-05-02 23:35:47
23,218,Writer,2023-05-02 23:35:47,2023-05-02 23:35:47
23,238,Performer,2023-05-02 23:35:47,2023-05-02 23:35:47
24,128,Performer,2023-05-04 05:06:23,2023-05-04 05:06:23
25,205,Performer,2023-05-03 09:48:46,2023-05-03 09:48:46
25,219,Writer,2023-05-03 09:48:46,2023-05-03 09:48:46
25,52,Performer,2023-05-03 09:48:46,2023-05-03 09:48:46
25,106,Lead Actor,2023-05-03 09:48:46,2023-05-03 09:48:46
26,110,Performer,2023-05-01 21:26:18,2023-05-01 21:26:18
26,173,Producer,2023-05-01 21:26:18,2023-05-01 21:26:18
26,138,Composer,2023-05-01 21:26:18,2023-05-01 21:26:18
27,175,Author,2023-05-02 15:46:41,2023-05-02 15:46:41
28,170,Composer,2023-05-03 04:31:15,2023-05-03 04:31:15
28,173,Writer,2023-05-03 04:31:15,2023-05-03 04:31:15
29,217,Supporting Actor,2023-05-01 22:17:18,2023-05-01 22:17:18
29,95,Supporting Actor,2023-05-01 22:17:18,2023-05-01 22:17:18
29,82,Author,2023-05-01 22:17:18,2023-05-01 22:17:18
30,23,Performer,2023-05-04 18:22:32,2023-05-04 18:22:32
30,87,Lead Actor,2023-05-04 18:22:32,2023-05-04 18:22:32
30,98,Director,2023-05-04 18:22:32,2023-05-04 18:22:32
31,52,Author,2023-05-01 05:44:33,2023-05-01 05:44:33
31,135,Supporting Actor,2023-05-01 05:44:33,2023-05-01 05:44:33
32,46,Performer,2023-05-03 02:49:42,2023-05-03 02:49:42
33,101,Director,2023-05-03 06:36:09,2023-05-03 06:36:09
33,117,Performer,2023-05-03 06:36:09,2023-05-03 06:36:09
33,135,Producer,2023-05-03 06:36:09,2023-05-03 06:36:09
34,60,Supporting Actor,2023-05-04 10:43:30,2023-05-04 10:43:30
34,173,Lead Actor,2023-05-04 10:43:30,2023-05-04 10:43:30
34,225,Lead Actor,2023-05-04 10:43:30,2023-05-04 10:43:30
35,141,Writer,2023-05-02 09:55:09,2023-05-02 09:55:09
35,25,Director,2023-05-02 09:55:09,2023-05-02 09:55:09
35,99,Producer,2023-05-02 09:55:09,2023-05-02 09:55:09
35,166,Supporting Actor,2023-05-02 09:55:09,2023-05-02 09:55:09
36,211,Writer,2023-05-01 09:48:34,2023-05-01 09:48:34
36,15,Producer,2023-05-01 09:48:34,2023-05-01 09:48:34
36,2,Performer,2023-05-01 09:48:34,2023-05-01 09:48:34
37,33,Composer,2026-01-15 05:59:12,2026-01-15 05:59:12
38,153,Producer,2024-04-09 19:55:26,2024-04-09 19:55:26
38,175,Performer,2024-04-09 19:55:26,2024-04-09 19:55:26
39,225,Lead Actor,2023-05-03 08:49:05,2023-05-03 08:49:05
39,166,Director,2023-05-03 08:49:05,2023-05-03 08:49:05
40,222,Performer,2023-05-02 14:53:15,2023-05-02 14:53:15
40,185,Author,2023-05-02 14:53:15,2023-05-02 14:53:15
40,196,Composer,2023-05-02 14:53:15,2023-05-02 14:53:15
41,18,Supporting Actor,2023-05-02 07:48:11,2023-05-02 07:48:11
42,146,Producer,2025-11-08 16:50:45,2025-11-08 16:50:45
42,12,Supporting Actor,2025-11-08 16:50:45,2025-11-08 16:50:45
43,48,Supporting Actor,2023-05-01 22:33:28,2023-05-01 22:33:28
44,137,Supporting Actor,2023-05-01 02:17:26,2023-05-01 02:17:26
44,213,Producer,2023-05-01 02:17:26,2023-05-01 02:17:26
44,138,Supporting Actor,2023-05-01 02:17:26,2023-05-01 02:17:26
45,78,Performer,2023-05-01 07:12:58,2023-05-01 07:12:58
45,99,Supporting Actor,2023-05-01 07:12:58,2023-05-01 07:12:58
46,163,Supporting Actor,2023-05-04 12:52:14,2023-05-04 12:52:14
46,67,Composer,2023-05-04 12:52:14,2023-05-04 12:52:14
46,164,Performer,2023-05-04 12:52:14,2023-05-04 12:52:14
46,121,Supporting Actor,2023-05-04 12:52:14,2023-05-04 12:52:14
47,158,Director,2023-05-01 14:54:15,2023-05-01 14:54:15
48,240,Composer,2023-05-01 16:52:56,2023-05-01 16:52:56
48,202,Lead Actor,2023-05-01 16:52:56,2023-05-01 16:52:56
48,97,Producer,2023-05-01 16:52:56,2023-05-01 16:52:56
49,241,Lead Actor,2025-03-10 05:16:54,2025-03-10 05:16:54
49,217,Performer,2025-03-10 05:16:54,2025-03-10 05:16:54
49,9,Composer,2025-03-10 05:16:54,2025-03-10 05:16:54
49,227,Supporting Actor,2025-03-10 05:16:54,2025-03-10 05:16:54
50,214,Producer,2023-05-02 21:56:31,2023-05-02 21:56:31
50,187,Director,2023-05-02 21:56:31,2023-05-02 21:56:31
50,6,Lead Actor,2023-05-02 21:56:31,2023-05-02 21:56:31
51,93,Writer,2023-05-03 22:54:04,2023-05-03 22:54:04
52,243,Writer,2023-05-02 17:57:58,2023-05-02 17:57:58
52,186,Producer,2023-05-02 17:57:58,2023-05-02 17:57:58
52,172,Supporting Actor,2023-05-02 17:57:58,2023-05-02 17:57:58
52,8,Producer,2023-05-02 17:57:58,2023-05-02 17:57:58
53,218,Performer,2023-05-03 06:49:08,2023-05-03 06:49:08
53,1,Supporting Actor,2023-05-03 06:49:08,2023-05-03 06:49:08
53,224,Writer,2023-05-03 06:49:08,2023-05-03 06:49:08
53,172,Performer,2023-05-03 06:49:08,2023-05-03 06:49:08
54,3,Author,2023-05-02 07:36:41,2023-05-02 07:36:41
55,235,Director,2023-05-01 04:47:58,2023-05-01 04:47:58
55,83,Performer,2023-05-01 04:47:58,2023-05-01 04:47:58
55,62,Performer,2023-05-01 04:47:58,2023-05-01 04:47:58
55,23,Director,2023-05-01 04:47:58,2023-05-01 04:47:58
56,20,Supporting Actor,2023-05-01 23:07:41,2023-05-01 23:07:41
57,156,Writer,2023-05-04 02:40:09,2023-05-04 02:40:09
57,130,Composer,2023-05-04 02:40:09,2023-05-04 02:40:09
58,176,Producer,2023-05-02 18:56:06,2023-05-02 18:56:06
58,32,Performer,2023-05-02 18:56:06,2023-05-02 18:56:06
59,163,Composer,2023-05-01 17:18:47,2023-05-01 17:18:47
59,18,Author,2023-05-01 17:18:47,2023-05-01 17:18:47
59,240,Performer,2023-05-01 17:18:47,2023-05-01 17:18:47
60,163,Composer,2023-05-01 10:24:23,2023-05-01 10:24:23
60,166,Writer,2023-05-01 10:24:23,2023-05-01 10:24:23
61,20,Performer,2023-05-02 18:57:09,2023-05-02 18:57:09
61,53,Supporting Actor,2023-05-02 18:57:09,2023-05-02 18:57:09
61,134,Producer,2023-05-02 18:57:09,2023-05-02 18:57:09
62,23,Producer,2023-05-01 10:07:51,2023-05-01 10:07:51
62,85,Composer,2023-05-01 10:07:51,2023-05-01 10:07:51
63,159,Producer,2024-07-10 16:32:11,2024-07-10 16:32:11
63,247,Director,2024-07-10 16:32:11,2024-07-10 16:32:11
64,77,Composer,2023-05-04 09:41:04,2023-05-04 09:41:04
64,87,Supporting Actor,2023-05-04 09:41:04,2023-05-04 09:41:04
64,159,Writer,2023-05-04 09:41:04,2023-05-04 09:41:04
65,17,Producer,2023-05-01 02:47:12,2023-05-01 02:47:12
65,147,Author,2023-05-01 02:47:12,2023-05-01 02:47:12
66,89,Director,2023-05-03 03:03:49,2023-05-03 03:03:49
66,166,Director,2023-05-03 03:03:49,2023-05-03 03:03:49
66,137,Supporting Actor,2023-05-03 03:03:49,2023-05-03 03:03:49
67,112,Performer,2023-05-03 22:23:39,2023-05-03 22:23:39
67,153,Author,2023-05-03 22:23:39,2023-05-03 22:23:39
67,51,Writer,2023-05-03 22:23:39,2023-05-03 22:23:39
68,15,Director,2023-05-03 02:00:18,2023-05-03 02:00:18
68,113,Performer,2023-05-03 02:00:18,2023-05-03 02:00:18
69,207,Producer,2023-05-04 22:15:18,2023-05-04 22:15:18
69,203,Performer,2023-05-04 22:15:18,2023-05-04 22:15:18
69,166,Producer,2023-05-04 22:15:18,2023-05-04 22:15:18
70,100,Lead Actor,2023-05-02 17:51:49,2023-05-02 17:51:49
70,91,Composer,2023-05-02 17:51:49,2023-05-02 17:51:49
71,186,Lead Actor,2023-05-04 18:43:01,2023-05-04 18:43:01
71,242,Lead Actor,2023-05-04 18:43:01,2023-05-04 18:43:01
72,249,Lead Actor,2023-05-04 09:17:13,2023-05-04 09:17:13
72,91,Author,2023-05-04 09:17:13,2023-05-04 09:17:13
72,198,Writer,2023-05-04 09:17:13,2023-05-04 09:17:13
73,117,Supporting Actor,2023-05-01 22:22:39,2023-05-01 22:22:39
73,176,Lead Actor,2023-05-01 22:22:39,2023-05-01 22:22:39
74,241,Author,2023-05-01 03:46:30,2023-05-01 03:46:30
74,118,Author,2023-05-01 03:46:30,2023-05-01 03:46:30
75,93,Lead Actor,2023-05-01 01:17:45,2023-05-01 01:17:45
75,37,Performer,2023-05-01 01:17:45,2023-05-01 01:17:45
76,3,Composer,2023-05-01 10:45:34,2023-05-01 10:45:34
76,221,Composer,2023-05-01 10:45:34,2023-05-01 10:45:34
76,94,Composer,2023-05-01 10:45:34,2023-05-01 10:45:34
76,137,Producer,2023-05-01 10:45:34,2023-05-01 10:45:34
77,104,Composer,2023-05-03 06:55:40,2023-05-03 06:55:40
77,145,Author,2023-05-03 06:55:40,2023-05-03 06:55:40
77,130,Author,2023-05-03 06:55:40,2023-05-03 06:55:40
77,109,Performer,2023-05-03 06:55:40,2023-05-03 06:55:40
78,233,Performer,2023-05-02 09:04:45,2023-05-02 09:04:45
78,170,Supporting Actor,2023-05-02 09:04:45,2023-05-02 09:04:45
78,166,Director,2023-05-02 09:04:45,2023-05-02 09:04:45
79,25,Writer,2023-05-04 01:15:22,2023-05-04 01:15:22
79,106,Composer,2023-05-04 01:15:22,2023-05-04 01:15:22
80,39,Writer,2023-05-01 12:38:07,2023-05-01 12:38:07
80,173,Supporting Actor,2023-05-01 12:38:07,2023-05-01 12:38:07
80,105,Producer,2023-05-01 12:38:07,2023-05-01 12:38:07
81,23,Performer,2023-05-02 09:13:06,2023-05-02 09:13:06
81,194,Producer,2023-05-02 09:13:06,2023-05-02 09:13:06
81,150,Producer,2023-05-02 09:13:06,2023-05-02 09:13:06
82,29,Director,2023-05-03 17:11:37,2023-05-03 17:11:37
83,106,Composer,2023-05-04 16:55:49,2023-05-04 16:55:49
83,171,Author,2023-05-04 16:55:49,2023-05-04 16:55:49
83,172,Composer,2023-05-04 16:55:49,2023-05-04 16:55:49
84,47,Lead Actor,2023-05-03 21:53:53,2023-05-03 21:53:53
85,153,Writer,2023-05-01 02:12:12,2023-05-01 02:12:12
85,201,Supporting Actor,2023-05-01 02:12:12,2023-05-01 02:12:12
85,35,Writer,2023-05-01 02:12:12,2023-05-01 02:12:12
85,131,Author,2023-05-01 02:12:12,2023-05-01 02:12:12
86,91,Composer,2023-05-03 05:35:23,2023-05-03 05:35:23
86,26,Performer,2023-05-03 05:35:23,2023-05-03 05:35:23
86,149,Director,2023-05-03 05:35:23,2023-05-03 05:35:23
86,3,Author,2023-05-03 05:35:23,2023-05-03 05:35:23
87,241,Performer,2023-05-04 20:52:56,2023-05-04 20:52:56
87,76,Writer,2023-05-04 20:52:56,2023-05-04 20:52:56
88,183,Director,2023-05-03 13:17:57,2023-05-03 13:17:57
88,73,Supporting Actor,2023-05-03 13:17:57,2023-05-03 13:17:57
89,178,Director,2023-05-01 04:15:32,2023-05-01 04:15:32
89,37,Lead Actor,2023-05-01 04:15:32,2023-05-01 04:15:32
90,159,Director,2023-05-04 18:18:13,2023-05-04 18:18:13
90,118,Supporting Actor,2023-05-04 18:18:13,2023-05-04 18:18:13
91,84,Writer,2023-05-02 05:24:48,2023-05-02 05:24:48
91,14,Supporting Actor,2023-05-02 05:24:48,2023-05-02 05:24:48
92,128,Author,2023-05-01 02:30:35,2023-05-01 02:30:35
92,132,Lead Actor,2023-05-01 02:30:35,2023-05-01 02:30:35
93,170,Author,2023-05-03 03:46:01,2023-05-03 03:46:01
93,240,Writer,2023-05-03 03:46:01,2023-05-03 03:46:01
94,225,Producer,2023-05-03 10:06:31,2023-05-03 10:06:31
94,58,Producer,2023-05-03 10:06:31,2023-05-03 10:06:31
94,234,Producer,2023-05-03 10:06:31,2023-05-03 10:06:31
95,140,Director,2023-05-04 20:06:21,2023-05-04 20:06:21
95,235,Director,2023-05-04 20:06:21,2023-05-04 20:06:21
96,96,Lead Actor,2023-05-02 00:22:37,2023-05-02 00:22:37
96,113,Writer,2023-05-02 00:22:37,2023-05-02 00:22:37
96,52,Author,2023-05-02 00:22:37,2023-05-02 00:22:37
97,218,Composer,2023-05-03 21:39:41,2023-05-03 21:39:41
97,55,Author,2023-05-03 21:39:41,2023-05-03 21:39:41
97,102,Supporting Actor,2023-05-03 21:39:41,2023-05-03 21:39:41
97,249,Supporting Actor,2023-05-03 21:39:41,2023-05-03 21:39:41
98,105,Supporting Actor,2023-05-02 20:08:39,2023-05-02 20:08:39
99,220,Lead Actor,2023-05-04 11:28:12,2023-05-04 11:28:12
100,158,Producer,2023-05-03 06:58:52,2023-05-03 06:58:52
100,104,Performer,2023-05-03 06:58:52,2023-05-03 06:58:52
100,250,Writer,2023-05-03 06:58:52,2023-05-03 06:58:52
101,137,Lead Actor,2023-05-02 22:35:50,2023-05-02 22:35:50
102,21,Author,2023-05-02 10:18:14,2023-05-02 10:18:14
102,60,Lead Actor,2023-05-02 10:18:14,2023-05-02 10:18:14
102,199,Supporting Actor,2023-05-02 10:18:14,2023-05-02 10:18:14
103,222,Supporting Actor,2023-05-04 19:02:41,2023-05-04 19:02:41
103,149,Author,2023-05-04 19:02:41,2023-05-04 19:02:41
104,148,Writer,2023-05-02 20:51:42,2023-05-02 20:51:42
105,52,Supporting Actor,2023-05-01 14:32:30,2023-05-01 14:32:30
105,154,Supporting Actor,2023-05-01 14:32:30,2023-05-01 14:32:30
105,198,Performer,2023-05-01 14:32:30,2023-05-01 14:32:30
106,71,Supporting Actor,2023-05-03 21:41:38,2023-05-03 21:41:38
106,167,Composer,2023-05-03 21:41:38,2023-05-03 21:41:38
106,84,Writer,2023-05-03 21:41:38,2023-05-03 21:41:38
107,194,Lead Actor,2023-05-04 07:12:58,2023-05-04 07:12:58
107,147,Director,2023-05-04 07:12:58,2023-05-04 07:12:58
107,64,Lead Actor,2023-05-04 07:12:58,2023-05-04 07:12:58
108,236,Producer,2023-05-02 22:52:56,2023-05-02 22:52:56
108,139,Composer,2023-05-02 22:52:56,2023-05-02 22:52:56
109,173,Author,2023-05-03 07:56:48,2023-05-03 07:56:48
109,238,Director,2023-05-03 07:56:48,2023-05-03 07:56:48
110,218,Composer,2023-05-03 16:45:32,2023-05-03 16:45:32
110,210,Performer,2023-05-03 16:45:32,2023-05-03 16:45:32
111,35,Supporting Actor,2023-05-03 02:33:32,2023-05-03 02:33:32
112,51,Writer,2023-05-04 12:31:38,2023-05-04 12:31:38
113,114,Producer,2023-05-02 06:27:18,2023-05-02 06:27:18
113,120,Performer,2023-05-02 06:27:18,2023-05-02 06:27:18
113,69,Director,2023-05-02 06:27:18,2023-05-02 06:27:18
114,129,Performer,2023-05-02 17:17:03,2023-05-02 17:17:03
115,26,Producer,2023-05-04 12:58:21,2023-05-04 12:58:21
115,132,Writer,2023-05-04 12:58:21,2023-05-04 12:58:21
116,189,Composer,2023-05-11 07:40:20,2023-05-11 07:40:20
117,35,Author,2023-12-07 10:50:04,2023-12-07 10:50:04
117,109,Supporting Actor,2023-12-07 10:50:04,2023-12-07 10:50:04
118,96,Lead Actor,2023-05-01 18:43:50,2023-05-01 18:43:50
118,242,Supporting Actor,2023-05-01 18:43:50,2023-05-01 18:43:50
118,30,Composer,2023-05-01 18:43:50,2023-05-01 18:43:50
118,139,Supporting Actor,2023-05-01 18:43:50,2023-05-01 18:43:50
119,50,Director,2023-05-04 09:26:07,2023-05-04 09:26:07
119,21,Supporting Actor,2023-05-04 09:26:07,2023-05-04 09:26:07
119,10,Writer,2023-05-04 09:26:07,2023-05-04 09:26:07
119,14,Director,2023-05-04 09:26:07,2023-05-04 09:26:07
120,199,Composer,2023-05-04 03:16:25,2023-05-04 03:16:25
120,81,Writer,2023-05-04 03:16:25,2023-05-04 03:16:25
121,74,Writer,2023-05-02 11:11:38,2023-05-02 11:11:38
121,68,Director,2023-05-02 11:11:38,2023-05-02 11:11:38
122,137,Composer,2023-05-04 01:53:38,2023-05-04 01:53:38
122,129,Producer,2023-05-04 01:53:38,2023-05-04 01:53:38
123,155,Supporting Actor,2023-05-01 17:25:57,2023-05-01 17:25:57
123,32,Composer,2023-05-01 17:25:57,2023-05-01 17:25:57
123,22,Director,2023-05-01 17:25:57,2023-05-01 17:25:57
123,46,Lead Actor,2023-05-01 17:25:57,2023-05-01 17:25:57
124,83,Writer,2025-10-01 23:16:51,2025-10-01 23:16:51
124,11,Supporting Actor,2025-10-01 23:16:51,2025-10-01 23:16:51
125,65,Supporting Actor,2023-05-03 13:29:20,2023-05-03 13:29:20
125,39,Author,2023-05-03 13:29:20,2023-05-03 13:29:20
125,13,Composer,2023-05-03 13:29:20,2023-05-03 13:29:20
125,227,Producer,2023-05-03 13:29:20,2023-05-03 13:29:20
126,127,Author,2023-05-02 15:42:21,2023-05-02 15:42:21
126,232,Author,2023-05-02 15:42:21,2023-05-02 15:42:21
127,128,Supporting Actor,2025-08-25 18:15:01,2025-08-25 18:15:01
127,215,Writer,2025-08-25 18:15:01,2025-08-25 18:15:01
127,223,Supporting Actor,2025-08-25 18:15:01,2025-08-25 18:15:01
127,152,Writer,2025-08-25 18:15:01,2025-08-25 18:15:01
128,72,Performer,2023-05-02 00:56:15,2023-05-02 00:56:15
128,8,Supporting Actor,2023-05-02 00:56:15,2023-05-02 00:56:15
129,3,Author,2023-05-02 01:04:07,2023-05-02 01:04:07
130,106,Composer,2023-05-03 23:24:36,2023-05-03 23:24:36
130,55,Producer,2023-05-03 23:24:36,2023-05-03 23:24:36
131,33,Director,2023-05-02 14:51:46,2023-05-02 14:51:46
131,129,Composer,2023-05-02 14:51:46,2023-05-02 14:51:46
132,94,Director,2023-05-02 12:09:09,2023-05-02 12:09:09
132,130,Composer,2023-05-02 12:09:09,2023-05-02 12:09:09
132,248,Supporting Actor,2023-05-02 12:09:09,2023-05-02 12:09:09
132,167,Composer,2023-05-02 12:09:09,2023-05-02 12:09:09
133,109,Author,2023-05-02 03:29:06,2023-05-02 03:29:06
133,36,Director,2023-05-02 03:29:06,2023-05-02 03:29:06
133,10,Producer,2023-05-02 03:29:06,2023-05-02 03:29:06
133,60,Producer,2023-05-02 03:29:06,2023-05-02 03:29:06
134,229,Lead Actor,2023-05-01 15:12:49,2023-05-01 15:12:49
134,246,Composer,2023-05-01 15:12:49,2023-05-01 15:12:49
134,153,Lead Actor,2023-05-01 15:12:49,2023-05-01 15:12:49
135,7,Performer,2023-05-01 08:16:24,2023-05-01 08:16:24
135,49,Director,2023-05-01 08:16:24,2023-05-01 08:16:24
135,23,Writer,2023-05-01 08:16:24,2023-05-01 08:16:24
135,209,Composer,2023-05-01 08:16:24,2023-05-01 08:16:24
136,17,Performer,2023-05-02 22:44:25,2023-05-02 22:44:25
137,120,Director,2023-05-03 16:12:04,2023-05-03 16:12:04
137,237,Performer,2023-05-03 16:12:04,2023-05-03 16:12:04
138,233,Composer,2023-05-03 13:24:20,2023-05-03 13:24:20
139,169,Director,2023-05-03 09:21:14,2023-05-03 09:21:14
139,37,Supporting Actor,2023-05-03 09:21:14,2023-05-03 09:21:14
139,41,Performer,2023-05-03 09:21:14,2023-05-03 09:21:14
140,16,Producer,2023-05-02 19:05:25,2023-05-02 19:05:25
140,248,Producer,2023-05-02 19:05:25,2023-05-02 19:05:25
140,62,Author,2023-05-02 19:05:25,2023-05-02 19:05:25
140,50,Lead Actor,2023-05-02 19:05:25,2023-05-02 19:05:25
141,198,Producer,2023-05-02 14:45:52,2023-05-02 14:45:52
141,122,Composer,2023-05-02 14:45:52,2023-05-02 14:45:52
141,92,Composer,2023-05-02 14:45:52,2023-05-02 14:45:52
142,39,Lead Actor,2023-11-26 18:44:53,2023-11-26 18:44:53
142,163,Director,2023-11-26 18:44:53,2023-11-26 18:44:53
142,129,Lead Actor,2023-11-26 18:44:53,2023-11-26 18:44:53
143,22,Supporting Actor,2023-05-03 00:54:11,2023-05-03 00:54:11
143,111,Director,2023-05-03 00:54:11,2023-05-03 00:54:11
144,183,Performer,2023-05-04 17:34:30,2023-05-04 17:34:30
144,109,Director,2023-05-04 17:34:30,2023-05-04 17:34:30
144,231,Director,2023-05-04 17:34:30,2023-05-04 17:34:30
145,235,Producer,2023-05-01 12:49:41,2023-05-01 12:49:41
145,75,Author,2023-05-01 12:49:41,2023-05-01 12:49:41
145,214,Director,2023-05-01 12:49:41,2023-05-01 12:49:41
146,154,Composer,2023-05-02 14:41:48,2023-05-02 14:41:48
147,32,Lead Actor,2023-05-01 20:29:39,2023-05-01 20:29:39
147,164,Producer,2023-05-01 20:29:39,2023-05-01 20:29:39
148,131,Producer,2023-05-01 21:44:28,2023-05-01 21:44:28
148,64,Writer,2023-05-01 21:44:28,2023-05-01 21:44:28
149,114,Lead Actor,2023-05-01 20:24:06,2023-05-01 20:24:06
150,9,Writer,2023-05-04 21:44:32,2023-05-04 21:44:32
150,188,Performer,2023-05-04 21:44:32,2023-05-04 21:44:32
150,203,Supporting Actor,2023-05-04 21:44:32,2023-05-04 21:44:32
150,85,Performer,2023-05-04 21:44:32,2023-05-04 21:44:32
151,159,Supporting Actor,2023-05-02 04:46:24,2023-05-02 04:46:24
151,195,Producer,2023-05-02 04:46:24,2023-05-02 04:46:24
151,1,Supporting Actor,2023-05-02 04:46:24,2023-05-02 04:46:24
152,25,Performer,2023-05-04 01:47:52,2023-05-04 01:47:52
152,37,Performer,2023-05-04 01:47:52,2023-05-04 01:47:52
152,168,Supporting Actor,2023-05-04 01:47:52,2023-05-04 01:47:52
152,208,Performer,2023-05-04 01:47:52,2023-05-04 01:47:52
153,244,Director,2023-05-03 05:54:59,2023-05-03 05:54:59
153,179,Producer,2023-05-03 05:54:59,2023-05-03 05:54:59
153,165,Author,2023-05-03 05:54:59,2023-05-03 05:54:59
154,14,Writer,2023-05-01 14:31:42,2023-05-01 14:31:42
154,5,Performer,2023-05-01 14:31:42,2023-05-01 14:31:42
155,86,Composer,2023-07-19 04:53:57,2023-07-19 04:53:57
155,215,Producer,2023-07-19 04:53:57,2023-07-19 04:53:57
155,37,Writer,2023-07-19 04:53:57,2023-07-19 04:53:57
156,130,Composer,2023-05-04 10:08:23,2023-05-04 10:08:23
156,27,Composer,2023-05-04 10:08:23,2023-05-04 10:08:23
157,247,Performer,2023-05-01 16:38:04,2023-05-01 16:38:04
157,133,Writer,2023-05-01 16:38:04,2023-05-01 16:38:04
158,124,Composer,2023-05-01 02:05:31,2023-05-01 02:05:31
158,160,Supporting Actor,2023-05-01 02:05:31,2023-05-01 02:05:31
158,115,Author,2023-05-01 02:05:31,2023-05-01 02:05:31
158,166,Author,2023-05-01 02:05:31,2023-05-01 02:05:31
159,196,Director,2023-05-03 19:03:29,2023-05-03 19:03:29
160,205,Director,2023-05-03 01:24:14,2023-05-03 01:24:14
160,178,Author,2023-05-03 01:24:14,2023-05-03 01:24:14
160,110,Lead Actor,2023-05-03 01:24:14,2023-05-03 01:24:14
160,130,Composer,2023-05-03 01:24:14,2023-05-03 01:24:14
161,171,Supporting Actor,2023-05-03 10:48:57,2023-05-03 10:48:57
162,7,Composer,2023-05-03 14:41:40,2023-05-03 14:41:40
162,151,Director,2023-05-03 14:41:40,2023-05-03 14:41:40
162,73,Producer,2023-05-03 14:41:40,2023-05-03 14:41:40
162,190,Lead Actor,2023-05-03 14:41:40,2023-05-03 14:41:40
163,101,Performer,2023-05-02 17:55:21,2023-05-02 17:55:21
163,119,Lead Actor,2023-05-02 17:55:21,2023-05-02 17:55:21
163,194,Performer,2023-05-02 17:55:21,2023-05-02 17:55:21
164,118,Writer,2023-05-04 11:57:28,2023-05-04 11:57:28
164,21,Performer,2023-05-04 11:57:28,2023-05-04 11:57:28
164,74,Producer,2023-05-04 11:57:28,2023-05-04 11:57:28
165,100,Writer,2023-05-01 22:39:05,2023-05-01 22:39:05
165,82,Supporting Actor,2023-05-01 22:39:05,2023-05-01 22:39:05
165,250,Performer,2023-05-01 22:39:05,2023-05-01 22:39:05
166,202,Writer,2023-05-03 15:42:52,2023-05-03 15:42:52
166,136,Composer,2023-05-03 15:42:52,2023-05-03 15:42:52
167,242,Composer,2023-05-04 13:23:01,2023-05-04 13:23:01
167,218,Composer,2023-05-04 13:23:01,2023-05-04 13:23:01
167,128,Writer,2023-05-04 13:23:01,2023-05-04 13:23:01
167,111,Writer,2023-05-04 13:23:01,2023-05-04 13:23:01
168,61,Producer,2023-05-01 09:10:10,2023-05-01 09:10:10
168,91,Supporting Actor,2023-05-01 09:10:10,2023-05-01 09:10:10
169,139,Director,2023-05-02 10:31:34,2023-05-02 10:31:34
170,102,Supporting Actor,2023-06-16 06:33:15,2023-06-16 06:33:15
170,237,Director,2023-06-16 06:33:15,2023-06-16 06:33:15
171,242,Producer,2023-05-04 09:43:43,2023-05-04 09:43:43
171,17,Performer,2023-05-04 09:43:43,2023-05-04 09:43:43
171,180,Lead Actor,2023-05-04 09:43:43,2023-05-04 09:43:43
171,33,Producer,2023-05-04 09:43:43,2023-05-04 09:43:43
172,17,Director,2023-05-01 12:20:57,2023-05-01 12:20:57
172,232,Author,2023-05-01 12:20:57,2023-05-01 12:20:57
172,77,Writer,2023-05-01 12:20:57,2023-05-01 12:20:57
172,52,Author,2023-05-01 12:20:57,2023-05-01 12:20:57
173,122,Lead Actor,2023-05-02 07:20:43,2023-05-02 07:20:43
173,67,Writer,2023-05-02 07:20:43,2023-05-02 07:20:43
174,29,Composer,2023-05-03 02:44:42,2023-05-03 02:44:42
174,26,Supporting Actor,2023-05-03 02:44:42,2023-05-03 02:44:42
174,9,Writer,2023-05-03 02:44:42,2023-05-03 02:44:42
174,127,Producer,2023-05-03 02:44:42,2023-05-03 02:44:42
175,35,Performer,2023-05-02 06:10:57,2023-05-02 06:10:57
175,207,Lead Actor,2023-05-02 06:10:57,2023-05-02 06:10:57
176,119,Composer,2023-05-04 12:02:00,2023-05-04 12:02:00
176,164,Composer,2023-05-04 12:02:00,2023-05-04 12:02:00
176,53,Performer,2023-05-04 12:02:00,2023-05-04 12:02:00
176,54,Author,2023-05-04 12:02:00,2023-05-04 12:02:00
177,237,Lead Actor,2023-05-03 04:34:33,2023-05-03 04:34:33
177,71,Composer,2023-05-03 04:34:33,2023-05-03 04:34:33
177,226,Composer,2023-05-03 04:34:33,2023-05-03 04:34:33
177,55,Performer,2023-05-03 04:34:33,2023-05-03 04:34:33
178,77,Director,2023-05-02 10:05:31,2023-05-02 10:05:31
178,26,Composer,2023-05-02 10:05:31,2023-05-02 10:05:31
179,245,Director,2023-05-01 04:06:00,2023-05-01 04:06:00
180,140,Producer,2023-05-04 09:50:58,2023-05-04 09:50:58
180,156,Writer,2023-05-04 09:50:58,2023-05-04 09:50:58
181,91,Director,2023-05-03 15:34:53,2023-05-03 15:34:53
182,218,Supporting Actor,2023-05-01 17:17:30,2023-05-01 17:17:30
182,3,Writer,2023-05-01 17:17:30,2023-05-01 17:17:30
182,154,Composer,2023-05-01 17:17:30,2023-05-01 17:17:30
183,212,Supporting Actor,2023-05-01 22:18:07,2023-05-01 22:18:07
183,71,Producer,2023-05-01 22:18:07,2023-05-01 22:18:07
184,237,Lead Actor,2023-05-02 05:45:00,2023-05-02 05:45:00
185,248,Performer,2023-05-01 05:59:52,2023-05-01 05:59:52
186,77,Lead Actor,2023-05-04 13:38:33,2023-05-04 13:38:33
187,197,Composer,2023-05-04 13:09:06,2023-05-04 13:09:06
187,145,Supporting Actor,2023-05-04 13:09:06,2023-05-04 13:09:06
187,34,Composer,2023-05-04 13:09:06,2023-05-04 13:09:06
188,150,Writer,2023-05-01 23:01:44,2023-05-01 23:01:44
188,164,Author,2023-05-01 23:01:44,2023-05-01 23:01:44
188,212,Director,2023-05-01 23:01:44,2023-05-01 23:01:44
189,201,Writer,2023-05-03 07:08:39,2023-05-03 07:08:39
189,179,Supporting Actor,2023-05-03 07:08:39,2023-05-03 07:08:39
190,58,Author,2024-04-21 16:15:41,2024-04-21 16:15:41
191,96,Producer,2023-05-01 23:56:27,2023-05-01 23:56:27
191,181,Lead Actor,2023-05-01 23:56:27,2023-05-01 23:56:27
192,215,Supporting Actor,2023-05-04 07:52:06,2023-05-04 07:52:06
193,94,Lead Actor,2023-05-03 08:00:35,2023-05-03 08:00:35
194,61,Performer,2023-05-01 18:07:14,2023-05-01 18:07:14
194,138,Director,2023-05-01 18:07:14,2023-05-01 18:07:14
195,149,Author,2023-05-02 02:09:18,2023-05-02 02:09:18
195,165,Lead Actor,2023-05-02 02:09:18,2023-05-02 02:09:18
196,45,Lead Actor,2023-05-03 20:10:29,2023-05-03 20:10:29
196,46,Director,2023-05-03 20:10:29,2023-05-03 20:10:29
196,180,Supporting Actor,2023-05-03 20:10:29,2023-05-03 20:10:29
197,51,Performer,2023-05-01 14:04:46,2023-05-01 14:04:46
197,223,Author,2023-05-01 14:04:46,2023-05-01 14:04:46
197,183,Composer,2023-05-01 14:04:46,2023-05-01 14:04:46
197,57,Writer,2023-05-01 14:04:46,2023-05-01 14:04:46
198,28,Author,2023-05-03 16:25:18,2023-05-03 16:25:18
198,210,Writer,2023-05-03 16:25:18,2023-05-03 16:25:18
198,179,Author,2023-05-03 16:25:18,2023-05-03 16:25:18
198,243,Lead Actor,2023-05-03 16:25:18,2023-05-03 16:25:18
199,3,Author,2023-05-01 02:54:20,2023-05-01 02:54:20
199,212,Producer,2023-05-01 02:54:20,2023-05-01 02:54:20
200,102,Writer,2023-05-04 03:07:58,2023-05-04 03:07:58
201,122,Composer,2023-05-02 21:13:44,2023-05-02 21:13:44
202,200,Supporting Actor,2025-11-11 18:22:04,2025-11-11 18:22:04
202,171,Lead Actor,2025-11-11 18:22:04,2025-11-11 18:22:04
203,32,Composer,2023-05-01 20:18:03,2023-05-01 20:18:03
203,163,Lead Actor,2023-05-01 20:18:03,2023-05-01 20:18:03
203,213,Director,2023-05-01 20:18:03,2023-05-01 20:18:03
203,103,Composer,2023-05-01 20:18:03,2023-05-01 20:18:03
204,61,Producer,2023-05-04 03:43:56,2023-05-04 03:43:56
204,234,Lead Actor,2023-05-04 03:43:56,2023-05-04 03:43:56
205,29,Composer,2023-05-01 01:45:38,2023-05-01 01:45:38
206,141,Performer,2023-05-03 17:12:59,2023-05-03 17:12:59
207,150,Producer,2023-05-04 10:16:04,2023-05-04 10:16:04
207,28,Lead Actor,2023-05-04 10:16:04,2023-05-04 10:16:04
207,111,Composer,2023-05-04 10:16:04,2023-05-04 10:16:04
208,145,Composer,2023-05-02 16:00:17,2023-05-02 16:00:17
208,60,Supporting Actor,2023-05-02 16:00:17,2023-05-02 16:00:17
209,11,Lead Actor,2023-05-04 08:39:35,2023-05-04 08:39:35
209,32,Lead Actor,2023-05-04 08:39:35,2023-05-04 08:39:35
210,127,Lead Actor,2023-05-01 07:28:46,2023-05-01 07:28:46
210,22,Director,2023-05-01 07:28:46,2023-05-01 07:28:46
211,69,Writer,2023-05-04 19:39:40,2023-05-04 19:39:40
211,174,Composer,2023-05-04 19:39:40,2023-05-04 19:39:40
211,20,Director,2023-05-04 19:39:40,2023-05-04 19:39:40
212,41,Producer,2023-05-02 14:35:31,2023-05-02 14:35:31
212,113,Supporting Actor,2023-05-02 14:35:31,2023-05-02 14:35:31
213,52,Performer,2023-05-04 10:56:26,2023-05-04 10:56:26
214,64,Lead Actor,2023-05-03 01:02:32,2023-05-03 01:02:32
214,204,Supporting Actor,2023-05-03 01:02:32,2023-05-03 01:02:32
215,167,Performer,2023-05-04 02:42:50,2023-05-04 02:42:50
215,43,Producer,2023-05-04 02:42:50,2023-05-04 02:42:50
215,45,Performer,2023-05-04 02:42:50,2023-05-04 02:42:50
216,184,Author,2023-05-01 02:32:10,2023-05-01 02:32:10
216,162,Producer,2023-05-01 02:32:10,2023-05-01 02:32:10
217,33,Performer,2023-05-03 09:21:04,2023-05-03 09:21:04
217,45,Author,2023-05-03 09:21:04,2023-05-03 09:21:04
218,59,Lead Actor,2023-05-03 09:11:58,2023-05-03 09:11:58
218,202,Supporting Actor,2023-05-03 09:11:58,2023-05-03 09:11:58
218,184,Writer,2023-05-03 09:11:58,2023-05-03 09:11:58
219,126,Director,2023-05-01 13:59:16,2023-05-01 13:59:16
219,176,Director,2023-05-01 13:59:16,2023-05-01 13:59:16
219,94,Performer,2023-05-01 13:59:16,2023-05-01 13:59:16
219,19,Writer,2023-05-01 13:59:16,2023-05-01 13:59:16
220,221,Composer,2023-05-04 15:10:25,2023-05-04 15:10:25
221,44,Director,2023-05-04 02:57:29,2023-05-04 02:57:29
222,124,Producer,2025-11-11 22:10:40,2025-11-11 22:10:40
222,43,Writer,2025-11-11 22:10:40,2025-11-11 22:10:40
223,55,Lead Actor,2023-05-01 17:33:28,2023-05-01 17:33:28
223,76,Writer,2023-05-01 17:33:28,2023-05-01 17:33:28
223,98,Producer,2023-05-01 17:33:28,2023-05-01 17:33:28
223,181,Producer,2023-05-01 17:33:28,2023-05-01 17:33:28
224,123,Lead Actor,2023-05-04 15:01:16,2023-05-04 15:01:16
225,189,Director,2023-05-02 12:15:45,2023-05-02 12:15:45
225,224,Author,2023-05-02 12:15:45,2023-05-02 12:15:45
225,67,Author,2023-05-02 12:15:45,2023-05-02 12:15:45
226,121,Writer,2023-05-01 18:02:54,2023-05-01 18:02:54
226,151,Supporting Actor,2023-05-01 18:02:54,2023-05-01 18:02:54
226,110,Performer,2023-05-01 18:02:54,2023-05-01 18:02:54
226,222,Producer,2023-05-01 18:02:54,2023-05-01 18:02:54
227,154,Producer,2023-05-04 11:44:55,2023-05-04 11:44:55
227,211,Author,2023-05-04 11:44:55,2023-05-04 11:44:55
227,119,Author,2023-05-04 11:44:55,2023-05-04 11:44:55
228,108,Supporting Actor,2023-05-02 16:10:06,2023-05-02 16:10:06
229,66,Director,2023-05-04 10:18:16,2023-05-04 10:18:16
229,93,Supporting Actor,2023-05-04 10:18:16,2023-05-04 10:18:16
229,24,Composer,2023-05-04 10:18:16,2023-05-04 10:18:16
230,13,Composer,2023-05-02 19:55:42,2023-05-02 19:55:42
230,150,Author,2023-05-02 19:55:42,2023-05-02 19:55:42
230,164,Performer,2023-05-02 19:55:42,2023-05-02 19:55:42
230,18,Producer,2023-05-02 19:55:42,2023-05-02 19:55:42
231,239,Performer,2023-05-02 23:58:01,2023-05-02 23:58:01
232,138,Performer,2023-05-03 06:23:09,2023-05-03 06:23:09
232,125,Author,2023-05-03 06:23:09,2023-05-03 06:23:09
232,21,Composer,2023-05-03 06:23:09,2023-05-03 06:23:09
233,77,Performer,2023-05-02 11:34:07,2023-05-02 11:34:07
233,95,Producer,2023-05-02 11:34:07,2023-05-02 11:34:07
233,5,Writer,2023-05-02 11:34:07,2023-05-02 11:34:07
233,85,Producer,2023-05-02 11:34:07,2023-05-02 11:34:07
234,20,Composer,2023-05-01 15:31:37,2023-05-01 15:31:37
234,197,Author,2023-05-01 15:31:37,2023-05-01 15:31:37
234,127,Director,2023-05-01 15:31:37,2023-05-01 15:31:37
234,189,Performer,2023-05-01 15:31:37,2023-05-01 15:31:37
235,65,Author,2023-05-01 11:22:31,2023-05-01 11:22:31
236,143,Performer,2023-05-04 11:49:49,2023-05-04 11:49:49
236,125,Author,2023-05-04 11:49:49,2023-05-04 11:49:49
236,46,Director,2023-05-04 11:49:49,2023-05-04 11:49:49
237,115,Composer,2023-05-01 14:13:20,2023-05-01 14:13:20
237,204,Lead Actor,2023-05-01 14:13:20,2023-05-01 14:13:20
238,138,Lead Actor,2023-05-03 18:56:10,2023-05-03 18:56:10
238,117,Author,2023-05-03 18:56:10,2023-05-03 18:56:10
239,155,Performer,2023-05-03 17:58:22,2023-05-03 17:58:22
239,222,Lead Actor,2023-05-03 17:58:22,2023-05-03 17:58:22
239,110,Writer,2023-05-03 17:58:22,2023-05-03 17:58:22
240,141,Author,2023-05-01 08:54:30,2023-05-01 08:54:30
240,66,Supporting Actor,2023-05-01 08:54:30,2023-05-01 08:54:30
240,52,Supporting Actor,2023-05-01 08:54:30,2023-05-01 08:54:30
240,86,Lead Actor,2023-05-01 08:54:30,2023-05-01 08:54:30
241,99,Producer,2024-02-28 22:09:13,2024-02-28 22:09:13
242,107,Supporting Actor,2023-05-04 20:35:25,2023-05-04 20:35:25
242,74,Author,2023-05-04 20:35:25,2023-05-04 20:35:25
242,3,Author,2023-05-04 20:35:25,2023-05-04 20:35:25
243,73,Lead Actor,2023-05-02 00:40:37,2023-05-02 00:40:37
243,74,Performer,2023-05-02 00:40:37,2023-05-02 00:40:37
244,125,Lead Actor,2023-05-02 18:12:27,2023-05-02 18:12:27
244,159,Lead Actor,2023-05-02 18:12:27,2023-05-02 18:12:27
244,120,Composer,2023-05-02 18:12:27,2023-05-02 18:12:27
245,196,Writer,2023-05-04 22:40:32,2023-05-04 22:40:32
245,72,Lead Actor,2023-05-04 22:40:32,2023-05-04 22:40:32
245,106,Lead Actor,2023-05-04 22:40:32,2023-05-04 22:40:32
246,83,Director,2023-05-02 15:10:13,2023-05-02 15:10:13
246,117,Author,2023-05-02 15:10:13,2023-05-02 15:10:13
247,14,Supporting Actor,2024-09-30 13:45:29,2024-09-30 13:45:29
247,198,Writer,2024-09-30 13:45:29,2024-09-30 13:45:29
247,49,Writer,2024-09-30 13:45:29,2024-09-30 13:45:29
247,1,Performer,2024-09-30 13:45:29,2024-09-30 13:45:29
248,167,Supporting Actor,2023-05-03 14:58:08,2023-05-03 14:58:08
248,165,Author,2023-05-03 14:58:08,2023-05-03 14:58:08
249,204,Lead Actor,2023-05-03 11:32:07,2023-05-03 11:32:07
249,211,Supporting Actor,2023-05-03 11:32:07,2023-05-03 11:32:07
250,143,Director,2023-05-03 17:12:40,2023-05-03 17:12:40
251,227,Director,2023-05-02 01:29:57,2023-05-02 01:29:57
251,15,Lead Actor,2023-05-02 01:29:57,2023-05-02 01:29:57
251,209,Lead Actor,2023-05-02 01:29:57,2023-05-02 01:29:57
252,5,Writer,2023-05-01 05:48:17,2023-05-01 05:48:17
252,87,Writer,2023-05-01 05:48:17,2023-05-01 05:48:17
252,184,Producer,2023-05-01 05:48:17,2023-05-01 05:48:17
253,77,Writer,2023-05-04 05:38:53,2023-05-04 05:38:53
253,182,Author,2023-05-04 05:38:53,2023-05-04 05:38:53
253,230,Writer,2023-05-04 05:38:53,2023-05-04 05:38:53
254,111,Performer,2023-05-04 01:25:20,2023-05-04 01:25:20
255,219,Director,2023-05-03 20:54:06,2023-05-03 20:54:06
255,235,Lead Actor,2023-05-03 20:54:06,2023-05-03 20:54:06
255,146,Producer,2023-05-03 20:54:06,2023-05-03 20:54:06
256,209,Composer,2023-05-03 21:43:45,2023-05-03 21:43:45
256,69,Supporting Actor,2023-05-03 21:43:45,2023-05-03 21:43:45
256,62,Supporting Actor,2023-05-03 21:43:45,2023-05-03 21:43:45
257,68,Supporting Actor,2023-05-02 19:08:28,2023-05-02 19:08:28
257,48,Composer,2023-05-02 19:08:28,2023-05-02 19:08:28
257,29,Supporting Actor,2023-05-02 19:08:28,2023-05-02 19:08:28
258,78,Supporting Actor,2023-05-01 02:17:23,2023-05-01 02:17:23
258,228,Writer,2023-05-01 02:17:23,2023-05-01 02:17:23
258,8,Lead Actor,2023-05-01 02:17:23,2023-05-01 02:17:23
258,13,Producer,2023-05-01 02:17:23,2023-05-01 02:17:23
259,138,Lead Actor,2023-05-01 11:25:58,2023-05-01 11:25:58
259,74,Writer,2023-05-01 11:25:58,2023-05-01 11:25:58
260,153,Composer,2023-05-02 05:34:16,2023-05-02 05:34:16
260,93,Author,2023-05-02 05:34:16,2023-05-02 05:34:16
261,140,Performer,2023-05-02 15:37:03,2023-05-02 15:37:03
262,52,Supporting Actor,2023-05-03 18:49:06,2023-05-03 18:49:06
262,93,Performer,2023-05-03 18:49:06,2023-05-03 18:49:06
262,114,Director,2023-05-03 18:49:06,2023-05-03 18:49:06
262,18,Author,2023-05-03 18:49:06,2023-05-03 18:49:06
263,1,Producer,2023-05-03 19:37:45,2023-05-03 19:37:45
263,68,Lead Actor,2023-05-03 19:37:45,2023-05-03 19:37:45
264,37,Lead Actor,2026-03-25 03:58:47,2026-03-25 03:58:47
265,82,Lead Actor,2023-05-01 16:44:44,2023-05-01 16:44:44
265,193,Producer,2023-05-01 16:44:44,2023-05-01 16:44:44
266,127,Director,2023-05-01 14:43:44,2023-05-01 14:43:44
266,97,Supporting Actor,2023-05-01 14:43:44,2023-05-01 14:43:44
267,121,Composer,2023-05-01 10:29:31,2023-05-01 10:29:31
267,154,Author,2023-05-01 10:29:31,2023-05-01 10:29:31
267,161,Producer,2023-05-01 10:29:31,2023-05-01 10:29:31
268,82,Performer,2023-05-04 00:48:34,2023-05-04 00:48:34
268,208,Lead Actor,2023-05-04 00:48:34,2023-05-04 00:48:34
269,194,Lead Actor,2023-05-03 17:05:17,2023-05-03 17:05:17
269,200,Writer,2023-05-03 17:05:17,2023-05-03 17:05:17
269,49,Lead Actor,2023-05-03 17:05:17,2023-05-03 17:05:17
270,80,Producer,2023-05-03 23:47:06,2023-05-03 23:47:06
271,57,Lead Actor,2023-05-02 00:03:33,2023-05-02 00:03:33
271,79,Author,2023-05-02 00:03:33,2023-05-02 00:03:33
271,197,Director,2023-05-02 00:03:33,2023-05-02 00:03:33
271,12,Director,2023-05-02 00:03:33,2023-05-02 00:03:33
272,126,Producer,2023-05-04 01:08:16,2023-05-04 01:08:16
272,219,Composer,2023-05-04 01:08:16,2023-05-04 01:08:16
272,228,Performer,2023-05-04 01:08:16,2023-05-04 01:08:16
272,19,Producer,2023-05-04 01:08:16,2023-05-04 01:08:16
273,28,Writer,2023-05-04 11:16:18,2023-05-04 11:16:18
274,79,Producer,2023-05-01 03:31:38,2023-05-01 03:31:38
274,153,Composer,2023-05-01 03:31:38,2023-05-01 03:31:38
274,138,Producer,2023-05-01 03:31:38,2023-05-01 03:31:38
274,70,Performer,2023-05-01 03:31:38,2023-05-01 03:31:38
275,164,Performer,2023-05-03 05:11:20,2023-05-03 05:11:20
275,172,Director,2023-05-03 05:11:20,2023-05-03 05:11:20
276,37,Supporting Actor,2023-05-03 01:53:20,2023-05-03 01:53:20
276,68,Supporting Actor,2023-05-03 01:53:20,2023-05-03 01:53:20
276,212,Performer,2023-05-03 01:53:20,2023-05-03 01:53:20
277,162,Producer,2024-10-03 12:55:27,2024-10-03 12:55:27
277,24,Performer,2024-10-03 12:55:27,2024-10-03 12:55:27
277,236,Performer,2024-10-03 12:55:27,2024-10-03 12:55:27
277,5,Composer,2024-10-03 12:55:27,2024-10-03 12:55:27
278,140,Supporting Actor,2023-05-02 04:52:06,2023-05-02 04:52:06
278,181,Producer,2023-05-02 04:52:06,2023-05-02 04:52:06
279,88,Director,2023-05-02 23:46:07,2023-05-02 23:46:07
279,173,Performer,2023-05-02 23:46:07,2023-05-02 23:46:07
279,103,Writer,2023-05-02 23:46:07,2023-05-02 23:46:07
279,213,Writer,2023-05-02 23:46:07,2023-05-02 23:46:07
280,72,Performer,2023-05-02 09:19:29,2023-05-02 09:19:29
280,215,Writer,2023-05-02 09:19:29,2023-05-02 09:19:29
281,191,Producer,2023-05-01 01:53:44,2023-05-01 01:53:44
281,81,Author,2023-05-01 01:53:44,2023-05-01 01:53:44
281,184,Producer,2023-05-01 01:53:44,2023-05-01 01:53:44
282,54,Lead Actor,2023-05-03 06:05:07,2023-05-03 06:05:07
282,193,Producer,2023-05-03 06:05:07,2023-05-03 06:05:07
283,250,Author,2023-05-02 06:29:51,2023-05-02 06:29:51
283,182,Writer,2023-05-02 06:29:51,2023-05-02 06:29:51
283,18,Writer,2023-05-02 06:29:51,2023-05-02 06:29:51
283,130,Composer,2023-05-02 06:29:51,2023-05-02 06:29:51
284,42,Author,2024-02-23 07:04:44,2024-02-23 07:04:44
285,149,Supporting Actor,2023-05-04 10:08:03,2023-05-04 10:08:03
285,179,Writer,2023-05-04 10:08:03,2023-05-04 10:08:03
285,88,Writer,2023-05-04 10:08:03,2023-05-04 10:08:03
285,192,Director,2023-05-04 10:08:03,2023-05-04 10:08:03
286,66,Author,2023-05-04 10:33:30,2023-05-04 10:33:30
286,59,Supporting Actor,2023-05-04 10:33:30,2023-05-04 10:33:30
287,28,Director,2023-05-04 23:12:16,2023-05-04 23:12:16
287,182,Producer,2023-05-04 23:12:16,2023-05-04 23:12:16
287,189,Lead Actor,2023-05-04 23:12:16,2023-05-04 23:12:16
288,88,Supporting Actor,2023-05-01 23:33:25,2023-05-01 23:33:25
288,187,Lead Actor,2023-05-01 23:33:25,2023-05-01 23:33:25
288,56,Director,2023-05-01 23:33:25,2023-05-01 23:33:25
289,162,Director,2023-05-04 01:10:45,2023-05-04 01:10:45
290,139,Composer,2023-05-03 15:56:51,2023-05-03 15:56:51
290,22,Author,2023-05-03 15:56:51,2023-05-03 15:56:51
291,182,Composer,2024-06-17 00:07:04,2024-06-17 00:07:04
291,222,Performer,2024-06-17 00:07:04,2024-06-17 00:07:04
292,207,Author,2023-05-03 11:51:30,2023-05-03 11:51:30
293,100,Author,2023-05-04 18:38:03,2023-05-04 18:38:03
293,1,Performer,2023-05-04 18:38:03,2023-05-04 18:38:03
293,212,Author,2023-05-04 18:38:03,2023-05-04 18:38:03
293,82,Writer,2023-05-04 18:38:03,2023-05-04 18:38:03
294,113,Supporting Actor,2023-05-01 06:25:58,2023-05-01 06:25:58
294,34,Supporting Actor,2023-05-01 06:25:58,2023-05-01 06:25:58
295,102,Lead Actor,2024-06-27 10:56:03,2024-06-27 10:56:03
295,52,Writer,2024-06-27 10:56:03,2024-06-27 10:56:03
295,77,Supporting Actor,2024-06-27 10:56:03,2024-06-27 10:56:03
296,3,Director,2023-05-01 23:22:07,2023-05-01 23:22:07
296,96,Director,2023-05-01 23:22:07,2023-05-01 23:22:07
296,4,Writer,2023-05-01 23:22:07,2023-05-01 23:22:07
296,230,Performer,2023-05-01 23:22:07,2023-05-01 23:22:07
297,191,Supporting Actor,2023-05-02 14:38:19,2023-05-02 14:38:19
297,243,Lead Actor,2023-05-02 14:38:19,2023-05-02 14:38:19
298,75,Author,2023-05-01 03:54:33,2023-05-01 03:54:33
298,19,Author,2023-05-01 03:54:33,2023-05-01 03:54:33
299,42,Lead Actor,2023-05-02 09:04:57,2023-05-02 09:04:57
299,60,Author,2023-05-02 09:04:57,2023-05-02 09:04:57
299,204,Lead Actor,2023-05-02 09:04:57,2023-05-02 09:04:57
300,221,Composer,2024-06-18 11:56:59,2024-06-18 11:56:59
300,225,Performer,2024-06-18 11:56:59,2024-06-18 11:56:59
300,229,Supporting Actor,2024-06-18 11:56:59,2024-06-18 11:56:59
300,114,Writer,2024-06-18 11:56:59,2024-06-18 11:56:59
301,249,Composer,2023-05-02 09:26:52,2023-05-02 09:26:52
301,83,Performer,2023-05-02 09:26:52,2023-05-02 09:26:52
301,61,Director,2023-05-02 09:26:52,2023-05-02 09:26:52
302,209,Composer,2023-05-01 23:24:06,2023-05-01 23:24:06
302,20,Director,2023-05-01 23:24:06,2023-05-01 23:24:06
302,187,Producer,2023-05-01 23:24:06,2023-05-01 23:24:06
303,137,Composer,2023-05-02 09:40:17,2023-05-02 09:40:17
303,100,Supporting Actor,2023-05-02 09:40:17,2023-05-02 09:40:17
304,162,Director,2023-05-03 07:20:12,2023-05-03 07:20:12
304,119,Writer,2023-05-03 07:20:12,2023-05-03 07:20:12
304,88,Producer,2023-05-03 07:20:12,2023-05-03 07:20:12
305,28,Lead Actor,2023-05-04 06:48:40,2023-05-04 06:48:40
305,32,Composer,2023-05-04 06:48:40,2023-05-04 06:48:40
305,134,Supporting Actor,2023-05-04 06:48:40,2023-05-04 06:48:40
306,140,Composer,2023-06-21 17:31:27,2023-06-21 17:31:27
306,134,Supporting Actor,2023-06-21 17:31:27,2023-06-21 17:31:27
306,193,Supporting Actor,2023-06-21 17:31:27,2023-06-21 17:31:27
307,153,Writer,2023-05-03 08:03:49,2023-05-03 08:03:49
308,226,Composer,2023-05-03 22:57:20,2023-05-03 22:57:20
308,97,Producer,2023-05-03 22:57:20,2023-05-03 22:57:20
308,12,Producer,2023-05-03 22:57:20,2023-05-03 22:57:20
309,178,Composer,2023-05-02 10:43:54,2023-05-02 10:43:54
309,100,Supporting Actor,2023-05-02 10:43:54,2023-05-02 10:43:54
309,187,Writer,2023-05-02 10:43:54,2023-05-02 10:43:54
310,149,Writer,2023-05-04 12:48:55,2023-05-04 12:48:55
311,99,Supporting Actor,2023-05-04 04:56:51,2023-05-04 04:56:51
311,2,Lead Actor,2023-05-04 04:56:51,2023-05-04 04:56:51
311,46,Director,2023-05-04 04:56:51,2023-05-04 04:56:51
311,170,Supporting Actor,2023-05-04 04:56:51,2023-05-04 04:56:51
312,39,Producer,2023-05-02 23:28:08,2023-05-02 23:28:08
312,249,Writer,2023-05-02 23:28:08,2023-05-02 23:28:08
313,10,Writer,2023-05-01 22:47:36,2023-05-01 22:47:36
314,72,Composer,2023-05-04 14:15:25,2023-05-04 14:15:25
315,167,Composer,2023-05-04 13:30:45,2023-05-04 13:30:45
316,56,Writer,2023-05-02 13:56:01,2023-05-02 13:56:01
317,194,Writer,2023-05-02 17:03:18,2023-05-02 17:03:18
317,218,Lead Actor,2023-05-02 17:03:18,2023-05-02 17:03:18
317,234,Director,2023-05-02 17:03:18,2023-05-02 17:03:18
317,76,Composer,2023-05-02 17:03:18,2023-05-02 17:03:18
318,173,Writer,2023-05-01 02:11:48,2023-05-01 02:11:48
318,206,Lead Actor,2023-05-01 02:11:48,2023-05-01 02:11:48
318,187,Producer,2023-05-01 02:11:48,2023-05-01 02:11:48
319,161,Supporting Actor,2023-05-01 23:24:09,2023-05-01 23:24:09
319,18,Producer,2023-05-01 23:24:09,2023-05-01 23:24:09
319,231,Director,2023-05-01 23:24:09,2023-05-01 23:24:09
319,86,Performer,2023-05-01 23:24:09,2023-05-01 23:24:09
320,103,Author,2026-05-15 08:20:30,2026-05-15 08:20:30
321,32,Producer,2024-08-23 21:52:57,2024-08-23 21:52:57
322,32,Director,2023-05-01 14:34:21,2023-05-01 14:34:21
322,223,Lead Actor,2023-05-01 14:34:21,2023-05-01 14:34:21
322,207,Writer,2023-05-01 14:34:21,2023-05-01 14:34:21
322,202,Lead Actor,2023-05-01 14:34:21,2023-05-01 14:34:21
323,24,Author,2023-05-03 04:05:51,2023-05-03 04:05:51
324,43,Director,2023-05-03 10:53:34,2023-05-03 10:53:34
324,111,Author,2023-05-03 10:53:34,2023-05-03 10:53:34
324,102,Producer,2023-05-03 10:53:34,2023-05-03 10:53:34
324,204,Supporting Actor,2023-05-03 10:53:34,2023-05-03 10:53:34
325,204,Writer,2023-05-04 07:20:23,2023-05-04 07:20:23
325,166,Producer,2023-05-04 07:20:23,2023-05-04 07:20:23
325,196,Lead Actor,2023-05-04 07:20:23,2023-05-04 07:20:23
325,201,Composer,2023-05-04 07:20:23,2023-05-04 07:20:23
326,114,Performer,2023-05-02 15:43:58,2023-05-02 15:43:58
326,103,Lead Actor,2023-05-02 15:43:58,2023-05-02 15:43:58
326,180,Supporting Actor,2023-05-02 15:43:58,2023-05-02 15:43:58
327,103,Writer,2023-05-01 15:14:57,2023-05-01 15:14:57
327,4,Lead Actor,2023-05-01 15:14:57,2023-05-01 15:14:57
327,27,Writer,2023-05-01 15:14:57,2023-05-01 15:14:57
328,31,Composer,2023-05-03 16:48:43,2023-05-03 16:48:43
328,228,Writer,2023-05-03 16:48:43,2023-05-03 16:48:43
328,19,Writer,2023-05-03 16:48:43,2023-05-03 16:48:43
328,84,Writer,2023-05-03 16:48:43,2023-05-03 16:48:43
329,103,Producer,2023-05-02 20:44:46,2023-05-02 20:44:46
329,240,Performer,2023-05-02 20:44:46,2023-05-02 20:44:46
329,166,Supporting Actor,2023-05-02 20:44:46,2023-05-02 20:44:46
329,157,Author,2023-05-02 20:44:46,2023-05-02 20:44:46
330,224,Lead Actor,2023-05-01 01:53:12,2023-05-01 01:53:12
330,173,Supporting Actor,2023-05-01 01:53:12,2023-05-01 01:53:12
330,144,Author,2023-05-01 01:53:12,2023-05-01 01:53:12
331,114,Performer,2023-05-04 02:45:04,2023-05-04 02:45:04
331,96,Producer,2023-05-04 02:45:04,2023-05-04 02:45:04
331,76,Author,2023-05-04 02:45:04,2023-05-04 02:45:04
332,5,Producer,2023-05-01 12:09:42,2023-05-01 12:09:42
332,250,Lead Actor,2023-05-01 12:09:42,2023-05-01 12:09:42
333,99,Writer,2023-05-02 01:29:34,2023-05-02 01:29:34
333,232,Lead Actor,2023-05-02 01:29:34,2023-05-02 01:29:34
333,131,Composer,2023-05-02 01:29:34,2023-05-02 01:29:34
334,183,Supporting Actor,2023-05-04 06:02:11,2023-05-04 06:02:11
334,186,Lead Actor,2023-05-04 06:02:11,2023-05-04 06:02:11
334,32,Performer,2023-05-04 06:02:11,2023-05-04 06:02:11
334,80,Producer,2023-05-04 06:02:11,2023-05-04 06:02:11
335,143,Director,2023-05-02 14:47:08,2023-05-02 14:47:08
335,235,Producer,2023-05-02 14:47:08,2023-05-02 14:47:08
335,67,Director,2023-05-02 14:47:08,2023-05-02 14:47:08
336,139,Lead Actor,2023-05-01 01:29:34,2023-05-01 01:29:34
336,112,Performer,2023-05-01 01:29:34,2023-05-01 01:29:34
337,135,Author,2023-05-04 14:32:05,2023-05-04 14:32:05
337,191,Producer,2023-05-04 14:32:05,2023-05-04 14:32:05
338,147,Composer,2023-05-04 10:12:44,2023-05-04 10:12:44
339,248,Composer,2023-05-03 07:57:07,2023-05-03 07:57:07
339,3,Producer,2023-05-03 07:57:07,2023-05-03 07:57:07
339,146,Author,2023-05-03 07:57:07,2023-05-03 07:57:07
339,160,Performer,2023-05-03 07:57:07,2023-05-03 07:57:07
340,185,Performer,2023-05-03 22:03:16,2023-05-03 22:03:16
341,112,Producer,2023-05-01 05:58:00,2023-05-01 05:58:00
341,111,Performer,2023-05-01 05:58:00,2023-05-01 05:58:00
342,22,Producer,2023-05-02 07:49:25,2023-05-02 07:49:25
343,124,Director,2023-05-01 07:09:49,2023-05-01 07:09:49
343,10,Director,2023-05-01 07:09:49,2023-05-01 07:09:49
344,196,Supporting Actor,2023-05-03 06:23:53,2023-05-03 06:23:53
344,107,Author,2023-05-03 06:23:53,2023-05-03 06:23:53
345,216,Author,2023-05-03 14:50:14,2023-05-03 14:50:14
346,116,Supporting Actor,2023-05-01 03:39:13,2023-05-01 03:39:13
346,222,Performer,2023-05-01 03:39:13,2023-05-01 03:39:13
346,25,Producer,2023-05-01 03:39:13,2023-05-01 03:39:13
346,92,Writer,2023-05-01 03:39:13,2023-05-01 03:39:13
347,212,Performer,2023-05-02 10:26:34,2023-05-02 10:26:34
347,174,Author,2023-05-02 10:26:34,2023-05-02 10:26:34
347,189,Performer,2023-05-02 10:26:34,2023-05-02 10:26:34
348,240,Lead Actor,2023-05-02 17:01:10,2023-05-02 17:01:10
348,199,Supporting Actor,2023-05-02 17:01:10,2023-05-02 17:01:10
348,14,Author,2023-05-02 17:01:10,2023-05-02 17:01:10
348,125,Composer,2023-05-02 17:01:10,2023-05-02 17:01:10
349,29,Lead Actor,2023-05-02 01:27:44,2023-05-02 01:27:44
350,12,Writer,2023-05-04 19:43:37,2023-05-04 19:43:37
351,167,Director,2023-05-03 19:17:58,2023-05-03 19:17:58
351,58,Supporting Actor,2023-05-03 19:17:58,2023-05-03 19:17:58
351,217,Composer,2023-05-03 19:17:58,2023-05-03 19:17:58
351,155,Performer,2023-05-03 19:17:58,2023-05-03 19:17:58
352,210,Director,2023-05-01 13:33:23,2023-05-01 13:33:23
352,181,Director,2023-05-01 13:33:23,2023-05-01 13:33:23
352,195,Composer,2023-05-01 13:33:23,2023-05-01 13:33:23
352,166,Supporting Actor,2023-05-01 13:33:23,2023-05-01 13:33:23
353,127,Writer,2023-05-04 22:38:54,2023-05-04 22:38:54
353,244,Supporting Actor,2023-05-04 22:38:54,2023-05-04 22:38:54
354,107,Producer,2023-05-02 06:39:51,2023-05-02 06:39:51
355,186,Writer,2023-05-01 15:22:58,2023-05-01 15:22:58
355,35,Performer,2023-05-01 15:22:58,2023-05-01 15:22:58
355,34,Writer,2023-05-01 15:22:58,2023-05-01 15:22:58
355,135,Writer,2023-05-01 15:22:58,2023-05-01 15:22:58
356,56,Performer,2023-05-02 22:50:54,2023-05-02 22:50:54
357,14,Director,2023-05-01 17:44:10,2023-05-01 17:44:10
357,30,Supporting Actor,2023-05-01 17:44:10,2023-05-01 17:44:10
357,111,Composer,2023-05-01 17:44:10,2023-05-01 17:44:10
358,148,Performer,2023-05-03 09:47:22,2023-05-03 09:47:22
358,184,Author,2023-05-03 09:47:22,2023-05-03 09:47:22
358,210,Director,2023-05-03 09:47:22,2023-05-03 09:47:22
359,99,Author,2023-05-03 15:32:26,2023-05-03 15:32:26
359,83,Lead Actor,2023-05-03 15:32:26,2023-05-03 15:32:26
359,2,Producer,2023-05-03 15:32:26,2023-05-03 15:32:26
360,112,Composer,2023-05-04 06:23:27,2023-05-04 06:23:27
360,31,Director,2023-05-04 06:23:27,2023-05-04 06:23:27
361,208,Supporting Actor,2023-05-02 07:45:49,2023-05-02 07:45:49
361,109,Producer,2023-05-02 07:45:49,2023-05-02 07:45:49
362,184,Lead Actor,2023-05-01 10:38:21,2023-05-01 10:38:21
362,17,Writer,2023-05-01 10:38:21,2023-05-01 10:38:21
363,26,Supporting Actor,2023-05-02 11:18:50,2023-05-02 11:18:50
364,79,Author,2023-05-01 16:17:08,2023-05-01 16:17:08
365,156,Composer,2023-05-04 22:17:30,2023-05-04 22:17:30
366,142,Author,2023-05-01 20:23:27,2023-05-01 20:23:27
367,19,Author,2023-05-02 17:24:39,2023-05-02 17:24:39
368,246,Lead Actor,2023-05-03 21:55:20,2023-05-03 21:55:20
368,222,Supporting Actor,2023-05-03 21:55:20,2023-05-03 21:55:20
368,152,Composer,2023-05-03 21:55:20,2023-05-03 21:55:20
369,154,Supporting Actor,2023-05-02 11:28:44,2023-05-02 11:28:44
369,32,Producer,2023-05-02 11:28:44,2023-05-02 11:28:44
370,115,Producer,2023-05-01 09:14:40,2023-05-01 09:14:40
370,175,Supporting Actor,2023-05-01 09:14:40,2023-05-01 09:14:40
371,130,Producer,2023-05-02 15:49:37,2023-05-02 15:49:37
372,68,Performer,2023-05-01 13:11:49,2023-05-01 13:11:49
372,26,Performer,2023-05-01 13:11:49,2023-05-01 13:11:49
373,123,Lead Actor,2023-05-01 01:57:12,2023-05-01 01:57:12
373,178,Author,2023-05-01 01:57:12,2023-05-01 01:57:12
373,203,Director,2023-05-01 01:57:12,2023-05-01 01:57:12
374,92,Writer,2023-05-03 10:48:02,2023-05-03 10:48:02
374,134,Composer,2023-05-03 10:48:02,2023-05-03 10:48:02
374,109,Performer,2023-05-03 10:48:02,2023-05-03 10:48:02
374,165,Lead Actor,2023-05-03 10:48:02,2023-05-03 10:48:02
375,88,Performer,2023-05-04 12:18:52,2023-05-04 12:18:52
375,16,Composer,2023-05-04 12:18:52,2023-05-04 12:18:52
376,205,Performer,2025-06-15 05:10:02,2025-06-15 05:10:02
377,246,Author,2023-05-03 14:30:29,2023-05-03 14:30:29
377,213,Performer,2023-05-03 14:30:29,2023-05-03 14:30:29
378,33,Performer,2026-02-24 02:12:29,2026-02-24 02:12:29
379,158,Author,2024-02-11 09:21:56,2024-02-11 09:21:56
380,184,Lead Actor,2023-12-07 21:14:01,2023-12-07 21:14:01
380,84,Director,2023-12-07 21:14:01,2023-12-07 21:14:01
381,233,Director,2025-07-05 11:47:19,2025-07-05 11:47:19
381,50,Author,2025-07-05 11:47:19,2025-07-05 11:47:19
381,46,Performer,2025-07-05 11:47:19,2025-07-05 11:47:19
382,106,Lead Actor,2023-05-03 06:33:26,2023-05-03 06:33:26
382,158,Composer,2023-05-03 06:33:26,2023-05-03 06:33:26
383,197,Composer,2023-05-01 05:03:57,2023-05-01 05:03:57
384,123,Producer,2023-05-01 16:37:28,2023-05-01 16:37:28
384,241,Composer,2023-05-01 16:37:28,2023-05-01 16:37:28
384,36,Lead Actor,2023-05-01 16:37:28,2023-05-01 16:37:28
385,17,Producer,2023-05-01 02:50:13,2023-05-01 02:50:13
386,133,Supporting Actor,2023-05-02 17:49:07,2023-05-02 17:49:07
386,37,Writer,2023-05-02 17:49:07,2023-05-02 17:49:07
386,99,Producer,2023-05-02 17:49:07,2023-05-02 17:49:07
387,54,Producer,2025-03-03 14:39:07,2025-03-03 14:39:07
387,165,Supporting Actor,2025-03-03 14:39:07,2025-03-03 14:39:07
387,132,Supporting Actor,2025-03-03 14:39:07,2025-03-03 14:39:07
387,232,Lead Actor,2025-03-03 14:39:07,2025-03-03 14:39:07
388,83,Writer,2023-05-04 06:01:43,2023-05-04 06:01:43
388,229,Director,2023-05-04 06:01:43,2023-05-04 06:01:43
388,18,Writer,2023-05-04 06:01:43,2023-05-04 06:01:43
389,209,Composer,2023-05-03 11:26:10,2023-05-03 11:26:10
389,222,Performer,2023-05-03 11:26:10,2023-05-03 11:26:10
390,94,Composer,2023-05-02 22:50:20,2023-05-02 22:50:20
390,32,Performer,2023-05-02 22:50:20,2023-05-02 22:50:20
390,82,Supporting Actor,2023-05-02 22:50:20,2023-05-02 22:50:20
390,5,Director,2023-05-02 22:50:20,2023-05-02 22:50:20
391,8,Lead Actor,2023-05-02 06:31:34,2023-05-02 06:31:34
391,117,Writer,2023-05-02 06:31:34,2023-05-02 06:31:34
392,31,Composer,2023-05-02 18:26:31,2023-05-02 18:26:31
392,38,Director,2023-05-02 18:26:31,2023-05-02 18:26:31
393,198,Producer,2024-05-04 23:37:32,2024-05-04 23:37:32
393,225,Composer,2024-05-04 23:37:32,2024-05-04 23:37:32
394,26,Composer,2023-05-03 21:13:32,2023-05-03 21:13:32
394,223,Writer,2023-05-03 21:13:32,2023-05-03 21:13:32
394,216,Composer,2023-05-03 21:13:32,2023-05-03 21:13:32
395,186,Author,2023-05-01 05:21:39,2023-05-01 05:21:39
396,212,Lead Actor,2023-05-04 12:41:54,2023-05-04 12:41:54
396,41,Author,2023-05-04 12:41:54,2023-05-04 12:41:54
397,118,Producer,2025-06-25 23:16:12,2025-06-25 23:16:12
398,52,Composer,2023-05-04 08:44:38,2023-05-04 08:44:38
399,106,Supporting Actor,2023-05-02 16:44:39,2023-05-02 16:44:39
399,149,Author,2023-05-02 16:44:39,2023-05-02 16:44:39
399,127,Producer,2023-05-02 16:44:39,2023-05-02 16:44:39
400,90,Composer,2023-05-02 19:54:11,2023-05-02 19:54:11
400,188,Performer,2023-05-02 19:54:11,2023-05-02 19:54:11
401,246,Director,2023-05-03 13:28:38,2023-05-03 13:28:38
401,121,Performer,2023-05-03 13:28:38,2023-05-03 13:28:38
402,49,Director,2023-05-03 15:51:21,2023-05-03 15:51:21
402,171,Producer,2023-05-03 15:51:21,2023-05-03 15:51:21
403,180,Author,2023-05-01 18:05:46,2023-05-01 18:05:46
403,7,Lead Actor,2023-05-01 18:05:46,2023-05-01 18:05:46
403,215,Director,2023-05-01 18:05:46,2023-05-01 18:05:46
404,158,Supporting Actor,2023-08-14 09:26:54,2023-08-14 09:26:54
404,60,Writer,2023-08-14 09:26:54,2023-08-14 09:26:54
405,118,Writer,2023-05-01 01:44:14,2023-05-01 01:44:14
405,57,Producer,2023-05-01 01:44:14,2023-05-01 01:44:14
405,200,Producer,2023-05-01 01:44:14,2023-05-01 01:44:14
406,31,Writer,2023-05-03 23:10:39,2023-05-03 23:10:39
406,71,Director,2023-05-03 23:10:39,2023-05-03 23:10:39
407,91,Director,2023-05-02 12:22:59,2023-05-02 12:22:59
407,71,Author,2023-05-02 12:22:59,2023-05-02 12:22:59
407,3,Author,2023-05-02 12:22:59,2023-05-02 12:22:59
407,227,Producer,2023-05-02 12:22:59,2023-05-02 12:22:59
408,148,Writer,2023-05-01 09:06:39,2023-05-01 09:06:39
408,81,Lead Actor,2023-05-01 09:06:39,2023-05-01 09:06:39
409,168,Writer,2023-05-01 09:57:36,2023-05-01 09:57:36
409,95,Lead Actor,2023-05-01 09:57:36,2023-05-01 09:57:36
410,23,Composer,2024-11-04 12:04:46,2024-11-04 12:04:46
410,201,Lead Actor,2024-11-04 12:04:46,2024-11-04 12:04:46
410,139,Producer,2024-11-04 12:04:46,2024-11-04 12:04:46
411,208,Author,2023-05-01 02:19:07,2023-05-01 02:19:07
411,19,Author,2023-05-01 02:19:07,2023-05-01 02:19:07
412,93,Author,2023-05-01 20:25:01,2023-05-01 20:25:01
412,189,Performer,2023-05-01 20:25:01,2023-05-01 20:25:01
413,68,Director,2023-05-04 05:50:26,2023-05-04 05:50:26
413,29,Author,2023-05-04 05:50:26,2023-05-04 05:50:26
414,91,Writer,2023-05-04 09:56:09,2023-05-04 09:56:09
415,46,Writer,2023-05-03 23:17:33,2023-05-03 23:17:33
415,199,Performer,2023-05-03 23:17:33,2023-05-03 23:17:33
416,190,Writer,2023-09-17 17:55:32,2023-09-17 17:55:32
417,195,Performer,2023-05-04 07:41:33,2023-05-04 07:41:33
417,184,Lead Actor,2023-05-04 07:41:33,2023-05-04 07:41:33
418,20,Lead Actor,2023-05-01 12:40:22,2023-05-01 12:40:22
419,17,Director,2023-05-04 17:48:24,2023-05-04 17:48:24
420,193,Performer,2023-05-04 07:42:12,2023-05-04 07:42:12
421,12,Author,2023-05-04 12:51:21,2023-05-04 12:51:21
421,228,Supporting Actor,2023-05-04 12:51:21,2023-05-04 12:51:21
422,86,Performer,2023-05-04 14:57:45,2023-05-04 14:57:45
422,192,Composer,2023-05-04 14:57:45,2023-05-04 14:57:45
422,125,Performer,2023-05-04 14:57:45,2023-05-04 14:57:45
423,182,Performer,2023-05-03 06:40:02,2023-05-03 06:40:02
423,202,Director,2023-05-03 06:40:02,2023-05-03 06:40:02
424,145,Supporting Actor,2023-05-02 02:28:10,2023-05-02 02:28:10
424,110,Author,2023-05-02 02:28:10,2023-05-02 02:28:10
425,93,Producer,2025-03-29 03:36:27,2025-03-29 03:36:27
425,163,Performer,2025-03-29 03:36:27,2025-03-29 03:36:27
426,244,Lead Actor,2023-05-02 18:56:38,2023-05-02 18:56:38
426,12,Performer,2023-05-02 18:56:38,2023-05-02 18:56:38
427,189,Producer,2023-05-04 21:07:41,2023-05-04 21:07:41
427,75,Producer,2023-05-04 21:07:41,2023-05-04 21:07:41
427,249,Writer,2023-05-04 21:07:41,2023-05-04 21:07:41
427,60,Director,2023-05-04 21:07:41,2023-05-04 21:07:41
428,80,Author,2023-05-04 06:58:51,2023-05-04 06:58:51
428,227,Director,2023-05-04 06:58:51,2023-05-04 06:58:51
428,138,Performer,2023-05-04 06:58:51,2023-05-04 06:58:51
429,234,Composer,2023-12-14 16:37:26,2023-12-14 16:37:26
430,55,Composer,2025-01-20 01:34:50,2025-01-20 01:34:50
430,132,Author,2025-01-20 01:34:50,2025-01-20 01:34:50
431,42,Composer,2023-05-03 20:56:43,2023-05-03 20:56:43
431,211,Supporting Actor,2023-05-03 20:56:43,2023-05-03 20:56:43
431,137,Performer,2023-05-03 20:56:43,2023-05-03 20:56:43
432,60,Lead Actor,2023-05-03 23:55:34,2023-05-03 23:55:34
433,53,Author,2023-05-02 16:18:16,2023-05-02 16:18:16
433,64,Supporting Actor,2023-05-02 16:18:16,2023-05-02 16:18:16
434,235,Supporting Actor,2023-05-03 22:31:47,2023-05-03 22:31:47
434,83,Producer,2023-05-03 22:31:47,2023-05-03 22:31:47
434,217,Composer,2023-05-03 22:31:47,2023-05-03 22:31:47
435,180,Author,2023-05-01 13:13:03,2023-05-01 13:13:03
435,90,Producer,2023-05-01 13:13:03,2023-05-01 13:13:03
436,93,Lead Actor,2023-05-03 22:03:16,2023-05-03 22:03:16
436,110,Supporting Actor,2023-05-03 22:03:16,2023-05-03 22:03:16
436,121,Lead Actor,2023-05-03 22:03:16,2023-05-03 22:03:16
437,192,Author,2023-05-03 17:49:38,2023-05-03 17:49:38
437,206,Composer,2023-05-03 17:49:38,2023-05-03 17:49:38
438,62,Producer,2023-05-01 22:48:36,2023-05-01 22:48:36
438,81,Lead Actor,2023-05-01 22:48:36,2023-05-01 22:48:36
439,143,Producer,2023-05-04 10:27:11,2023-05-04 10:27:11
440,54,Writer,2023-05-02 07:15:35,2023-05-02 07:15:35
441,236,Composer,2023-05-01 07:43:20,2023-05-01 07:43:20
441,190,Writer,2023-05-01 07:43:20,2023-05-01 07:43:20
441,227,Supporting Actor,2023-05-01 07:43:20,2023-05-01 07:43:20
442,103,Director,2023-05-03 00:50:52,2023-05-03 00:50:52
442,231,Composer,2023-05-03 00:50:52,2023-05-03 00:50:52
443,194,Lead Actor,2023-05-04 18:57:56,2023-05-04 18:57:56
444,247,Director,2023-05-04 04:29:43,2023-05-04 04:29:43
444,248,Author,2023-05-04 04:29:43,2023-05-04 04:29:43
444,146,Composer,2023-05-04 04:29:43,2023-05-04 04:29:43
445,184,Supporting Actor,2023-05-01 19:37:41,2023-05-01 19:37:41
445,28,Composer,2023-05-01 19:37:41,2023-05-01 19:37:41
445,229,Performer,2023-05-01 19:37:41,2023-05-01 19:37:41
446,118,Director,2024-09-01 18:30:34,2024-09-01 18:30:34
446,91,Director,2024-09-01 18:30:34,2024-09-01 18:30:34
447,23,Producer,2023-05-02 13:56:53,2023-05-02 13:56:53
447,66,Author,2023-05-02 13:56:53,2023-05-02 13:56:53
448,172,Performer,2023-05-01 23:28:30,2023-05-01 23:28:30
449,109,Producer,2023-05-02 13:15:38,2023-05-02 13:15:38
449,34,Producer,2023-05-02 13:15:38,2023-05-02 13:15:38
449,120,Supporting Actor,2023-05-02 13:15:38,2023-05-02 13:15:38
450,172,Composer,2023-05-03 04:00:06,2023-05-03 04:00:06
450,34,Lead Actor,2023-05-03 04:00:06,2023-05-03 04:00:06
451,62,Performer,2023-05-02 03:46:16,2023-05-02 03:46:16
451,110,Writer,2023-05-02 03:46:16,2023-05-02 03:46:16
452,175,Supporting Actor,2024-06-08 00:16:51,2024-06-08 00:16:51
453,232,Supporting Actor,2023-05-04 06:51:11,2023-05-04 06:51:11
453,70,Supporting Actor,2023-05-04 06:51:11,2023-05-04 06:51:11
453,61,Performer,2023-05-04 06:51:11,2023-05-04 06:51:11
454,57,Director,2023-05-03 09:25:03,2023-05-03 09:25:03
454,118,Director,2023-05-03 09:25:03,2023-05-03 09:25:03
454,132,Writer,2023-05-03 09:25:03,2023-05-03 09:25:03
454,108,Producer,2023-05-03 09:25:03,2023-05-03 09:25:03
455,148,Writer,2025-10-11 23:29:03,2025-10-11 23:29:03
455,94,Writer,2025-10-11 23:29:03,2025-10-11 23:29:03
455,199,Director,2025-10-11 23:29:03,2025-10-11 23:29:03
456,228,Director,2023-05-02 07:59:16,2023-05-02 07:59:16
456,244,Author,2023-05-02 07:59:16,2023-05-02 07:59:16
456,204,Producer,2023-05-02 07:59:16,2023-05-02 07:59:16
457,169,Supporting Actor,2023-05-02 16:14:35,2023-05-02 16:14:35
457,112,Writer,2023-05-02 16:14:35,2023-05-02 16:14:35
457,10,Director,2023-05-02 16:14:35,2023-05-02 16:14:35
457,137,Lead Actor,2023-05-02 16:14:35,2023-05-02 16:14:35
458,196,Producer,2023-05-03 07:16:51,2023-05-03 07:16:51
458,96,Performer,2023-05-03 07:16:51,2023-05-03 07:16:51
459,68,Supporting Actor,2023-05-03 07:44:36,2023-05-03 07:44:36
460,56,Writer,2023-05-04 19:04:28,2023-05-04 19:04:28
460,74,Composer,2023-05-04 19:04:28,2023-05-04 19:04:28
461,222,Producer,2023-05-03 02:36:32,2023-05-03 02:36:32
461,221,Composer,2023-05-03 02:36:32,2023-05-03 02:36:32
461,153,Producer,2023-05-03 02:36:32,2023-05-03 02:36:32
462,36,Writer,2023-05-04 23:41:28,2023-05-04 23:41:28
463,67,Composer,2023-05-02 02:33:12,2023-05-02 02:33:12
463,13,Composer,2023-05-02 02:33:12,2023-05-02 02:33:12
464,74,Lead Actor,2023-05-01 02:29:40,2023-05-01 02:29:40
464,211,Composer,2023-05-01 02:29:40,2023-05-01 02:29:40
464,239,Performer,2023-05-01 02:29:40,2023-05-01 02:29:40
465,12,Supporting Actor,2023-05-02 22:04:14,2023-05-02 22:04:14
465,21,Writer,2023-05-02 22:04:14,2023-05-02 22:04:14
465,174,Producer,2023-05-02 22:04:14,2023-05-02 22:04:14
466,87,Supporting Actor,2023-05-04 06:40:34,2023-05-04 06:40:34
466,225,Author,2023-05-04 06:40:34,2023-05-04 06:40:34
466,249,Writer,2023-05-04 06:40:34,2023-05-04 06:40:34
466,140,Director,2023-05-04 06:40:34,2023-05-04 06:40:34
467,244,Composer,2023-05-02 09:58:12,2023-05-02 09:58:12
467,182,Writer,2023-05-02 09:58:12,2023-05-02 09:58:12
468,111,Writer,2023-05-02 07:01:44,2023-05-02 07:01:44
469,128,Supporting Actor,2023-05-01 17:14:19,2023-05-01 17:14:19
469,20,Producer,2023-05-01 17:14:19,2023-05-01 17:14:19
469,84,Author,2023-05-01 17:14:19,2023-05-01 17:14:19
470,143,Author,2023-05-01 09:14:50,2023-05-01 09:14:50
470,151,Composer,2023-05-01 09:14:50,2023-05-01 09:14:50
471,128,Producer,2023-05-03 19:32:29,2023-05-03 19:32:29
472,219,Lead Actor,2023-05-03 19:11:52,2023-05-03 19:11:52
472,94,Director,2023-05-03 19:11:52,2023-05-03 19:11:52
472,189,Producer,2023-05-03 19:11:52,2023-05-03 19:11:52
472,138,Director,2023-05-03 19:11:52,2023-05-03 19:11:52
473,30,Director,2023-05-04 12:57:12,2023-05-04 12:57:12
473,159,Author,2023-05-04 12:57:12,2023-05-04 12:57:12
473,99,Producer,2023-05-04 12:57:12,2023-05-04 12:57:12
474,223,Director,2023-05-01 16:09:29,2023-05-01 16:09:29
474,9,Supporting Actor,2023-05-01 16:09:29,2023-05-01 16:09:29
475,119,Composer,2023-05-03 00:59:30,2023-05-03 00:59:30
475,76,Author,2023-05-03 00:59:30,2023-05-03 00:59:30
476,104,Composer,2023-05-01 21:05:17,2023-05-01 21:05:17
476,112,Author,2023-05-01 21:05:17,2023-05-01 21:05:17
477,170,Producer,2023-05-01 14:31:00,2023-05-01 14:31:00
477,79,Performer,2023-05-01 14:31:00,2023-05-01 14:31:00
478,210,Composer,2023-05-01 12:21:35,2023-05-01 12:21:35
478,195,Performer,2023-05-01 12:21:35,2023-05-01 12:21:35
478,224,Writer,2023-05-01 12:21:35,2023-05-01 12:21:35
478,211,Supporting Actor,2023-05-01 12:21:35,2023-05-01 12:21:35
479,212,Performer,2024-02-15 18:00:40,2024-02-15 18:00:40
479,34,Director,2024-02-15 18:00:40,2024-02-15 18:00:40
480,112,Writer,2023-05-01 15:53:19,2023-05-01 15:53:19
480,67,Supporting Actor,2023-05-01 15:53:19,2023-05-01 15:53:19
480,119,Director,2023-05-01 15:53:19,2023-05-01 15:53:19
481,246,Writer,2023-05-04 03:04:30,2023-05-04 03:04:30
481,239,Director,2023-05-04 03:04:30,2023-05-04 03:04:30
482,239,Author,2023-05-04 08:26:30,2023-05-04 08:26:30
482,176,Producer,2023-05-04 08:26:30,2023-05-04 08:26:30
482,191,Writer,2023-05-04 08:26:30,2023-05-04 08:26:30
483,246,Director,2023-05-04 21:39:19,2023-05-04 21:39:19
483,161,Producer,2023-05-04 21:39:19,2023-05-04 21:39:19
484,130,Writer,2023-05-03 02:13:14,2023-05-03 02:13:14
484,138,Author,2023-05-03 02:13:14,2023-05-03 02:13:14
485,204,Author,2023-05-03 20:30:56,2023-05-03 20:30:56
486,7,Writer,2023-05-01 07:43:00,2023-05-01 07:43:00
486,77,Performer,2023-05-01 07:43:00,2023-05-01 07:43:00
487,103,Performer,2023-05-02 00:20:20,2023-05-02 00:20:20
487,188,Supporting Actor,2023-05-02 00:20:20,2023-05-02 00:20:20
488,61,Producer,2023-12-23 19:50:21,2023-12-23 19:50:21
488,237,Director,2023-12-23 19:50:21,2023-12-23 19:50:21
488,95,Composer,2023-12-23 19:50:21,2023-12-23 19:50:21
489,228,Supporting Actor,2023-05-03 09:42:21,2023-05-03 09:42:21
489,116,Lead Actor,2023-05-03 09:42:21,2023-05-03 09:42:21
489,190,Director,2023-05-03 09:42:21,2023-05-03 09:42:21
490,210,Author,2023-05-02 23:20:42,2023-05-02 23:20:42
490,138,Author,2023-05-02 23:20:42,2023-05-02 23:20:42
491,74,Producer,2023-05-02 04:25:31,2023-05-02 04:25:31
491,161,Lead Actor,2023-05-02 04:25:31,2023-05-02 04:25:31
491,223,Lead Actor,2023-05-02 04:25:31,2023-05-02 04:25:31
492,106,Composer,2023-05-03 18:41:44,2023-05-03 18:41:44
492,159,Composer,2023-05-03 18:41:44,2023-05-03 18:41:44
492,102,Composer,2023-05-03 18:41:44,2023-05-03 18:41:44
493,123,Producer,2023-05-01 21:49:05,2023-05-01 21:49:05
494,111,Performer,2023-05-01 13:03:27,2023-05-01 13:03:27
494,156,Producer,2023-05-01 13:03:27,2023-05-01 13:03:27
494,137,Performer,2023-05-01 13:03:27,2023-05-01 13:03:27
495,241,Author,2023-10-07 04:59:41,2023-10-07 04:59:41
496,117,Supporting Actor,2023-05-01 23:02:59,2023-05-01 23:02:59
496,226,Supporting Actor,2023-05-01 23:02:59,2023-05-01 23:02:59
496,170,Writer,2023-05-01 23:02:59,2023-05-01 23:02:59
497,144,Producer,2023-05-02 12:53:54,2023-05-02 12:53:54
497,106,Writer,2023-05-02 12:53:54,2023-05-02 12:53:54
497,103,Lead Actor,2023-05-02 12:53:54,2023-05-02 12:53:54
498,178,Supporting Actor,2025-07-27 20:13:37,2025-07-27 20:13:37
498,55,Lead Actor,2025-07-27 20:13:37,2025-07-27 20:13:37
498,134,Supporting Actor,2025-07-27 20:13:37,2025-07-27 20:13:37
499,121,Producer,2023-05-04 22:36:06,2023-05-04 22:36:06
499,197,Author,2023-05-04 22:36:06,2023-05-04 22:36:06
500,240,Producer,2023-05-04 01:29:56,2023-05-04 01:29:56
500,139,Producer,2023-05-04 01:29:56,2023-05-04 01:29:56
501,216,Author,2023-05-03 19:19:43,2023-05-03 19:19:43
501,241,Supporting Actor,2023-05-03 19:19:43,2023-05-03 19:19:43
501,215,Writer,2023-05-03 19:19:43,2023-05-03 19:19:43
502,249,Lead Actor,2023-05-02 21:57:47,2023-05-02 21:57:47
502,5,Lead Actor,2023-05-02 21:57:47,2023-05-02 21:57:47
503,79,Author,2023-05-03 05:49:57,2023-05-03 05:49:57
504,36,Author,2023-05-03 21:11:37,2023-05-03 21:11:37
505,186,Performer,2023-05-01 06:40:55,2023-05-01 06:40:55
506,170,Writer,2023-05-03 22:29:45,2023-05-03 22:29:45
506,152,Producer,2023-05-03 22:29:45,2023-05-03 22:29:45
506,57,Performer,2023-05-03 22:29:45,2023-05-03 22:29:45
506,177,Producer,2023-05-03 22:29:45,2023-05-03 22:29:45
507,113,Writer,2026-03-15 16:17:14,2026-03-15 16:17:14
507,178,Supporting Actor,2026-03-15 16:17:14,2026-03-15 16:17:14
507,223,Composer,2026-03-15 16:17:14,2026-03-15 16:17:14
508,51,Writer,2023-09-10 13:09:26,2023-09-10 13:09:26
509,85,Lead Actor,2024-12-30 09:45:15,2024-12-30 09:45:15
509,215,Producer,2024-12-30 09:45:15,2024-12-30 09:45:15
510,240,Producer,2023-05-01 01:44:25,2023-05-01 01:44:25
510,170,Director,2023-05-01 01:44:25,2023-05-01 01:44:25
511,73,Producer,2023-05-01 22:45:53,2023-05-01 22:45:53
512,125,Lead Actor,2023-05-01 09:17:56,2023-05-01 09:17:56
512,194,Director,2023-05-01 09:17:56,2023-05-01 09:17:56
512,151,Lead Actor,2023-05-01 09:17:56,2023-05-01 09:17:56
513,202,Lead Actor,2023-05-04 06:46:40,2023-05-04 06:46:40
513,60,Producer,2023-05-04 06:46:40,2023-05-04 06:46:40
513,211,Director,2023-05-04 06:46:40,2023-05-04 06:46:40
513,16,Supporting Actor,2023-05-04 06:46:40,2023-05-04 06:46:40
514,75,Composer,2023-05-02 14:35:14,2023-05-02 14:35:14
514,213,Supporting Actor,2023-05-02 14:35:14,2023-05-02 14:35:14
514,25,Composer,2023-05-02 14:35:14,2023-05-02 14:35:14
515,37,Composer,2023-05-03 21:59:02,2023-05-03 21:59:02
515,4,Composer,2023-05-03 21:59:02,2023-05-03 21:59:02
515,228,Supporting Actor,2023-05-03 21:59:02,2023-05-03 21:59:02
515,124,Supporting Actor,2023-05-03 21:59:02,2023-05-03 21:59:02
516,67,Performer,2023-05-04 18:55:42,2023-05-04 18:55:42
517,237,Author,2023-05-02 10:53:28,2023-05-02 10:53:28
517,228,Supporting Actor,2023-05-02 10:53:28,2023-05-02 10:53:28
517,40,Director,2023-05-02 10:53:28,2023-05-02 10:53:28
518,3,Performer,2023-05-01 01:08:16,2023-05-01 01:08:16
518,147,Writer,2023-05-01 01:08:16,2023-05-01 01:08:16
518,200,Author,2023-05-01 01:08:16,2023-05-01 01:08:16
519,31,Composer,2023-05-02 06:49:23,2023-05-02 06:49:23
519,71,Lead Actor,2023-05-02 06:49:23,2023-05-02 06:49:23
520,225,Author,2023-05-01 22:54:51,2023-05-01 22:54:51
520,167,Writer,2023-05-01 22:54:51,2023-05-01 22:54:51
521,6,Writer,2023-05-03 07:11:58,2023-05-03 07:11:58
521,197,Performer,2023-05-03 07:11:58,2023-05-03 07:11:58
522,91,Supporting Actor,2023-05-03 05:44:31,2023-05-03 05:44:31
522,95,Lead Actor,2023-05-03 05:44:31,2023-05-03 05:44:31
523,217,Author,2023-05-01 00:18:53,2023-05-01 00:18:53
523,31,Author,2023-05-01 00:18:53,2023-05-01 00:18:53
523,211,Director,2023-05-01 00:18:53,2023-05-01 00:18:53
523,111,Writer,2023-05-01 00:18:53,2023-05-01 00:18:53
524,111,Writer,2023-05-02 11:06:27,2023-05-02 11:06:27
524,192,Performer,2023-05-02 11:06:27,2023-05-02 11:06:27
525,200,Performer,2023-05-01 19:09:31,2023-05-01 19:09:31
525,168,Producer,2023-05-01 19:09:31,2023-05-01 19:09:31
526,46,Writer,2023-05-03 15:44:46,2023-05-03 15:44:46
526,133,Supporting Actor,2023-05-03 15:44:46,2023-05-03 15:44:46
527,165,Supporting Actor,2023-05-02 04:55:04,2023-05-02 04:55:04
527,216,Performer,2023-05-02 04:55:04,2023-05-02 04:55:04
528,48,Producer,2023-05-04 07:15:40,2023-05-04 07:15:40
529,144,Author,2024-07-07 14:59:32,2024-07-07 14:59:32
529,101,Lead Actor,2024-07-07 14:59:32,2024-07-07 14:59:32
529,13,Performer,2024-07-07 14:59:32,2024-07-07 14:59:32
529,176,Composer,2024-07-07 14:59:32,2024-07-07 14:59:32
530,22,Composer,2023-05-02 21:51:21,2023-05-02 21:51:21
531,234,Supporting Actor,2023-05-03 17:10:01,2023-05-03 17:10:01
531,239,Supporting Actor,2023-05-03 17:10:01,2023-05-03 17:10:01
532,212,Performer,2023-05-01 15:57:10,2023-05-01 15:57:10
533,154,Performer,2023-05-02 02:01:21,2023-05-02 02:01:21
533,32,Supporting Actor,2023-05-02 02:01:21,2023-05-02 02:01:21
533,207,Performer,2023-05-02 02:01:21,2023-05-02 02:01:21
534,196,Writer,2025-07-31 12:14:49,2025-07-31 12:14:49
534,106,Writer,2025-07-31 12:14:49,2025-07-31 12:14:49
535,108,Supporting Actor,2023-05-01 23:46:08,2023-05-01 23:46:08
535,247,Composer,2023-05-01 23:46:08,2023-05-01 23:46:08
536,5,Author,2023-05-01 14:19:34,2023-05-01 14:19:34
536,138,Performer,2023-05-01 14:19:34,2023-05-01 14:19:34
537,157,Author,2023-05-04 21:50:23,2023-05-04 21:50:23
538,84,Producer,2023-05-02 19:59:40,2023-05-02 19:59:40
538,142,Author,2023-05-02 19:59:40,2023-05-02 19:59:40
539,171,Performer,2023-05-03 16:51:38,2023-05-03 16:51:38
540,82,Lead Actor,2023-05-03 03:13:16,2023-05-03 03:13:16
541,204,Author,2023-05-01 15:02:59,2023-05-01 15:02:59
541,148,Composer,2023-05-01 15:02:59,2023-05-01 15:02:59
541,29,Composer,2023-05-01 15:02:59,2023-05-01 15:02:59
542,35,Author,2023-05-03 10:27:17,2023-05-03 10:27:17
542,189,Performer,2023-05-03 10:27:17,2023-05-03 10:27:17
543,102,Composer,2023-10-14 01:02:35,2023-10-14 01:02:35
543,149,Writer,2023-10-14 01:02:35,2023-10-14 01:02:35
544,116,Director,2023-05-04 17:43:11,2023-05-04 17:43:11
544,180,Composer,2023-05-04 17:43:11,2023-05-04 17:43:11
544,168,Composer,2023-05-04 17:43:11,2023-05-04 17:43:11
544,79,Performer,2023-05-04 17:43:11,2023-05-04 17:43:11
545,167,Author,2023-05-03 05:57:39,2023-05-03 05:57:39
545,194,Lead Actor,2023-05-03 05:57:39,2023-05-03 05:57:39
546,53,Supporting Actor,2024-04-05 17:36:46,2024-04-05 17:36:46
546,144,Composer,2024-04-05 17:36:46,2024-04-05 17:36:46
546,85,Lead Actor,2024-04-05 17:36:46,2024-04-05 17:36:46
547,80,Supporting Actor,2023-05-01 19:18:31,2023-05-01 19:18:31
547,111,Director,2023-05-01 19:18:31,2023-05-01 19:18:31
547,32,Supporting Actor,2023-05-01 19:18:31,2023-05-01 19:18:31
548,94,Writer,2023-05-01 14:12:33,2023-05-01 14:12:33
548,32,Producer,2023-05-01 14:12:33,2023-05-01 14:12:33
548,150,Performer,2023-05-01 14:12:33,2023-05-01 14:12:33
548,51,Writer,2023-05-01 14:12:33,2023-05-01 14:12:33
549,121,Composer,2023-05-04 16:26:10,2023-05-04 16:26:10
549,154,Writer,2023-05-04 16:26:10,2023-05-04 16:26:10
549,219,Writer,2023-05-04 16:26:10,2023-05-04 16:26:10
550,55,Director,2023-05-01 05:34:00,2023-05-01 05:34:00
551,131,Composer,2023-05-03 11:28:37,2023-05-03 11:28:37
551,16,Producer,2023-05-03 11:28:37,2023-05-03 11:28:37
552,162,Writer,2024-07-06 02:07:33,2024-07-06 02:07:33
552,204,Producer,2024-07-06 02:07:33,2024-07-06 02:07:33
552,242,Composer,2024-07-06 02:07:33,2024-07-06 02:07:33
552,126,Lead Actor,2024-07-06 02:07:33,2024-07-06 02:07:33
553,42,Writer,2023-05-01 14:27:15,2023-05-01 14:27:15
553,171,Director,2023-05-01 14:27:15,2023-05-01 14:27:15
553,230,Lead Actor,2023-05-01 14:27:15,2023-05-01 14:27:15
553,88,Performer,2023-05-01 14:27:15,2023-05-01 14:27:15
554,78,Writer,2023-05-01 19:39:44,2023-05-01 19:39:44
554,142,Writer,2023-05-01 19:39:44,2023-05-01 19:39:44
554,246,Supporting Actor,2023-05-01 19:39:44,2023-05-01 19:39:44
555,23,Supporting Actor,2023-05-04 10:10:29,2023-05-04 10:10:29
556,160,Author,2023-05-04 16:27:04,2023-05-04 16:27:04
556,58,Performer,2023-05-04 16:27:04,2023-05-04 16:27:04
557,136,Composer,2023-05-02 04:16:19,2023-05-02 04:16:19
557,54,Lead Actor,2023-05-02 04:16:19,2023-05-02 04:16:19
557,84,Composer,2023-05-02 04:16:19,2023-05-02 04:16:19
558,120,Performer,2023-05-01 07:18:44,2023-05-01 07:18:44
558,35,Supporting Actor,2023-05-01 07:18:44,2023-05-01 07:18:44
558,197,Lead Actor,2023-05-01 07:18:44,2023-05-01 07:18:44
558,69,Author,2023-05-01 07:18:44,2023-05-01 07:18:44
559,120,Producer,2023-05-04 17:18:55,2023-05-04 17:18:55
559,27,Lead Actor,2023-05-04 17:18:55,2023-05-04 17:18:55
559,136,Lead Actor,2023-05-04 17:18:55,2023-05-04 17:18:55
560,182,Author,2023-05-02 18:48:11,2023-05-02 18:48:11
560,68,Lead Actor,2023-05-02 18:48:11,2023-05-02 18:48:11
560,64,Author,2023-05-02 18:48:11,2023-05-02 18:48:11
560,124,Composer,2023-05-02 18:48:11,2023-05-02 18:48:11
561,195,Writer,2023-05-02 10:13:06,2023-05-02 10:13:06
561,162,Lead Actor,2023-05-02 10:13:06,2023-05-02 10:13:06
561,5,Supporting Actor,2023-05-02 10:13:06,2023-05-02 10:13:06
562,51,Director,2023-05-03 09:57:46,2023-05-03 09:57:46
562,62,Director,2023-05-03 09:57:46,2023-05-03 09:57:46
563,99,Supporting Actor,2023-05-02 09:32:52,2023-05-02 09:32:52
563,191,Supporting Actor,2023-05-02 09:32:52,2023-05-02 09:32:52
563,238,Performer,2023-05-02 09:32:52,2023-05-02 09:32:52
564,184,Writer,2023-05-04 09:42:15,2023-05-04 09:42:15
565,48,Supporting Actor,2023-05-03 22:13:07,2023-05-03 22:13:07
566,110,Supporting Actor,2023-05-02 01:52:27,2023-05-02 01:52:27
566,182,Lead Actor,2023-05-02 01:52:27,2023-05-02 01:52:27
567,16,Composer,2023-05-02 00:04:23,2023-05-02 00:04:23
568,187,Supporting Actor,2023-05-02 22:14:22,2023-05-02 22:14:22
569,159,Lead Actor,2023-07-22 06:44:58,2023-07-22 06:44:58
569,17,Writer,2023-07-22 06:44:58,2023-07-22 06:44:58
569,195,Producer,2023-07-22 06:44:58,2023-07-22 06:44:58
570,122,Composer,2023-05-04 05:11:41,2023-05-04 05:11:41
570,51,Supporting Actor,2023-05-04 05:11:41,2023-05-04 05:11:41
570,236,Author,2023-05-04 05:11:41,2023-05-04 05:11:41
571,23,Director,2023-05-03 09:14:22,2023-05-03 09:14:22
572,214,Writer,2023-05-01 08:37:33,2023-05-01 08:37:33
572,101,Director,2023-05-01 08:37:33,2023-05-01 08:37:33
573,68,Composer,2023-05-04 01:41:28,2023-05-04 01:41:28
573,242,Writer,2023-05-04 01:41:28,2023-05-04 01:41:28
573,111,Writer,2023-05-04 01:41:28,2023-05-04 01:41:28
573,203,Lead Actor,2023-05-04 01:41:28,2023-05-04 01:41:28
574,189,Performer,2023-05-01 21:55:07,2023-05-01 21:55:07
574,246,Director,2023-05-01 21:55:07,2023-05-01 21:55:07
575,1,Performer,2023-05-03 04:53:16,2023-05-03 04:53:16
575,115,Director,2023-05-03 04:53:16,2023-05-03 04:53:16
576,20,Writer,2023-05-02 12:21:56,2023-05-02 12:21:56
576,68,Director,2023-05-02 12:21:56,2023-05-02 12:21:56
577,22,Writer,2023-05-02 14:14:37,2023-05-02 14:14:37
577,115,Author,2023-05-02 14:14:37,2023-05-02 14:14:37
577,123,Performer,2023-05-02 14:14:37,2023-05-02 14:14:37
578,180,Author,2023-05-03 08:25:21,2023-05-03 08:25:21
578,75,Composer,2023-05-03 08:25:21,2023-05-03 08:25:21
579,163,Writer,2025-03-19 10:30:41,2025-03-19 10:30:41
579,180,Lead Actor,2025-03-19 10:30:41,2025-03-19 10:30:41
579,247,Producer,2025-03-19 10:30:41,2025-03-19 10:30:41
579,241,Producer,2025-03-19 10:30:41,2025-03-19 10:30:41
580,233,Composer,2023-05-02 03:00:57,2023-05-02 03:00:57
580,15,Director,2023-05-02 03:00:57,2023-05-02 03:00:57
581,116,Director,2023-05-04 06:23:52,2023-05-04 06:23:52
581,236,Producer,2023-05-04 06:23:52,2023-05-04 06:23:52
581,88,Writer,2023-05-04 06:23:52,2023-05-04 06:23:52
581,21,Lead Actor,2023-05-04 06:23:52,2023-05-04 06:23:52
582,16,Supporting Actor,2023-05-02 04:33:24,2023-05-02 04:33:24
583,233,Supporting Actor,2023-05-01 08:12:27,2023-05-01 08:12:27
583,211,Producer,2023-05-01 08:12:27,2023-05-01 08:12:27
583,221,Composer,2023-05-01 08:12:27,2023-05-01 08:12:27
583,172,Director,2023-05-01 08:12:27,2023-05-01 08:12:27
584,137,Lead Actor,2023-05-01 04:44:17,2023-05-01 04:44:17
584,191,Director,2023-05-01 04:44:17,2023-05-01 04:44:17
585,150,Author,2023-05-02 23:04:36,2023-05-02 23:04:36
585,38,Supporting Actor,2023-05-02 23:04:36,2023-05-02 23:04:36
585,148,Supporting Actor,2023-05-02 23:04:36,2023-05-02 23:04:36
585,196,Producer,2023-05-02 23:04:36,2023-05-02 23:04:36
586,201,Writer,2023-05-03 03:28:49,2023-05-03 03:28:49
587,238,Supporting Actor,2023-05-04 08:00:45,2023-05-04 08:00:45
587,40,Writer,2023-05-04 08:00:45,2023-05-04 08:00:45
588,130,Performer,2023-05-02 06:39:05,2023-05-02 06:39:05
589,87,Writer,2023-05-01 18:32:28,2023-05-01 18:32:28
589,82,Composer,2023-05-01 18:32:28,2023-05-01 18:32:28
590,33,Author,2023-05-01 01:44:23,2023-05-01 01:44:23
590,128,Producer,2023-05-01 01:44:23,2023-05-01 01:44:23
590,94,Producer,2023-05-01 01:44:23,2023-05-01 01:44:23
590,196,Director,2023-05-01 01:44:23,2023-05-01 01:44:23
591,152,Author,2023-05-02 17:54:00,2023-05-02 17:54:00
591,113,Writer,2023-05-02 17:54:00,2023-05-02 17:54:00
591,142,Composer,2023-05-02 17:54:00,2023-05-02 17:54:00
592,198,Supporting Actor,2023-05-03 15:02:45,2023-05-03 15:02:45
592,82,Producer,2023-05-03 15:02:45,2023-05-03 15:02:45
592,7,Producer,2023-05-03 15:02:45,2023-05-03 15:02:45
592,170,Supporting Actor,2023-05-03 15:02:45,2023-05-03 15:02:45
593,100,Producer,2023-05-01 03:36:38,2023-05-01 03:36:38
593,111,Supporting Actor,2023-05-01 03:36:38,2023-05-01 03:36:38
593,174,Supporting Actor,2023-05-01 03:36:38,2023-05-01 03:36:38
594,67,Producer,2023-05-04 10:03:29,2023-05-04 10:03:29
594,196,Writer,2023-05-04 10:03:29,2023-05-04 10:03:29
595,126,Lead Actor,2023-05-03 12:48:59,2023-05-03 12:48:59
595,191,Director,2023-05-03 12:48:59,2023-05-03 12:48:59
596,128,Supporting Actor,2023-05-02 05:27:18,2023-05-02 05:27:18
596,88,Producer,2023-05-02 05:27:18,2023-05-02 05:27:18
597,172,Producer,2023-05-01 21:30:00,2023-05-01 21:30:00
597,127,Lead Actor,2023-05-01 21:30:00,2023-05-01 21:30:00
597,147,Performer,2023-05-01 21:30:00,2023-05-01 21:30:00
598,235,Composer,2023-05-04 02:40:04,2023-05-04 02:40:04
599,206,Writer,2023-05-03 23:41:57,2023-05-03 23:41:57
599,119,Director,2023-05-03 23:41:57,2023-05-03 23:41:57
599,172,Lead Actor,2023-05-03 23:41:57,2023-05-03 23:41:57
599,60,Author,2023-05-03 23:41:57,2023-05-03 23:41:57
600,206,Supporting Actor,2023-05-04 16:53:18,2023-05-04 16:53:18
600,119,Composer,2023-05-04 16:53:18,2023-05-04 16:53:18
600,20,Composer,2023-05-04 16:53:18,2023-05-04 16:53:18
