content_id,content_type_id,title,release_date,duration_minutes,language,age_rating,created_at,updated_at
1,4,Journey of the Golden Sky,2026-05-02,4.0,English,PG,2026-05-02 19:58:11,2026-05-02 19:58:11
2,1,Echoes of the Quiet Sky,2018-07-29,155.0,English,PG,2023-05-02 01:09:56,2023-05-02 01:09:56
3,4,Shadow of the Midnight Sky,2021-03-11,28.0,English,PG-13,2023-05-03 15:56:18,2023-05-03 15:56:18
4,1,The Garden's Wild Path,2025-10-31,86.0,English,PG,2025-10-31 09:06:55,2025-10-31 09:06:55
5,5,Island of the Final Sky,2004-05-05,,English,NC-17,2023-05-04 14:15:30,2023-05-04 14:15:30
6,1,The Empire's Wild Path,1999-01-09,130.0,English,R,2023-05-02 03:32:03,2023-05-02 03:32:03
7,1,Radiant Flame,1997-10-30,170.0,Tamil,G,2023-05-01 19:29:16,2023-05-01 19:29:16
8,2,The Dream's Scarlet Path,2024-11-14,53.0,English,PG-13,2024-11-14 00:14:29,2024-11-14 00:14:29
9,1,The Crimson Empire,2012-05-21,131.0,English,PG-13,2023-05-02 23:23:35,2023-05-02 23:23:35
10,3,Eternal City,2000-11-23,117.0,English,PG,2023-05-03 05:46:38,2023-05-03 05:46:38
11,2,The Last Garden,2006-11-13,59.0,,PG,2023-05-02 12:11:45,2023-05-02 12:11:45
12,1,Horizon of the Frozen Sky,2022-09-04,176.0,Hindi,PG,2023-05-04 06:34:31,2023-05-04 06:34:31
13,4,The Hidden Forest,2001-11-01,36.0,Hindi,PG,2023-05-04 10:11:48,2023-05-04 10:11:48
14,1,The Rising River,2005-02-26,175.0,French,PG,2023-05-02 22:30:25,2023-05-02 22:30:25
15,2,The Throne's Last Path,2016-05-21,32.0,English,PG-13,2023-05-02 12:08:25,2023-05-02 12:08:25
16,1,Throne of the Crimson Sky,2010-09-17,139.0,Tamil,NC-17,2023-05-01 04:15:05,2023-05-01 04:15:05
17,5,The Garden's Frozen Path,2001-08-01,,English,PG-13,2023-05-02 06:15:20,2023-05-02 06:15:20
18,1,Echoes of the Restless Sky,1998-05-06,103.0,English,PG-13,2023-05-04 08:58:12,2023-05-04 08:58:12
19,1,The Endless Island,2017-03-15,172.0,English,PG,2023-05-04 00:15:03,2023-05-04 00:15:03
20,4,The Journey's Broken Path,2017-09-25,28.0,English,PG,2023-05-02 04:43:35,2023-05-02 04:43:35
21,5,The Scarlet Island,2013-08-06,,English,PG-13,2023-05-04 04:07:53,2023-05-04 04:07:53
22,1,The Hidden Mirror,1997-05-01,97.0,Sinhala,G,2023-05-04 18:29:50,2023-05-04 18:29:50
23,3,The Forgotten Flame,2006-07-06,64.0,English,PG-13,2023-05-02 23:35:47,2023-05-02 23:35:47
24,1,Legacy of the Golden Sky,2004-12-21,157.0,English,PG-13,2023-05-04 05:06:23,2023-05-04 05:06:23
25,2,The Golden Journey,1999-07-01,38.0,English,PG-13,2023-05-03 09:48:46,2023-05-03 09:48:46
26,5,  The Scarlet Horizon  ,1998-03-27,,English,PG,2023-05-01 21:26:18,2023-05-01 21:26:18
27,2,The Flame's Hidden Path,2002-08-26,49.0,Hindi,PG,2023-05-02 15:46:41,2023-05-02 15:46:41
28,6,The Voyage's Sacred Path,2013-02-15,,English,NC-17,2023-05-03 04:31:15,2023-05-03 04:31:15
29,2,Shattered Forest,2000-02-18,49.0,Sinhala,PG-13,2023-05-01 22:17:18,2023-05-01 22:17:18
30,5,The River's Whispering Path,2010-12-30,,English,PG,2023-05-04 18:22:32,2023-05-04 18:22:32
31,1,The Midnight Flame,2011-05-12,137.0,English,PG-13,2023-05-01 05:44:33,2023-05-01 05:44:33
32,5,The Sacred Storm,2012-09-08,,English,PG-13,2023-05-03 02:49:42,2023-05-03 02:49:42
33,1,The Eternal Flame,2014-08-22,159.0,Hindi,R,2023-05-03 06:36:09,2023-05-03 06:36:09
34,5,The Garden's Sacred Path,2017-09-01,,English,R,2023-05-04 10:43:30,2023-05-04 10:43:30
35,1,The Whispering Kingdom,1997-10-07,170.0,Sinhala,G,2023-05-02 09:55:09,2023-05-02 09:55:09
36,2,The Golden City,2000-07-10,23.0,Hindi,G,2023-05-01 09:48:34,2023-05-01 09:48:34
37,2,The Memory's Golden Path,2026-01-15,56.0,English,PG,2026-01-15 05:59:12,2026-01-15 05:59:12
38,1,Scarlet Orchard,2024-04-09,116.0,English,NC-17,2024-04-09 19:55:26,2024-04-09 19:55:26
39,5,The Endless Throne,2003-06-10,,Tamil,G,2023-05-03 08:49:05,2023-05-03 08:49:05
40,2,The Legacy's Shattered Path,2013-10-29,28.0,Sinhala,PG-13,2023-05-02 14:53:15,2023-05-02 14:53:15
41,3,The Shattered Harbor,2000-07-07,118.0,English,R,2023-05-02 07:48:11,2023-05-02 07:48:11
42,4,Scarlet Garden,2025-11-08,39.0,Hindi,R,2025-11-08 16:50:45,2025-11-08 16:50:45
43,2,Echoes of the Rising Sky,1998-08-14,48.0,English,PG-13,2023-05-01 22:33:28,2023-05-01 22:33:28
44,1,The Endless City,2019-05-01,91.0,English,R,2023-05-01 02:17:26,2023-05-01 02:17:26
45,2,Quiet Letter,2016-12-17,21.0,Hindi,R,2023-05-01 07:12:58,2023-05-01 07:12:58
46,5,Golden Orchard,1997-02-11,,Sinhala,PG,2023-05-04 12:52:14,2023-05-04 12:52:14
47,4,Dream of the Rising Sky,1998-12-12,18.0,English,NC-17,2023-05-01 14:54:15,2023-05-01 14:54:15
48,1,The Tide's Shattered Path,2018-05-08,115.0,Sinhala,R,2023-05-01 16:52:56,2023-05-01 16:52:56
49,4,The Mirror's Final Path,2025-03-10,21.0,English,R,2025-03-10 05:16:54,2025-03-10 05:16:54
50,1,The Burning Echoes,1999-04-19,121.0,English,PG,2023-05-02 21:56:31,2023-05-02 21:56:31
51,6,Mirror of the Radiant Sky,1995-10-12,,Hindi,NC-17,2023-05-03 22:54:04,2023-05-03 22:54:04
52,4,The Eternal Voyage,2013-08-05,70.0,English,PG-13,2023-05-02 17:57:58,2023-05-02 17:57:58
53,4,Scarlet Horizon,2002-03-05,70.0,English,NC-17,2023-05-03 06:49:08,2023-05-03 06:49:08
54,2,Tide of the Scarlet Sky,2008-11-26,31.0,English,R,2023-05-02 07:36:41,2023-05-02 07:36:41
55,2,The Broken Garden,2018-12-15,48.0,English,PG-13,2023-05-01 04:47:58,2023-05-01 04:47:58
56,1,Burning Memory,1998-09-21,134.0,English,R,2023-05-01 23:07:41,2023-05-01 23:07:41
57,5,Voyage of the Forgotten Sky,2005-08-10,,Tamil,NC-17,2023-05-04 02:40:09,2023-05-04 02:40:09
58,2,Last Throne,2016-06-23,55.0,Tamil,NC-17,2023-05-02 18:56:06,2023-05-02 18:56:06
59,5,The Wild Garden,2000-09-14,,English,PG,2023-05-01 17:18:47,2023-05-01 17:18:47
60,2,City of the Radiant Sky,2009-02-21,23.0,English,R,2023-05-01 10:24:23,2023-05-01 10:24:23
61,3,Throne of the Last Sky,2022-10-01,89.0,English,R,2023-05-02 18:57:09,2023-05-02 18:57:09
62,3,Journey of the Forgotten Sky,1998-09-15,113.0,Tamil,NC-17,2023-05-01 10:07:51,2023-05-01 10:07:51
63,2,The Quiet Orchard,2024-07-10,46.0,Sinhala,G,2024-07-10 16:32:11,2024-07-10 16:32:11
64,4,City of the Silent Sky,1998-05-22,48.0,Tamil,NC-17,2023-05-04 09:41:04,2023-05-04 09:41:04
65,1,The Flame's Endless Path,1999-08-31,178.0,Hindi,PG,2023-05-01 02:47:12,2023-05-01 02:47:12
66,1,Eternal Island,2021-07-13,123.0,English,NC-17,2023-05-03 03:03:49,2023-05-03 03:03:49
67,1,The Wild Signal,2008-03-10,82.0,Sinhala,G,2023-05-03 22:23:39,2023-05-03 22:23:39
68,4,The Signal's Forgotten Path,2004-09-30,40.0,Sinhala,NC-17,2023-05-03 02:00:18,2023-05-03 02:00:18
69,1,The City's Quiet Path,2005-10-21,110.0,Sinhala,G,2023-05-04 22:15:18,2023-05-04 22:15:18
70,2,Lost Throne,2015-08-08,26.0,Sinhala,G,2023-05-02 17:51:49,2023-05-02 17:51:49
71,2,The Forest's Frozen Path,2019-12-01,21.0,English,PG-13,2023-05-04 18:43:01,2023-05-04 18:43:01
72,1,The Midnight Memory,2022-06-13,161.0,Sinhala,R,2023-05-04 09:17:13,2023-05-04 09:17:13
73,4,Final Mirror,2018-06-13,21.0,English,G,2023-05-01 22:22:39,2023-05-01 22:22:39
74,1,The Frozen Signal,1997-11-06,138.0,English,R,2023-05-01 03:46:30,2023-05-01 03:46:30
75,3,The Broken Throne,2012-01-07,82.0,Sinhala,G,2023-05-01 01:17:45,2023-05-01 01:17:45
76,1,The Crimson Echoes,2015-02-28,125.0,Sinhala,NC-17,2023-05-01 10:45:34,2023-05-01 10:45:34
77,3,Silent Memory,2016-06-05,102.0,Sinhala,G,2023-05-03 06:55:40,2023-05-03 06:55:40
78,4,The Scarlet Kingdom,1997-09-21,70.0,Sinhala,NC-17,2023-05-02 09:04:45,2023-05-02 09:04:45
79,2,The Quiet Legacy,2004-05-07,42.0,Hindi,NC-17,2023-05-04 01:15:22,2023-05-04 01:15:22
80,4,Last Island,2010-02-26,53.0,English,NC-17,2023-05-01 12:38:07,2023-05-01 12:38:07
81,2,Letter of the Last Sky,2000-07-27,44.0,Tamil,NC-17,2023-05-02 09:13:06,2023-05-02 09:13:06
82,4,  The Echoes's Sacred Path  ,2013-12-21,61.0,English,NC-17,2023-05-03 17:11:37,2023-05-03 17:11:37
83,1,Distant River,2014-10-01,131.0,English,NC-17,2023-05-04 16:55:49,2023-05-04 16:55:49
84,4,The Hidden Legacy,1996-05-19,12.0,English,R,2023-05-03 21:53:53,2023-05-03 21:53:53
85,4,The Flame's Rising Path,2002-02-06,19.0,English,NC-17,2023-05-01 02:12:12,2023-05-01 02:12:12
86,4,The Final Garden,2016-10-11,32.0,Spanish,G,2023-05-03 05:35:23,2023-05-03 05:35:23
87,2,The Forest's Hidden Path,2015-07-17,48.0,English,PG-13,2023-05-04 20:52:56,2023-05-04 20:52:56
88,6,Silent Throne,2019-11-14,,English,G,2023-05-03 13:17:57,2023-05-03 13:17:57
89,4,Flame of the Shattered Sky,1997-12-02,71.0,English,R,2023-05-01 04:15:32,2023-05-01 04:15:32
90,6,The Horizon's Endless Path,2015-02-05,,English,NC-17,2023-05-04 18:18:13,2023-05-04 18:18:13
91,6,The Island's Hidden Path,2011-10-21,,French,PG-13,2023-05-02 05:24:48,2023-05-02 05:24:48
92,2,The Final Empire,2019-04-15,55.0,Sinhala,PG,2023-05-01 02:30:35,2023-05-01 02:30:35
93,1,Signal of the Burning Sky,2000-10-07,157.0,Tamil,G,2023-05-03 03:46:01,2023-05-03 03:46:01
94,6,The Endless Flame,2022-07-16,,Sinhala,PG,2023-05-03 10:06:31,2023-05-03 10:06:31
95,4,Storm of the Eternal Sky,2011-01-12,34.0,,R,2023-05-04 20:06:21,2023-05-04 20:06:21
96,1,The Hidden Tide,2015-05-01,153.0,French,PG-13,2023-05-02 00:22:37,2023-05-02 00:22:37
97,1,Horizon of the Quiet Sky,2019-09-12,97.0,Hindi,PG-13,2023-05-03 21:39:41,2023-05-03 21:39:41
98,4,The Dream's Shattered Path,2005-12-20,36.0,French,G,2023-05-02 20:08:39,2023-05-02 20:08:39
99,1,Rising Flame,2009-01-07,126.0,Sinhala,R,2023-05-04 11:28:12,2023-05-04 11:28:12
100,4,  The Burning Shadow  ,2010-08-07,47.0,English,R,2023-05-03 06:58:52,2023-05-03 06:58:52
101,2,Island of the Rising Sky,2017-10-26,46.0,Sinhala,NC-17,2023-05-02 22:35:50,2023-05-02 22:35:50
102,4,The Scarlet Flame,2002-08-05,21.0,Spanish,NC-17,2023-05-02 10:18:14,2023-05-02 10:18:14
103,4,Hidden Island,2011-04-25,18.0,English,PG,2023-05-04 19:02:41,2023-05-04 19:02:41
104,1,Memory of the Eternal Sky,1996-10-04,94.0,Sinhala,G,2023-05-02 20:51:42,2023-05-02 20:51:42
105,1,The Broken Storm,2014-04-18,169.0,English,G,2023-05-01 14:32:30,2023-05-01 14:32:30
106,2,The Kingdom's Silent Path,2023-01-27,46.0,English,PG,2023-05-03 21:41:38,2023-05-03 21:41:38
107,3,The Letter's Hidden Path,2016-05-25,110.0,English,G,2023-05-04 07:12:58,2023-05-04 07:12:58
108,4,Golden Legacy,2013-03-28,7.0,Spanish,R,2023-05-02 22:52:56,2023-05-02 22:52:56
109,1,The Memory's Last Path,2022-04-25,106.0,English,G,2023-05-03 07:56:48,2023-05-03 07:56:48
110,2,The Flame's Wild Path,2007-10-05,21.0,English,NC-17,2023-05-03 16:45:32,2023-05-03 16:45:32
111,1,Forest of the Broken Sky,2009-10-12,100.0,Hindi,PG-13,2023-05-03 02:33:32,2023-05-03 02:33:32
112,5,Sacred Voyage,2003-11-13,,French,R,2023-05-04 12:31:38,2023-05-04 12:31:38
113,6,The Tide's Crimson Path,2008-04-15,,English,PG-13,2023-05-02 06:27:18,2023-05-02 06:27:18
114,5,Endless Signal,2022-05-28,,French,R,2023-05-02 17:17:03,2023-05-02 17:17:03
115,1,The Forgotten City,2017-04-04,141.0,English,R,2023-05-04 12:58:21,2023-05-04 12:58:21
116,1,Hidden Throne,2023-05-11,149.0,Tamil,G,2023-05-11 07:40:20,2023-05-11 07:40:20
117,5,  The Restless Kingdom  ,2023-12-07,,English,G,2023-12-07 10:50:04,2023-12-07 10:50:04
118,2,Letter of the Eternal Sky,2010-03-10,48.0,English,R,2023-05-01 18:43:50,2023-05-01 18:43:50
119,4,Letter of the Radiant Sky,2011-12-12,50.0,English,NC-17,2023-05-04 09:26:07,2023-05-04 09:26:07
120,4,Hidden Dream,1997-11-15,5.0,Hindi,G,2023-05-04 03:16:25,2023-05-04 03:16:25
121,4,The Hidden Letter,2003-06-26,75.0,,PG,2023-05-02 11:11:38,2023-05-02 11:11:38
122,3,Storm of the Golden Sky,2005-01-10,99.0,Spanish,PG-13,2023-05-04 01:53:38,2023-05-04 01:53:38
123,1,Wild Letter,1995-06-23,152.0,Hindi,G,2023-05-01 17:25:57,2023-05-01 17:25:57
124,1,Distant Storm,2025-10-01,160.0,English,PG-13,2025-10-01 23:16:51,2025-10-01 23:16:51
125,2,The Journey's Crimson Path,2001-08-19,56.0,English,NC-17,2023-05-03 13:29:20,2023-05-03 13:29:20
126,4,The Shattered City,2021-10-06,15.0,English,NC-17,2023-05-02 15:42:21,2023-05-02 15:42:21
127,3,Burning Harbor,2025-08-25,42.0,English,R,2025-08-25 18:15:01,2025-08-25 18:15:01
128,5,The Mirror's Crimson Path,2014-06-01,,English,PG,2023-05-02 00:56:15,2023-05-02 00:56:15
129,4,Silent Letter,2002-11-18,69.0,Hindi,R,2023-05-02 01:04:07,2023-05-02 01:04:07
130,3,Island of the Radiant Sky,2012-06-05,71.0,English,PG-13,2023-05-03 23:24:36,2023-05-03 23:24:36
131,4,The Legacy's Frozen Path,2005-01-22,37.0,Spanish,R,2023-05-02 14:51:46,2023-05-02 14:51:46
132,1,The Flame's Burning Path,2005-04-28,133.0,Sinhala,PG,2023-05-02 12:09:09,2023-05-02 12:09:09
133,6,Storm of the Restless Sky,1998-04-30,,English,PG,2023-05-02 03:29:06,2023-05-02 03:29:06
134,1,Shadow of the Golden Sky,2017-12-27,166.0,Sinhala,PG-13,2023-05-01 15:12:49,2023-05-01 15:12:49
135,3,Horizon of the Radiant Sky,2009-02-02,106.0,English,PG,2023-05-01 08:16:24,2023-05-01 08:16:24
136,3,Voyage of the Final Sky,2013-02-02,48.0,Sinhala,G,2023-05-02 22:44:25,2023-05-02 22:44:25
137,1,Crimson Orchard,1997-02-12,131.0,Sinhala,R,2023-05-03 16:12:04,2023-05-03 16:12:04
138,2,The Crimson Flame,2006-02-16,32.0,Spanish,PG,2023-05-03 13:24:20,2023-05-03 13:24:20
139,5,Broken Harbor,2020-04-05,,English,PG-13,2023-05-03 09:21:14,2023-05-03 09:21:14
140,5,Whispering Legacy,2006-02-03,,Sinhala,G,2023-05-02 19:05:25,2023-05-02 19:05:25
141,2,Whispering Empire,2016-01-20,50.0,English,G,2023-05-02 14:45:52,2023-05-02 14:45:52
142,1,Tide of the Eternal Sky,2023-11-26,142.0,Tamil,PG,2023-11-26 18:44:53,2023-11-26 18:44:53
143,3,Horizon of the Broken Sky,2018-11-19,103.0,,NC-17,2023-05-03 00:54:11,2023-05-03 00:54:11
144,5,The Golden Horizon,1996-01-30,,French,R,2023-05-04 17:34:30,2023-05-04 17:34:30
145,2,The Frozen River,2010-06-07,45.0,English,NC-17,2023-05-01 12:49:41,2023-05-01 12:49:41
146,4,The River's Distant Path,2002-11-05,56.0,English,G,2023-05-02 14:41:48,2023-05-02 14:41:48
147,5,Forgotten Empire,2013-05-17,,English,PG,2023-05-01 20:29:39,2023-05-01 20:29:39
148,5,Eternal Echoes,2021-04-20,,Hindi,PG,2023-05-01 21:44:28,2023-05-01 21:44:28
149,1,The Horizon's Hidden Path,2015-11-09,128.0,English,G,2023-05-01 20:24:06,2023-05-01 20:24:06
150,6,The Quiet Dream,2022-01-20,,English,NC-17,2023-05-04 21:44:32,2023-05-04 21:44:32
151,5,The Mirror's Rising Path,2002-06-23,,English,G,2023-05-02 04:46:24,2023-05-02 04:46:24
152,1,The Dream's Lost Path,2014-09-30,143.0,English,NC-17,2023-05-04 01:47:52,2023-05-04 01:47:52
153,2,Voyage of the Lost Sky,2000-10-18,30.0,English,R,2023-05-03 05:54:59,2023-05-03 05:54:59
154,5,The Quiet Forest,1998-05-12,,Sinhala,PG-13,2023-05-01 14:31:42,2023-05-01 14:31:42
155,3,Voyage of the Midnight Sky,2023-07-19,104.0,Sinhala,NC-17,2023-07-19 04:53:57,2023-07-19 04:53:57
156,1,Storm of the Frozen Sky,2005-12-24,157.0,Sinhala,PG-13,2023-05-04 10:08:23,2023-05-04 10:08:23
157,2,The Scarlet Signal,2019-06-28,27.0,English,PG-13,2023-05-01 16:38:04,2023-05-01 16:38:04
158,3,The Throne's Endless Path,2010-03-22,49.0,English,PG-13,2023-05-01 02:05:31,2023-05-01 02:05:31
159,1,Storm of the Quiet Sky,2018-07-16,153.0,Hindi,PG-13,2023-05-03 19:03:29,2023-05-03 19:03:29
160,4,The Orchard's Golden Path,2018-03-16,20.0,Sinhala,NC-17,2023-05-03 01:24:14,2023-05-03 01:24:14
161,1,Silent Kingdom,2003-06-28,142.0,English,R,2023-05-03 10:48:57,2023-05-03 10:48:57
162,3,Letter of the Quiet Sky,1998-01-24,43.0,,PG-13,2023-05-03 14:41:40,2023-05-03 14:41:40
163,5,The Empire's Distant Path,2004-03-31,,English,R,2023-05-02 17:55:21,2023-05-02 17:55:21
164,2,Rising Empire,2003-11-23,44.0,Hindi,PG,2023-05-04 11:57:28,2023-05-04 11:57:28
165,3,The Forgotten Memory,2004-05-02,77.0,Spanish,G,2023-05-01 22:39:05,2023-05-01 22:39:05
166,4,Final Garden,1996-09-04,43.0,English,G,2023-05-03 15:42:52,2023-05-03 15:42:52
167,1,Endless Flame,2001-10-21,103.0,English,PG,2023-05-04 13:23:01,2023-05-04 13:23:01
168,4,Distant Journey,2004-04-17,7.0,Tamil,NC-17,2023-05-01 09:10:10,2023-05-01 09:10:10
169,4,Storm of the Broken Sky,2013-08-01,32.0,English,PG,2023-05-02 10:31:34,2023-05-02 10:31:34
170,5,  Voyage of the Eternal Sky  ,2023-06-16,,Spanish,G,2023-06-16 06:33:15,2023-06-16 06:33:15
171,3,The Eternal Echoes,2011-06-10,58.0,English,G,2023-05-04 09:43:43,2023-05-04 09:43:43
172,3,The Last Echoes,2010-01-23,47.0,Tamil,PG-13,2023-05-01 12:20:57,2023-05-01 12:20:57
173,1,Sacred Shadow,2010-01-15,124.0,English,PG,2023-05-02 07:20:43,2023-05-02 07:20:43
174,1,Signal of the Silent Sky,2005-05-31,122.0,English,PG-13,2023-05-03 02:44:42,2023-05-03 02:44:42
175,6,Wild Throne,1997-07-07,,,R,2023-05-02 06:10:57,2023-05-02 06:10:57
176,1,The Midnight Signal,2012-01-14,88.0,English,G,2023-05-04 12:02:00,2023-05-04 12:02:00
177,1,The Quiet Garden,2007-04-02,128.0,Sinhala,NC-17,2023-05-03 04:34:33,2023-05-03 04:34:33
178,5,Memory of the Restless Sky,2018-01-30,,English,PG-13,2023-05-02 10:05:31,2023-05-02 10:05:31
179,5,Voyage of the Last Sky,2011-10-28,,English,PG-13,2023-05-01 04:06:00,2023-05-01 04:06:00
180,1,Shadow of the Wild Sky,2004-09-20,86.0,Tamil,PG-13,2023-05-04 09:50:58,2023-05-04 09:50:58
181,4,The Mirror's Hidden Path,2007-06-24,5.0,Sinhala,PG,2023-05-03 15:34:53,2023-05-03 15:34:53
182,6,Crimson Shadow,2011-06-19,,English,NC-17,2023-05-01 17:17:30,2023-05-01 17:17:30
183,5,The Broken Legacy,2016-09-12,,Sinhala,R,2023-05-01 22:18:07,2023-05-01 22:18:07
184,1,Memory of the Forgotten Sky,1998-09-26,90.0,English,G,2023-05-02 05:45:00,2023-05-02 05:45:00
185,4,The Legacy's Rising Path,2017-12-11,34.0,Hindi,G,2023-05-01 05:59:52,2023-05-01 05:59:52
186,1,Frozen Orchard,2006-02-06,165.0,English,G,2023-05-04 13:38:33,2023-05-04 13:38:33
187,1,The Silent Forest,2001-11-03,136.0,Hindi,NC-17,2023-05-04 13:09:06,2023-05-04 13:09:06
188,4,The Tide's Quiet Path,2001-09-16,9.0,Sinhala,PG-13,2023-05-01 23:01:44,2023-05-01 23:01:44
189,4,Golden Letter,2014-04-20,10.0,Sinhala,R,2023-05-03 07:08:39,2023-05-03 07:08:39
190,2,The Golden Island,2024-04-21,40.0,English,G,2024-04-21 16:15:41,2024-04-21 16:15:41
191,6,Throne of the Golden Sky,2018-10-10,,French,PG-13,2023-05-01 23:56:27,2023-05-01 23:56:27
192,2,The Signal's Frozen Path,2021-05-19,33.0,English,R,2023-05-04 07:52:06,2023-05-04 07:52:06
193,1,The Letter's Burning Path,2021-02-13,150.0,English,G,2023-05-03 08:00:35,2023-05-03 08:00:35
194,2,The Island's Frozen Path,2005-08-28,23.0,English,NC-17,2023-05-01 18:07:14,2023-05-01 18:07:14
195,1,The Scarlet Storm,1995-12-24,132.0,English,NC-17,2023-05-02 02:09:18,2023-05-02 02:09:18
196,1,Shadow of the Restless Sky,2001-07-25,105.0,English,PG-13,2023-05-03 20:10:29,2023-05-03 20:10:29
197,1,The Orchard's Broken Path,2002-01-19,148.0,English,G,2023-05-01 14:04:46,2023-05-01 14:04:46
198,1,The Echoes's Distant Path,2010-02-12,106.0,English,PG,2023-05-03 16:25:18,2023-05-03 16:25:18
199,2,Lost Letter,1998-07-01,37.0,English,G,2023-05-01 02:54:20,2023-05-01 02:54:20
200,5,The River's Hidden Path,2016-03-27,,Tamil,NC-17,2023-05-04 03:07:58,2023-05-04 03:07:58
201,1,The Scarlet Dream,2016-02-12,179.0,Hindi,PG-13,2023-05-02 21:13:44,2023-05-02 21:13:44
202,2,The Restless Orchard,2025-11-11,46.0,English,NC-17,2025-11-11 18:22:04,2025-11-11 18:22:04
203,2,The Broken Memory,2005-04-04,43.0,Tamil,NC-17,2023-05-01 20:18:03,2023-05-01 20:18:03
204,1,Throne of the Lost Sky,2022-10-31,153.0,Sinhala,PG-13,2023-05-04 03:43:56,2023-05-04 03:43:56
205,2,Kingdom of the Silent Sky,1996-08-01,31.0,English,PG-13,2023-05-01 01:45:38,2023-05-01 01:45:38
206,4,Shattered Legacy,2004-09-06,10.0,English,NC-17,2023-05-03 17:12:59,2023-05-03 17:12:59
207,6,Burning Letter,2013-07-17,,Sinhala,R,2023-05-04 10:16:04,2023-05-04 10:16:04
208,1,Burning Empire,2018-10-28,97.0,English,R,2023-05-02 16:00:17,2023-05-02 16:00:17
209,1,The Tide's Final Path,2022-12-03,98.0,Sinhala,PG-13,2023-05-04 08:39:35,2023-05-04 08:39:35
210,2,The Dream's Frozen Path,2013-03-07,32.0,Tamil,G,2023-05-01 07:28:46,2023-05-01 07:28:46
211,2,Orchard of the Final Sky,2010-02-04,25.0,English,PG,2023-05-04 19:39:40,2023-05-04 19:39:40
212,1,Endless City,2013-12-08,163.0,Tamil,PG-13,2023-05-02 14:35:31,2023-05-02 14:35:31
213,5,Tide of the Hidden Sky,2013-07-15,,English,G,2023-05-04 10:56:26,2023-05-04 10:56:26
214,3,Restless Voyage,2002-05-02,62.0,Hindi,NC-17,2023-05-03 01:02:32,2023-05-03 01:02:32
215,5,The Burning Harbor,1996-04-28,,English,PG-13,2023-05-04 02:42:50,2023-05-04 02:42:50
216,5,Harbor of the Final Sky,2006-02-05,,Spanish,NC-17,2023-05-01 02:32:10,2023-05-01 02:32:10
217,4,The Hidden Shadow,2022-03-15,33.0,Tamil,G,2023-05-03 09:21:04,2023-05-03 09:21:04
218,1,Forgotten Orchard,2014-01-23,95.0,Sinhala,G,2023-05-03 09:11:58,2023-05-03 09:11:58
219,2,Midnight Signal,2022-02-16,55.0,English,NC-17,2023-05-01 13:59:16,2023-05-01 13:59:16
220,1,The Legacy's Endless Path,2004-05-09,107.0,Tamil,PG-13,2023-05-04 15:10:25,2023-05-04 15:10:25
221,4,Scarlet Island,2017-10-18,45.0,English,G,2023-05-04 02:57:29,2023-05-04 02:57:29
222,1,Burning Tide,2025-11-11,96.0,Sinhala,G,2025-11-11 22:10:40,2025-11-11 22:10:40
223,5,The Burning Kingdom,2021-02-27,,,PG,2023-05-01 17:33:28,2023-05-01 17:33:28
224,4,The Forest's Whispering Path,2012-08-27,5.0,English,PG,2023-05-04 15:01:16,2023-05-04 15:01:16
225,1,The Eternal Island,2004-01-15,149.0,English,PG,2023-05-02 12:15:45,2023-05-02 12:15:45
226,2,Forest of the Radiant Sky,2014-07-24,40.0,English,PG-13,2023-05-01 18:02:54,2023-05-01 18:02:54
227,3,Scarlet Tide,2003-01-20,111.0,English,NC-17,2023-05-04 11:44:55,2023-05-04 11:44:55
228,5,The Wild Island,2021-12-14,,English,PG-13,2023-05-02 16:10:06,2023-05-02 16:10:06
229,5,Golden Throne,2023-04-28,,Spanish,NC-17,2023-05-04 10:18:16,2023-05-04 10:18:16
230,1,Last Harbor,2001-11-18,146.0,Spanish,PG,2023-05-02 19:55:42,2023-05-02 19:55:42
231,2,Forest of the Sacred Sky,2000-10-21,26.0,English,R,2023-05-02 23:58:01,2023-05-02 23:58:01
232,1,Island of the Lost Sky,2017-10-17,147.0,Hindi,G,2023-05-03 06:23:09,2023-05-03 06:23:09
233,1,Quiet Throne,2008-05-29,127.0,English,R,2023-05-02 11:34:07,2023-05-02 11:34:07
234,4,The Golden Garden,2008-09-05,7.0,English,PG-13,2023-05-01 15:31:37,2023-05-01 15:31:37
235,4,The Kingdom's Crimson Path,2017-07-14,75.0,Sinhala,PG-13,2023-05-01 11:22:31,2023-05-01 11:22:31
236,3,The Forgotten Journey,1996-02-14,41.0,Hindi,G,2023-05-04 11:49:49,2023-05-04 11:49:49
237,1,Whispering Harbor,2009-10-27,149.0,English,PG,2023-05-01 14:13:20,2023-05-01 14:13:20
238,2,The Sacred Harbor,2023-01-21,53.0,French,NC-17,2023-05-03 18:56:10,2023-05-03 18:56:10
239,3,Signal of the Golden Sky,2005-11-14,42.0,Sinhala,PG-13,2023-05-03 17:58:22,2023-05-03 17:58:22
240,5,The Voyage's Final Path,2005-02-28,,English,R,2023-05-01 08:54:30,2023-05-01 08:54:30
241,1,Letter of the Crimson Sky,2024-02-28,178.0,Sinhala,R,2024-02-28 22:09:13,2024-02-28 22:09:13
242,4,Garden of the Broken Sky,2012-06-20,7.0,English,PG,2023-05-04 20:35:25,2023-05-04 20:35:25
243,6,The Whispering Storm,1997-01-27,,English,G,2023-05-02 00:40:37,2023-05-02 00:40:37
244,1,The Throne's Quiet Path,1997-07-30,93.0,English,PG,2023-05-02 18:12:27,2023-05-02 18:12:27
245,1,Memory of the Whispering Sky,2006-08-10,122.0,English,R,2023-05-04 22:40:32,2023-05-04 22:40:32
246,6,Distant Orchard,2014-11-20,,Tamil,PG-13,2023-05-02 15:10:13,2023-05-02 15:10:13
247,4,The Radiant Signal,2024-09-30,10.0,English,PG,2024-09-30 13:45:29,2024-09-30 13:45:29
248,5,The Journey's Forgotten Path,1996-04-03,,English,R,2023-05-03 14:58:08,2023-05-03 14:58:08
249,5,The Endless Memory,2005-04-28,,Sinhala,R,2023-05-03 11:32:07,2023-05-03 11:32:07
250,1,The Final Storm,2003-08-17,177.0,Sinhala,NC-17,2023-05-03 17:12:40,2023-05-03 17:12:40
251,1,The Sacred Tide,2010-06-23,97.0,English,PG-13,2023-05-02 01:29:57,2023-05-02 01:29:57
252,3,The Throne's Forgotten Path,2017-01-18,107.0,English,R,2023-05-01 05:48:17,2023-05-01 05:48:17
253,2,Wild Horizon,2004-01-29,21.0,Hindi,PG-13,2023-05-04 05:38:53,2023-05-04 05:38:53
254,4,Scarlet Storm,2021-08-24,64.0,English,R,2023-05-04 01:25:20,2023-05-04 01:25:20
255,2,Distant Throne,1998-10-06,25.0,English,G,2023-05-03 20:54:06,2023-05-03 20:54:06
256,3,Empire of the Radiant Sky,2009-10-21,56.0,,G,2023-05-03 21:43:45,2023-05-03 21:43:45
257,4,The Throne's Broken Path,2007-12-27,18.0,Hindi,PG,2023-05-02 19:08:28,2023-05-02 19:08:28
258,3,The Voyage's Hidden Path,2020-11-01,103.0,English,NC-17,2023-05-01 02:17:23,2023-05-01 02:17:23
259,2,The Flame's Lost Path,2019-08-01,60.0,Hindi,R,2023-05-01 11:25:58,2023-05-01 11:25:58
260,4,The Garden's Shattered Path,2002-04-06,62.0,English,NC-17,2023-05-02 05:34:16,2023-05-02 05:34:16
261,1,  Horizon of the Golden Sky  ,2022-11-26,162.0,Sinhala,G,2023-05-02 15:37:03,2023-05-02 15:37:03
262,1,Shadow of the Shattered Sky,2022-07-07,119.0,English,G,2023-05-03 18:49:06,2023-05-03 18:49:06
263,4,The Midnight Garden,2013-02-28,15.0,English,PG,2023-05-03 19:37:45,2023-05-03 19:37:45
264,4,  Golden Harbor  ,2026-03-25,68.0,English,PG-13,2026-03-25 03:58:47,2026-03-25 03:58:47
265,3,The Restless Garden,2012-08-19,45.0,English,R,2023-05-01 16:44:44,2023-05-01 16:44:44
266,2,Endless Throne,2007-09-07,56.0,English,PG-13,2023-05-01 14:43:44,2023-05-01 14:43:44
267,1,Eternal Forest,2005-04-12,144.0,Tamil,G,2023-05-01 10:29:31,2023-05-01 10:29:31
268,1,Silent Garden,2001-11-18,93.0,Tamil,NC-17,2023-05-04 00:48:34,2023-05-04 00:48:34
269,1,Silent Mirror,2005-10-20,148.0,English,PG,2023-05-03 17:05:17,2023-05-03 17:05:17
270,1,The Radiant Mirror,2020-07-15,141.0,English,PG,2023-05-03 23:47:06,2023-05-03 23:47:06
271,1,The Letter's Forgotten Path,2002-06-27,100.0,English,G,2023-05-02 00:03:33,2023-05-02 00:03:33
272,4,The Distant Signal,2008-03-21,55.0,English,NC-17,2023-05-04 01:08:16,2023-05-04 01:08:16
273,1,Golden Signal,1995-02-19,164.0,Hindi,PG-13,2023-05-04 11:16:18,2023-05-04 11:16:18
274,5,Kingdom of the Endless Sky,2011-10-07,,English,R,2023-05-01 03:31:38,2023-05-01 03:31:38
275,5,Signal of the Last Sky,2023-03-03,,Hindi,R,2023-05-03 05:11:20,2023-05-03 05:11:20
276,4,Restless Echoes,2000-03-24,69.0,English,PG-13,2023-05-03 01:53:20,2023-05-03 01:53:20
277,2,  Burning Legacy  ,2024-10-03,43.0,English,R,2024-10-03 12:55:27,2024-10-03 12:55:27
278,1,The Journey's Radiant Path,1996-10-13,85.0,Tamil,G,2023-05-02 04:52:06,2023-05-02 04:52:06
279,6,Throne of the Distant Sky,2004-04-28,,English,R,2023-05-02 23:46:07,2023-05-02 23:46:07
280,1,The Garden's Broken Path,2016-05-23,136.0,English,NC-17,2023-05-02 09:19:29,2023-05-02 09:19:29
281,1,The Harbor's Burning Path,2007-02-09,101.0,Hindi,PG,2023-05-01 01:53:44,2023-05-01 01:53:44
282,5,Mirror of the Golden Sky,2021-05-13,,English,PG,2023-05-03 06:05:07,2023-05-03 06:05:07
283,1,Endless Island,2012-10-02,116.0,Tamil,NC-17,2023-05-02 06:29:51,2023-05-02 06:29:51
284,1,Island of the Restless Sky,2024-02-23,88.0,Sinhala,G,2024-02-23 07:04:44,2024-02-23 07:04:44
285,4,Midnight Legacy,2018-04-29,32.0,Tamil,G,2023-05-04 10:08:03,2023-05-04 10:08:03
286,3,The Kingdom's Midnight Path,2015-11-02,63.0,English,PG-13,2023-05-04 10:33:30,2023-05-04 10:33:30
287,2,Voyage of the Quiet Sky,2006-06-10,51.0,Hindi,NC-17,2023-05-04 23:12:16,2023-05-04 23:12:16
288,2,The Voyage's Restless Path,2009-12-31,40.0,French,PG,2023-05-01 23:33:25,2023-05-01 23:33:25
289,2,Hidden City,2000-11-15,34.0,English,PG-13,2023-05-04 01:10:45,2023-05-04 01:10:45
290,1,Signal of the Crimson Sky,2003-08-07,142.0,Sinhala,G,2023-05-03 15:56:51,2023-05-03 15:56:51
291,1,Radiant City,2024-06-17,109.0,English,PG,2024-06-17 00:07:04,2024-06-17 00:07:04
292,1,Broken Legacy,2004-01-28,157.0,English,G,2023-05-03 11:51:30,2023-05-03 11:51:30
293,1,The Legacy's Radiant Path,2011-05-24,82.0,English,NC-17,2023-05-04 18:38:03,2023-05-04 18:38:03
294,3,Restless Tide,2018-09-27,65.0,English,PG-13,2023-05-01 06:25:58,2023-05-01 06:25:58
295,6,Mirror of the Rising Sky,2024-06-27,,English,NC-17,2024-06-27 10:56:03,2024-06-27 10:56:03
296,4,The Memory's Forgotten Path,2004-10-23,18.0,Tamil,PG,2023-05-01 23:22:07,2023-05-01 23:22:07
297,5,The Island's Golden Path,2004-12-20,,Spanish,G,2023-05-02 14:38:19,2023-05-02 14:38:19
298,4,Whispering River,1997-10-16,11.0,Sinhala,PG,2023-05-01 03:54:33,2023-05-01 03:54:33
299,2,The Garden's Crimson Path,2005-12-24,27.0,Tamil,PG,2023-05-02 09:04:57,2023-05-02 09:04:57
300,4,The Legacy's Wild Path,2024-06-18,18.0,Sinhala,R,2024-06-18 11:56:59,2024-06-18 11:56:59
301,6,The Sacred Letter,2005-03-11,,English,PG,2023-05-02 09:26:52,2023-05-02 09:26:52
302,4,Signal of the Shattered Sky,1998-10-15,13.0,English,R,2023-05-01 23:24:06,2023-05-01 23:24:06
303,2,The Final Shadow,2001-06-29,39.0,Tamil,G,2023-05-02 09:40:17,2023-05-02 09:40:17
304,1,City of the Forgotten Sky,2011-11-25,114.0,Sinhala,R,2023-05-03 07:20:12,2023-05-03 07:20:12
305,1,Final Storm,2007-03-05,167.0,Hindi,NC-17,2023-05-04 06:48:40,2023-05-04 06:48:40
306,6,Sacred River,2023-06-21,,English,R,2023-06-21 17:31:27,2023-06-21 17:31:27
307,1,Lost City,2020-05-22,99.0,Tamil,PG,2023-05-03 08:03:49,2023-05-03 08:03:49
308,4,  The Burning Signal  ,2005-04-12,21.0,Spanish,R,2023-05-03 22:57:20,2023-05-03 22:57:20
309,1,The Sacred Signal,2019-12-19,177.0,Sinhala,NC-17,2023-05-02 10:43:54,2023-05-02 10:43:54
310,1,The Crimson River,2016-03-08,127.0,Spanish,PG-13,2023-05-04 12:48:55,2023-05-04 12:48:55
311,5,The Quiet River,2023-03-16,,English,R,2023-05-04 04:56:51,2023-05-04 04:56:51
312,5,The Voyage's Forgotten Path,2022-12-28,,English,NC-17,2023-05-02 23:28:08,2023-05-02 23:28:08
313,3,The Letter's Distant Path,1998-07-06,59.0,English,PG,2023-05-01 22:47:36,2023-05-01 22:47:36
314,1,The Scarlet Legacy,2014-06-16,172.0,English,PG-13,2023-05-04 14:15:25,2023-05-04 14:15:25
315,5,River of the Shattered Sky,2007-04-09,,English,G,2023-05-04 13:30:45,2023-05-04 13:30:45
316,1,The Eternal Empire,2000-02-03,98.0,Tamil,R,2023-05-02 13:56:01,2023-05-02 13:56:01
317,6,Kingdom of the Rising Sky,2011-04-28,,Spanish,PG,2023-05-02 17:03:18,2023-05-02 17:03:18
318,6,The Garden's Burning Path,2001-02-12,,Sinhala,R,2023-05-01 02:11:48,2023-05-01 02:11:48
319,2,  Last Journey  ,2010-03-22,45.0,English,R,2023-05-01 23:24:09,2023-05-01 23:24:09
320,1,The Golden Voyage,2026-05-15,179.0,English,PG,2026-05-15 08:20:30,2026-05-15 08:20:30
321,1,The Broken Forest,2024-08-23,90.0,English,PG,2024-08-23 21:52:57,2024-08-23 21:52:57
322,5,The Horizon's Final Path,2008-06-30,,Sinhala,PG,2023-05-01 14:34:21,2023-05-01 14:34:21
323,4,Golden Echoes,2008-05-27,31.0,English,PG-13,2023-05-03 04:05:51,2023-05-03 04:05:51
324,6,The Radiant Journey,1998-12-08,,French,PG-13,2023-05-03 10:53:34,2023-05-03 10:53:34
325,1,Orchard of the Sacred Sky,2006-06-16,166.0,Sinhala,PG,2023-05-04 07:20:23,2023-05-04 07:20:23
326,1,Voyage of the Crimson Sky,2000-11-14,129.0,English,R,2023-05-02 15:43:58,2023-05-02 15:43:58
327,1,Burning Journey,2000-07-11,124.0,French,NC-17,2023-05-01 15:14:57,2023-05-01 15:14:57
328,5,The Burning River,2014-01-28,,Spanish,PG-13,2023-05-03 16:48:43,2023-05-03 16:48:43
329,1,Horizon of the Burning Sky,2013-04-23,119.0,English,PG,2023-05-02 20:44:46,2023-05-02 20:44:46
330,2,Rising Throne,2016-11-24,32.0,English,PG,2023-05-01 01:53:12,2023-05-01 01:53:12
331,5,Scarlet River,1999-12-24,,Sinhala,PG-13,2023-05-04 02:45:04,2023-05-04 02:45:04
332,4,  Voyage of the Burning Sky  ,1997-10-14,52.0,English,PG,2023-05-01 12:09:42,2023-05-01 12:09:42
333,4,The Rising Garden,2022-09-07,15.0,,R,2023-05-02 01:29:34,2023-05-02 01:29:34
334,3,Storm of the Wild Sky,2020-03-28,70.0,English,R,2023-05-04 06:02:11,2023-05-04 06:02:11
335,2,  Shadow of the Silent Sky  ,1996-07-31,54.0,Sinhala,NC-17,2023-05-02 14:47:08,2023-05-02 14:47:08
336,1,The Letter's Scarlet Path,2013-05-12,88.0,English,PG,2023-05-01 01:29:34,2023-05-01 01:29:34
337,6,Journey of the Frozen Sky,2012-11-15,,English,PG-13,2023-05-04 14:32:05,2023-05-04 14:32:05
338,2,Eternal Storm,2013-09-14,26.0,Hindi,PG-13,2023-05-04 10:12:44,2023-05-04 10:12:44
339,1,Hidden Signal,2011-12-08,124.0,Sinhala,PG,2023-05-03 07:57:07,2023-05-03 07:57:07
340,3,Burning Flame,2023-03-30,113.0,English,G,2023-05-03 22:03:16,2023-05-03 22:03:16
341,1,Whispering City,2023-01-01,142.0,Sinhala,R,2023-05-01 05:58:00,2023-05-01 05:58:00
342,2,Endless Voyage,2011-08-30,20.0,French,G,2023-05-02 07:49:25,2023-05-02 07:49:25
343,1,Horizon of the Lost Sky,2013-04-25,137.0,English,G,2023-05-01 07:09:49,2023-05-01 07:09:49
344,4,Endless Legacy,1998-03-11,28.0,,PG-13,2023-05-03 06:23:53,2023-05-03 06:23:53
345,4,Empire of the Midnight Sky,2005-02-07,9.0,English,R,2023-05-03 14:50:14,2023-05-03 14:50:14
346,5,The Flame's Whispering Path,2011-10-10,,English,PG-13,2023-05-01 03:39:13,2023-05-01 03:39:13
347,1,  The Frozen City  ,2004-01-01,162.0,English,G,2023-05-02 10:26:34,2023-05-02 10:26:34
348,5,Echoes of the Crimson Sky,1998-12-23,,English,G,2023-05-02 17:01:10,2023-05-02 17:01:10
349,4,Shattered Dream,2000-04-07,44.0,English,PG,2023-05-02 01:27:44,2023-05-02 01:27:44
350,2,Mirror of the Frozen Sky,2005-05-05,44.0,English,R,2023-05-04 19:43:37,2023-05-04 19:43:37
351,2,Quiet Kingdom,2009-06-11,36.0,English,PG,2023-05-03 19:17:58,2023-05-03 19:17:58
352,3,Shattered Orchard,2022-12-09,115.0,English,R,2023-05-01 13:33:23,2023-05-01 13:33:23
353,2,Dream of the Silent Sky,2009-09-23,22.0,Hindi,R,2023-05-04 22:38:54,2023-05-04 22:38:54
354,2,Radiant Orchard,2012-01-26,31.0,Hindi,PG-13,2023-05-02 06:39:51,2023-05-02 06:39:51
355,1,The Journey's Distant Path,2000-08-13,150.0,Sinhala,R,2023-05-01 15:22:58,2023-05-01 15:22:58
356,6,Radiant Horizon,2006-05-23,,French,NC-17,2023-05-02 22:50:54,2023-05-02 22:50:54
357,6,Throne of the Final Sky,2018-08-30,,English,G,2023-05-01 17:44:10,2023-05-01 17:44:10
358,2,  The Eternal Forest  ,2000-02-06,37.0,French,NC-17,2023-05-03 09:47:22,2023-05-03 09:47:22
359,1,The Broken River,2012-01-31,124.0,English,PG,2023-05-03 15:32:26,2023-05-03 15:32:26
360,1,The Shadow's Broken Path,2011-12-29,142.0,Hindi,NC-17,2023-05-04 06:23:27,2023-05-04 06:23:27
361,4,The Journey's Golden Path,2007-03-24,70.0,Hindi,R,2023-05-02 07:45:49,2023-05-02 07:45:49
362,6,The Silent Throne,2009-07-06,,English,G,2023-05-01 10:38:21,2023-05-01 10:38:21
363,2,River of the Radiant Sky,2012-09-23,21.0,Tamil,G,2023-05-02 11:18:50,2023-05-02 11:18:50
364,2,Journey of the Midnight Sky,2002-11-16,36.0,Hindi,PG-13,2023-05-01 16:17:08,2023-05-01 16:17:08
365,4,The Signal's Midnight Path,1997-01-02,68.0,Spanish,R,2023-05-04 22:17:30,2023-05-04 22:17:30
366,4,The Endless Journey,2016-02-12,36.0,Hindi,PG-13,2023-05-01 20:23:27,2023-05-01 20:23:27
367,3,Crimson Tide,2014-06-07,111.0,Sinhala,PG-13,2023-05-02 17:24:39,2023-05-02 17:24:39
368,2,Broken Tide,1996-01-18,41.0,English,R,2023-05-03 21:55:20,2023-05-03 21:55:20
369,4,Signal of the Hidden Sky,2011-08-03,8.0,Hindi,PG-13,2023-05-02 11:28:44,2023-05-02 11:28:44
370,1,The Memory's Broken Path,2009-12-20,176.0,Sinhala,G,2023-05-01 09:14:40,2023-05-01 09:14:40
371,2,The Final Flame,1995-12-15,37.0,Hindi,NC-17,2023-05-02 15:49:37,2023-05-02 15:49:37
372,4,Rising Horizon,1996-10-14,72.0,Sinhala,PG,2023-05-01 13:11:49,2023-05-01 13:11:49
373,1,Orchard of the Quiet Sky,2010-12-25,150.0,Hindi,PG-13,2023-05-01 01:57:12,2023-05-01 01:57:12
374,3,Forest of the Last Sky,2008-10-08,65.0,Sinhala,PG,2023-05-03 10:48:02,2023-05-03 10:48:02
375,1,The Sacred Island,2002-05-13,147.0,Sinhala,PG,2023-05-04 12:18:52,2023-05-04 12:18:52
376,3,Signal of the Sacred Sky,2025-06-15,110.0,Spanish,PG,2025-06-15 05:10:02,2025-06-15 05:10:02
377,2,Rising Mirror,2010-07-27,54.0,French,PG-13,2023-05-03 14:30:29,2023-05-03 14:30:29
378,4,River of the Scarlet Sky,2026-02-24,46.0,English,G,2026-02-24 02:12:29,2026-02-24 02:12:29
379,5,The Forest's Distant Path,2024-02-11,,Sinhala,G,2024-02-11 09:21:56,2024-02-11 09:21:56
380,5,The City's Final Path,2023-12-07,,Sinhala,NC-17,2023-12-07 21:14:01,2023-12-07 21:14:01
381,1,Signal of the Final Sky,2025-07-05,140.0,,PG,2025-07-05 11:47:19,2025-07-05 11:47:19
382,1,The Lost Signal,2022-11-06,154.0,Hindi,PG,2023-05-03 06:33:26,2023-05-03 06:33:26
383,5,The Lost Memory,2002-09-26,,Hindi,PG-13,2023-05-01 05:03:57,2023-05-01 05:03:57
384,1,The Island's Midnight Path,1997-02-26,115.0,English,PG,2023-05-01 16:37:28,2023-05-01 16:37:28
385,5,Midnight Forest,2014-12-17,,English,R,2023-05-01 02:50:13,2023-05-01 02:50:13
386,3,The Island's Broken Path,2020-11-25,74.0,Hindi,NC-17,2023-05-02 17:49:07,2023-05-02 17:49:07
387,6,The Echoes's Midnight Path,2025-03-03,,Sinhala,R,2025-03-03 14:39:07,2025-03-03 14:39:07
388,1,Distant Kingdom,2012-01-06,82.0,Hindi,G,2023-05-04 06:01:43,2023-05-04 06:01:43
389,1,The Mirror's Midnight Path,2010-03-30,170.0,English,PG,2023-05-03 11:26:10,2023-05-03 11:26:10
390,3,Sacred Mirror,2001-12-31,57.0,English,PG-13,2023-05-02 22:50:20,2023-05-02 22:50:20
391,5,Crimson Island,1996-09-11,,English,R,2023-05-02 06:31:34,2023-05-02 06:31:34
392,3,The Memory's Frozen Path,2022-04-04,89.0,Tamil,PG,2023-05-02 18:26:31,2023-05-02 18:26:31
393,1,Kingdom of the Eternal Sky,2024-05-04,102.0,Sinhala,R,2024-05-04 23:37:32,2024-05-04 23:37:32
394,1,The Garden's Golden Path,2004-08-15,93.0,English,NC-17,2023-05-03 21:13:32,2023-05-03 21:13:32
395,1,Orchard of the Radiant Sky,2021-04-09,111.0,English,PG-13,2023-05-01 05:21:39,2023-05-01 05:21:39
396,4,The Final Forest,2013-07-31,43.0,Hindi,PG,2023-05-04 12:41:54,2023-05-04 12:41:54
397,6,Island of the Frozen Sky,2025-06-25,,English,G,2025-06-25 23:16:12,2025-06-25 23:16:12
398,1,Lost Memory,2017-01-19,108.0,English,PG-13,2023-05-04 08:44:38,2023-05-04 08:44:38
399,5,The Throne's Restless Path,2009-04-10,,English,NC-17,2023-05-02 16:44:39,2023-05-02 16:44:39
400,2,Journey of the Radiant Sky,2001-01-29,44.0,English,NC-17,2023-05-02 19:54:11,2023-05-02 19:54:11
401,6,Quiet Dream,2001-10-15,,French,PG,2023-05-03 13:28:38,2023-05-03 13:28:38
402,5,The Final Orchard,2010-12-19,,English,NC-17,2023-05-03 15:51:21,2023-05-03 15:51:21
403,2,The Shattered Empire,2001-11-03,31.0,French,G,2023-05-01 18:05:46,2023-05-01 18:05:46
404,1,The Flame's Frozen Path,2023-08-14,132.0,English,PG-13,2023-08-14 09:26:54,2023-08-14 09:26:54
405,4,Frozen Signal,2000-04-17,50.0,Hindi,R,2023-05-01 01:44:14,2023-05-01 01:44:14
406,1,Eternal Journey,2008-09-22,162.0,Hindi,R,2023-05-03 23:10:39,2023-05-03 23:10:39
407,4,The Eternal Harbor,2000-01-03,30.0,English,R,2023-05-02 12:22:59,2023-05-02 12:22:59
408,4,Orchard of the Wild Sky,2012-01-28,30.0,English,PG,2023-05-01 09:06:39,2023-05-01 09:06:39
409,3,The Letter's Silent Path,2020-04-07,72.0,Hindi,R,2023-05-01 09:57:36,2023-05-01 09:57:36
410,4,The Empire's Sacred Path,2024-11-04,57.0,English,R,2024-11-04 12:04:46,2024-11-04 12:04:46
411,4,The Shadow's Hidden Path,1995-08-27,55.0,Sinhala,NC-17,2023-05-01 02:19:07,2023-05-01 02:19:07
412,2,The Midnight City,1999-10-27,49.0,English,PG-13,2023-05-01 20:25:01,2023-05-01 20:25:01
413,1,Voyage of the Radiant Sky,2011-05-02,168.0,English,PG,2023-05-04 05:50:26,2023-05-04 05:50:26
414,5,The Mirror's Forgotten Path,2005-12-17,,English,G,2023-05-04 09:56:09,2023-05-04 09:56:09
415,1,The Distant City,2005-09-28,121.0,English,NC-17,2023-05-03 23:17:33,2023-05-03 23:17:33
416,1,Scarlet Echoes,2023-09-17,166.0,Sinhala,G,2023-09-17 17:55:32,2023-09-17 17:55:32
417,1,Final Letter,2008-07-02,125.0,English,R,2023-05-04 07:41:33,2023-05-04 07:41:33
418,3,Letter of the Endless Sky,2012-09-27,45.0,Tamil,G,2023-05-01 12:40:22,2023-05-01 12:40:22
419,1,Endless Garden,2001-08-09,90.0,English,PG-13,2023-05-04 17:48:24,2023-05-04 17:48:24
420,1,The Forest's Final Path,2003-12-31,175.0,Spanish,PG-13,2023-05-04 07:42:12,2023-05-04 07:42:12
421,5,Radiant Empire,2018-07-29,,Hindi,PG-13,2023-05-04 12:51:21,2023-05-04 12:51:21
422,1,The Voyage's Crimson Path,2020-03-07,87.0,,G,2023-05-04 14:57:45,2023-05-04 14:57:45
423,6,Forest of the Rising Sky,2011-01-01,,Hindi,R,2023-05-03 06:40:02,2023-05-03 06:40:02
424,3,Endless Harbor,2008-03-26,119.0,English,NC-17,2023-05-02 02:28:10,2023-05-02 02:28:10
425,1,Quiet Orchard,2025-03-29,109.0,English,PG,2025-03-29 03:36:27,2025-03-29 03:36:27
426,6,The Legacy's Quiet Path,2013-11-09,,English,PG-13,2023-05-02 18:56:38,2023-05-02 18:56:38
427,1,The Restless Island,2014-03-15,156.0,Hindi,R,2023-05-04 21:07:41,2023-05-04 21:07:41
428,1,Scarlet Dream,2019-08-08,111.0,English,PG,2023-05-04 06:58:51,2023-05-04 06:58:51
429,3,The Forgotten Shadow,2023-12-14,93.0,Hindi,R,2023-12-14 16:37:26,2023-12-14 16:37:26
430,5,Sacred Signal,2025-01-20,,Tamil,NC-17,2025-01-20 01:34:50,2025-01-20 01:34:50
431,1,Forgotten Signal,2004-07-14,114.0,English,R,2023-05-03 20:56:43,2023-05-03 20:56:43
432,4,The Shadow's Sacred Path,2010-06-03,66.0,Tamil,PG-13,2023-05-03 23:55:34,2023-05-03 23:55:34
433,1,Broken Storm,2020-06-10,156.0,Spanish,NC-17,2023-05-02 16:18:16,2023-05-02 16:18:16
434,1,Memory of the Final Sky,2012-06-17,171.0,English,PG-13,2023-05-03 22:31:47,2023-05-03 22:31:47
435,4,The Crimson City,1995-04-29,7.0,Spanish,R,2023-05-01 13:13:03,2023-05-01 13:13:03
436,2,Shattered Kingdom,1999-06-23,42.0,French,PG,2023-05-03 22:03:16,2023-05-03 22:03:16
437,1,Mirror of the Forgotten Sky,1999-09-12,110.0,Hindi,G,2023-05-03 17:49:38,2023-05-03 17:49:38
438,1,City of the Whispering Sky,2013-02-13,138.0,English,G,2023-05-01 22:48:36,2023-05-01 22:48:36
439,1,The Midnight Kingdom,2012-04-06,89.0,English,R,2023-05-04 10:27:11,2023-05-04 10:27:11
440,2,  The Wild Forest  ,1996-03-09,30.0,Tamil,PG-13,2023-05-02 07:15:35,2023-05-02 07:15:35
441,1,The Quiet Journey,2021-03-19,152.0,Spanish,NC-17,2023-05-01 07:43:20,2023-05-01 07:43:20
442,1,Forgotten Throne,2008-05-21,177.0,English,G,2023-05-03 00:50:52,2023-05-03 00:50:52
443,1,The Last Harbor,2022-11-05,118.0,English,PG,2023-05-04 18:57:56,2023-05-04 18:57:56
444,1,Shattered Throne,2023-01-14,123.0,English,R,2023-05-04 04:29:43,2023-05-04 04:29:43
445,4,Signal of the Whispering Sky,2012-10-04,35.0,English,R,2023-05-01 19:37:41,2023-05-01 19:37:41
446,1,Kingdom of the Golden Sky,2024-09-01,144.0,Spanish,PG,2024-09-01 18:30:34,2024-09-01 18:30:34
447,5,The Signal's Final Path,2010-11-29,,Tamil,NC-17,2023-05-02 13:56:53,2023-05-02 13:56:53
448,4,The Broken Mirror,1999-10-27,16.0,English,PG-13,2023-05-01 23:28:30,2023-05-01 23:28:30
449,5,The Last Letter,2004-04-19,,French,NC-17,2023-05-02 13:15:38,2023-05-02 13:15:38
450,1,Empire of the Scarlet Sky,2008-08-24,154.0,English,G,2023-05-03 04:00:06,2023-05-03 04:00:06
451,2,The Memory's Hidden Path,1999-07-02,34.0,Hindi,PG,2023-05-02 03:46:16,2023-05-02 03:46:16
452,1,The Legacy's Lost Path,2024-06-08,85.0,French,R,2024-06-08 00:16:51,2024-06-08 00:16:51
453,1,The Island's Whispering Path,2007-11-28,122.0,Sinhala,G,2023-05-04 06:51:11,2023-05-04 06:51:11
454,4,Echoes of the Final Sky,2006-09-05,61.0,Hindi,R,2023-05-03 09:25:03,2023-05-03 09:25:03
455,2,Orchard of the Golden Sky,2025-10-11,29.0,English,R,2025-10-11 23:29:03,2025-10-11 23:29:03
456,1,Harbor of the Forgotten Sky,2007-07-22,118.0,English,R,2023-05-02 07:59:16,2023-05-02 07:59:16
457,5,The Radiant Echoes,1998-03-15,,English,NC-17,2023-05-02 16:14:35,2023-05-02 16:14:35
458,4,Shattered Shadow,2021-09-25,49.0,Hindi,R,2023-05-03 07:16:51,2023-05-03 07:16:51
459,1,The Voyage's Shattered Path,2018-11-21,152.0,English,R,2023-05-03 07:44:36,2023-05-03 07:44:36
460,1,The Eternal Letter,2021-09-13,112.0,English,PG,2023-05-04 19:04:28,2023-05-04 19:04:28
461,3,Orchard of the Shattered Sky,2021-08-16,103.0,English,G,2023-05-03 02:36:32,2023-05-03 02:36:32
462,5,Crimson Letter,2017-05-26,,English,PG-13,2023-05-04 23:41:28,2023-05-04 23:41:28
463,5,Garden of the Quiet Sky,2018-12-29,,Tamil,G,2023-05-02 02:33:12,2023-05-02 02:33:12
464,5,The Mirror's Golden Path,2001-09-22,,French,G,2023-05-01 02:29:40,2023-05-01 02:29:40
465,2,The Golden Kingdom,2023-01-19,21.0,English,R,2023-05-02 22:04:14,2023-05-02 22:04:14
466,4,The Dream's Forgotten Path,2000-11-07,22.0,Tamil,G,2023-05-04 06:40:34,2023-05-04 06:40:34
467,2,Memory of the Radiant Sky,2000-07-25,57.0,English,R,2023-05-02 09:58:12,2023-05-02 09:58:12
468,6,Golden Voyage,2016-12-24,,Hindi,R,2023-05-02 07:01:44,2023-05-02 07:01:44
469,2,The Shattered Forest,2016-01-13,21.0,English,G,2023-05-01 17:14:19,2023-05-01 17:14:19
470,1,Broken City,1999-06-17,117.0,English,PG-13,2023-05-01 09:14:50,2023-05-01 09:14:50
471,4,The Letter's Golden Path,2019-10-31,71.0,Hindi,PG,2023-05-03 19:32:29,2023-05-03 19:32:29
472,1,Garden of the Whispering Sky,2021-08-13,95.0,,R,2023-05-03 19:11:52,2023-05-03 19:11:52
473,2,The Distant Journey,2005-10-27,57.0,English,R,2023-05-04 12:57:12,2023-05-04 12:57:12
474,4,Whispering Signal,2023-01-30,21.0,Sinhala,R,2023-05-01 16:09:29,2023-05-01 16:09:29
475,4,The Harbor's Crimson Path,1999-06-05,58.0,Spanish,G,2023-05-03 00:59:30,2023-05-03 00:59:30
476,5,Storm of the Final Sky,2003-11-12,,English,R,2023-05-01 21:05:17,2023-05-01 21:05:17
477,1,The Golden Mirror,1998-01-27,147.0,English,PG-13,2023-05-01 14:31:00,2023-05-01 14:31:00
478,1,The Storm's Crimson Path,2018-07-31,166.0,English,G,2023-05-01 12:21:35,2023-05-01 12:21:35
479,2,The Orchard's Shattered Path,2024-02-15,27.0,Hindi,NC-17,2024-02-15 18:00:40,2024-02-15 18:00:40
480,1,Quiet Storm,2016-10-10,106.0,Spanish,R,2023-05-01 15:53:19,2023-05-01 15:53:19
481,1,Throne of the Midnight Sky,2019-11-25,116.0,English,PG-13,2023-05-04 03:04:30,2023-05-04 03:04:30
482,4,The Eternal Storm,2018-01-10,14.0,English,PG,2023-05-04 08:26:30,2023-05-04 08:26:30
483,2,Kingdom of the Whispering Sky,1998-01-23,59.0,French,PG-13,2023-05-04 21:39:19,2023-05-04 21:39:19
484,2,The Shattered Horizon,2013-02-21,33.0,English,PG-13,2023-05-03 02:13:14,2023-05-03 02:13:14
485,1,Echoes of the Golden Sky,2005-11-17,178.0,English,NC-17,2023-05-03 20:30:56,2023-05-03 20:30:56
486,3,  Kingdom of the Quiet Sky  ,1996-09-15,69.0,Hindi,PG-13,2023-05-01 07:43:00,2023-05-01 07:43:00
487,3,Mirror of the Sacred Sky,2016-11-04,53.0,Sinhala,NC-17,2023-05-02 00:20:20,2023-05-02 00:20:20
488,5,The Restless Mirror,2023-12-23,,English,R,2023-12-23 19:50:21,2023-12-23 19:50:21
489,5,Letter of the Shattered Sky,2021-05-25,,Sinhala,PG,2023-05-03 09:42:21,2023-05-03 09:42:21
490,5,The Storm's Whispering Path,2000-11-15,,Hindi,G,2023-05-02 23:20:42,2023-05-02 23:20:42
491,2,Rising Harbor,2002-09-15,32.0,Sinhala,NC-17,2023-05-02 04:25:31,2023-05-02 04:25:31
492,4,Voyage of the Sacred Sky,1998-10-29,30.0,English,NC-17,2023-05-03 18:41:44,2023-05-03 18:41:44
493,6,The Journey's Eternal Path,2009-07-26,,Sinhala,R,2023-05-01 21:49:05,2023-05-01 21:49:05
494,2,Whispering Journey,2001-03-04,28.0,English,PG-13,2023-05-01 13:03:27,2023-05-01 13:03:27
495,1,Forest of the Hidden Sky,2023-10-07,116.0,French,R,2023-10-07 04:59:41,2023-10-07 04:59:41
496,2,The Throne's Shattered Path,2000-11-10,58.0,Sinhala,G,2023-05-01 23:02:59,2023-05-01 23:02:59
497,6,Sacred Journey,2005-07-11,,English,G,2023-05-02 12:53:54,2023-05-02 12:53:54
498,1,Dream of the Eternal Sky,2025-07-27,170.0,,G,2025-07-27 20:13:37,2025-07-27 20:13:37
499,4,  Golden City  ,1998-05-24,73.0,English,PG,2023-05-04 22:36:06,2023-05-04 22:36:06
500,2,Sacred Echoes,2008-12-07,27.0,English,G,2023-05-04 01:29:56,2023-05-04 01:29:56
501,2,Final Island,2014-12-30,28.0,Spanish,NC-17,2023-05-03 19:19:43,2023-05-03 19:19:43
502,1,The Silent Horizon,1995-06-23,89.0,Sinhala,PG,2023-05-02 21:57:47,2023-05-02 21:57:47
503,4,The Burning City,2005-12-12,75.0,English,G,2023-05-03 05:49:57,2023-05-03 05:49:57
504,6,The Mirror's Wild Path,1999-12-13,,English,G,2023-05-03 21:11:37,2023-05-03 21:11:37
505,1,The Quiet Horizon,2005-12-12,137.0,Spanish,G,2023-05-01 06:40:55,2023-05-01 06:40:55
506,5,Rising Forest,2018-01-16,,English,R,2023-05-03 22:29:45,2023-05-03 22:29:45
507,6,Sacred Tide,2026-03-15,,English,R,2026-03-15 16:17:14,2026-03-15 16:17:14
508,6,Dream of the Frozen Sky,2023-09-10,,English,NC-17,2023-09-10 13:09:26,2023-09-10 13:09:26
509,5,Tide of the Frozen Sky,2024-12-30,,,NC-17,2024-12-30 09:45:15,2024-12-30 09:45:15
510,2,Throne of the Eternal Sky,2018-04-28,60.0,English,PG-13,2023-05-01 01:44:25,2023-05-01 01:44:25
511,3,Eternal Legacy,2015-09-08,48.0,English,R,2023-05-01 22:45:53,2023-05-01 22:45:53
512,1,Harbor of the Restless Sky,2004-08-22,169.0,English,PG,2023-05-01 09:17:56,2023-05-01 09:17:56
513,2,The River's Lost Path,2012-12-22,47.0,English,PG-13,2023-05-04 06:46:40,2023-05-04 06:46:40
514,5,The Mirror's Radiant Path,1998-03-16,,,G,2023-05-02 14:35:14,2023-05-02 14:35:14
515,2,Forgotten Harbor,2023-04-01,36.0,English,PG-13,2023-05-03 21:59:02,2023-05-03 21:59:02
516,3,Storm of the Forgotten Sky,2017-10-08,44.0,Sinhala,PG-13,2023-05-04 18:55:42,2023-05-04 18:55:42
517,2,The Whispering Flame,2003-03-05,60.0,English,NC-17,2023-05-02 10:53:28,2023-05-02 10:53:28
518,3,The Voyage's Golden Path,1997-09-26,86.0,English,R,2023-05-01 01:08:16,2023-05-01 01:08:16
519,6,The Forgotten River,2019-08-18,,English,R,2023-05-02 06:49:23,2023-05-02 06:49:23
520,1,Eternal Throne,2012-03-10,86.0,Sinhala,R,2023-05-01 22:54:51,2023-05-01 22:54:51
521,1,The Kingdom's Forgotten Path,1998-10-18,155.0,French,R,2023-05-03 07:11:58,2023-05-03 07:11:58
522,4,The Storm's Hidden Path,2006-06-01,63.0,Tamil,NC-17,2023-05-03 05:44:31,2023-05-03 05:44:31
523,1,The Crimson Letter,2013-11-13,120.0,,PG,2023-05-01 00:18:53,2023-05-01 00:18:53
524,2,The Throne's Eternal Path,2021-08-29,37.0,English,PG,2023-05-02 11:06:27,2023-05-02 11:06:27
525,4,The Hidden Garden,2021-03-13,41.0,English,R,2023-05-01 19:09:31,2023-05-01 19:09:31
526,1,The Empire's Last Path,2021-01-12,129.0,English,R,2023-05-03 15:44:46,2023-05-03 15:44:46
527,4,The Forgotten Signal,2004-11-09,39.0,English,PG,2023-05-02 04:55:04,2023-05-02 04:55:04
528,5,The Golden Harbor,2022-09-05,,Tamil,R,2023-05-04 07:15:40,2023-05-04 07:15:40
529,1,The Flame's Silent Path,2024-07-07,136.0,English,PG-13,2024-07-07 14:59:32,2024-07-07 14:59:32
530,2,The Horizon's Midnight Path,2011-03-11,51.0,English,PG-13,2023-05-02 21:51:21,2023-05-02 21:51:21
531,4,Wild Storm,2022-04-20,24.0,English,R,2023-05-03 17:10:01,2023-05-03 17:10:01
532,1,Wild Journey,2016-04-17,111.0,English,G,2023-05-01 15:57:10,2023-05-01 15:57:10
533,5,Storm of the Whispering Sky,1998-06-25,,Spanish,NC-17,2023-05-02 02:01:21,2023-05-02 02:01:21
534,3,Scarlet Harbor,2025-07-31,41.0,Hindi,R,2025-07-31 12:14:49,2025-07-31 12:14:49
535,2,Forest of the Final Sky,2003-12-29,40.0,English,R,2023-05-01 23:46:08,2023-05-01 23:46:08
536,2,The Midnight Shadow,2001-03-07,46.0,Tamil,R,2023-05-01 14:19:34,2023-05-01 14:19:34
537,2,Throne of the Endless Sky,2009-11-28,46.0,Sinhala,R,2023-05-04 21:50:23,2023-05-04 21:50:23
538,3,Last Memory,2002-09-11,96.0,English,PG,2023-05-02 19:59:40,2023-05-02 19:59:40
539,5,The Storm's Quiet Path,1995-06-03,,English,PG,2023-05-03 16:51:38,2023-05-03 16:51:38
540,6,Distant Memory,1997-06-19,,French,PG-13,2023-05-03 03:13:16,2023-05-03 03:13:16
541,6,The Legacy's Final Path,2001-05-20,,English,PG-13,2023-05-01 15:02:59,2023-05-01 15:02:59
542,1,Frozen Tide,2004-07-13,100.0,English,R,2023-05-03 10:27:17,2023-05-03 10:27:17
543,4,Silent Tide,2023-10-14,52.0,Sinhala,NC-17,2023-10-14 01:02:35,2023-10-14 01:02:35
544,4,Kingdom of the Crimson Sky,2020-08-10,57.0,French,R,2023-05-04 17:43:11,2023-05-04 17:43:11
545,1,The Orchard's Whispering Path,2011-02-19,84.0,Hindi,G,2023-05-03 05:57:39,2023-05-03 05:57:39
546,3,The Whispering Memory,2024-04-05,54.0,English,PG-13,2024-04-05 17:36:46,2024-04-05 17:36:46
547,2,The Whispering City,2020-10-29,35.0,English,G,2023-05-01 19:18:31,2023-05-01 19:18:31
548,1,Memory of the Crimson Sky,2008-04-28,138.0,English,NC-17,2023-05-01 14:12:33,2023-05-01 14:12:33
549,2,Shattered Flame,2020-09-27,50.0,French,G,2023-05-04 16:26:10,2023-05-04 16:26:10
550,4,The Whispering Garden,2002-08-11,21.0,French,NC-17,2023-05-01 05:34:00,2023-05-01 05:34:00
551,3,The River's Crimson Path,2016-08-07,107.0,Hindi,PG,2023-05-03 11:28:37,2023-05-03 11:28:37
552,4,The Final Letter,2024-07-06,50.0,English,PG,2024-07-06 02:07:33,2024-07-06 02:07:33
553,4,The Restless Voyage,1996-02-11,34.0,Tamil,R,2023-05-01 14:27:15,2023-05-01 14:27:15
554,1,The Restless Shadow,2008-08-30,166.0,English,R,2023-05-01 19:39:44,2023-05-01 19:39:44
555,1,The Journey's Rising Path,2001-10-10,127.0,Sinhala,PG,2023-05-04 10:10:29,2023-05-04 10:10:29
556,4,Restless Horizon,2003-07-14,15.0,English,R,2023-05-04 16:27:04,2023-05-04 16:27:04
557,2,Distant Dream,1998-11-10,37.0,Hindi,G,2023-05-02 04:16:19,2023-05-02 04:16:19
558,4,Last Echoes,2017-11-09,41.0,English,PG,2023-05-01 07:18:44,2023-05-01 07:18:44
559,1,The River's Golden Path,2019-09-14,136.0,Sinhala,R,2023-05-04 17:18:55,2023-05-04 17:18:55
560,4,Scarlet Shadow,1997-05-19,62.0,Spanish,PG-13,2023-05-02 18:48:11,2023-05-02 18:48:11
561,2,Frozen Throne,2013-03-16,34.0,English,PG,2023-05-02 10:13:06,2023-05-02 10:13:06
562,1,Burning Orchard,2002-02-05,137.0,English,G,2023-05-03 09:57:46,2023-05-03 09:57:46
563,1,The Burning Dream,2016-04-12,97.0,English,R,2023-05-02 09:32:52,2023-05-02 09:32:52
564,3,Garden of the Rising Sky,2002-02-17,58.0,English,PG,2023-05-04 09:42:15,2023-05-04 09:42:15
565,4,The Kingdom's Burning Path,2013-12-20,20.0,Hindi,PG,2023-05-03 22:13:07,2023-05-03 22:13:07
566,1,The Golden Dream,2003-01-29,101.0,Tamil,R,2023-05-02 01:52:27,2023-05-02 01:52:27
567,4,The Orchard's Frozen Path,2011-12-15,7.0,English,NC-17,2023-05-02 00:04:23,2023-05-02 00:04:23
568,5,Broken Journey,2011-02-05,,English,R,2023-05-02 22:14:22,2023-05-02 22:14:22
569,1,The Shadow's Golden Path,2023-07-22,162.0,Sinhala,NC-17,2023-07-22 06:44:58,2023-07-22 06:44:58
570,2,The Forest's Lost Path,2013-09-27,21.0,English,PG-13,2023-05-04 05:11:41,2023-05-04 05:11:41
571,1,The Orchard's Eternal Path,2002-12-24,170.0,Sinhala,NC-17,2023-05-03 09:14:22,2023-05-03 09:14:22
572,3,Final Memory,1995-03-28,120.0,English,G,2023-05-01 08:37:33,2023-05-01 08:37:33
573,1,Journey of the Burning Sky,2007-11-13,176.0,English,R,2023-05-04 01:41:28,2023-05-04 01:41:28
574,1,Flame of the Endless Sky,2006-04-11,152.0,Sinhala,PG,2023-05-01 21:55:07,2023-05-01 21:55:07
575,4,Legacy of the Crimson Sky,2019-09-02,71.0,Sinhala,G,2023-05-03 04:53:16,2023-05-03 04:53:16
576,4,Tide of the Silent Sky,2021-02-18,57.0,English,PG-13,2023-05-02 12:21:56,2023-05-02 12:21:56
577,2,The Orchard's Sacred Path,2004-09-03,28.0,Spanish,G,2023-05-02 14:14:37,2023-05-02 14:14:37
578,1,Midnight Tide,2010-06-02,93.0,French,PG-13,2023-05-03 08:25:21,2023-05-03 08:25:21
579,1,River of the Restless Sky,2025-03-19,113.0,Hindi,PG-13,2025-03-19 10:30:41,2025-03-19 10:30:41
580,1,Frozen River,2007-08-24,178.0,Hindi,PG,2023-05-02 03:00:57,2023-05-02 03:00:57
581,4,The Mirror's Broken Path,2003-09-24,61.0,Tamil,PG,2023-05-04 06:23:52,2023-05-04 06:23:52
582,5,River of the Sacred Sky,2022-10-23,,English,PG-13,2023-05-02 04:33:24,2023-05-02 04:33:24
583,1,The Midnight Mirror,2005-01-09,111.0,English,PG-13,2023-05-01 08:12:27,2023-05-01 08:12:27
584,3,Forgotten Letter,1995-11-01,78.0,English,PG,2023-05-01 04:44:17,2023-05-01 04:44:17
585,4,The Midnight Dream,2011-06-23,35.0,English,PG-13,2023-05-02 23:04:36,2023-05-02 23:04:36
586,6,River of the Whispering Sky,1996-06-05,,,PG-13,2023-05-03 03:28:49,2023-05-03 03:28:49
587,5,Island of the Sacred Sky,1997-10-02,,Hindi,PG-13,2023-05-04 08:00:45,2023-05-04 08:00:45
588,1,Tide of the Endless Sky,1999-07-09,135.0,English,PG-13,2023-05-02 06:39:05,2023-05-02 06:39:05
589,1,The Frozen Harbor,2018-06-22,95.0,Sinhala,G,2023-05-01 18:32:28,2023-05-01 18:32:28
590,4,The Garden's Last Path,2022-06-19,44.0,Spanish,PG-13,2023-05-01 01:44:23,2023-05-01 01:44:23
591,6,The Distant Horizon,1998-08-20,,English,G,2023-05-02 17:54:00,2023-05-02 17:54:00
592,1,The Tide's Frozen Path,2000-06-01,163.0,English,G,2023-05-03 15:02:45,2023-05-03 15:02:45
593,5,The Forest's Last Path,1998-11-16,,English,PG-13,2023-05-01 03:36:38,2023-05-01 03:36:38
594,1,The Legacy's Golden Path,2006-07-13,167.0,English,NC-17,2023-05-04 10:03:29,2023-05-04 10:03:29
595,1,The Whispering Mirror,2010-02-05,136.0,Hindi,PG,2023-05-03 12:48:59,2023-05-03 12:48:59
596,6,Eternal Signal,2011-12-01,,Hindi,G,2023-05-02 05:27:18,2023-05-02 05:27:18
597,1,The Letter's Eternal Path,2003-05-25,114.0,English,NC-17,2023-05-01 21:30:00,2023-05-01 21:30:00
598,1,Dream of the Sacred Sky,2010-11-09,147.0,English,NC-17,2023-05-04 02:40:04,2023-05-04 02:40:04
599,5,  Garden of the Distant Sky  ,2013-08-21,,English,PG-13,2023-05-03 23:41:57,2023-05-03 23:41:57
600,1,Letter of the Rising Sky,2021-04-07,131.0,English,NC-17,2023-05-04 16:53:18,2023-05-04 16:53:18
