content_id,genre_id,created_at,updated_at
1,5,2026-05-02 19:58:11,2026-05-02 19:58:11
2,11,2023-05-02 01:09:56,2023-05-02 01:09:56
2,7,2023-05-02 01:09:56,2023-05-02 01:09:56
3,10,2023-05-03 15:56:18,2023-05-03 15:56:18
4,7,2025-10-31 09:06:55,2025-10-31 09:06:55
5,4,2023-05-04 14:15:30,2023-05-04 14:15:30
6,1,2023-05-02 03:32:03,2023-05-02 03:32:03
6,12,2023-05-02 03:32:03,2023-05-02 03:32:03
7,11,2023-05-01 19:29:16,2023-05-01 19:29:16
8,10,2024-11-14 00:14:29,2024-11-14 00:14:29
8,2,2024-11-14 00:14:29,2024-11-14 00:14:29
9,1,2023-05-02 23:23:35,2023-05-02 23:23:35
10,12,2023-05-03 05:46:38,2023-05-03 05:46:38
10,9,2023-05-03 05:46:38,2023-05-03 05:46:38
10,3,2023-05-03 05:46:38,2023-05-03 05:46:38
11,3,2023-05-02 12:11:45,2023-05-02 12:11:45
11,9,2023-05-02 12:11:45,2023-05-02 12:11:45
12,6,2023-05-04 06:34:31,2023-05-04 06:34:31
12,4,2023-05-04 06:34:31,2023-05-04 06:34:31
13,10,2023-05-04 10:11:48,2023-05-04 10:11:48
13,8,2023-05-04 10:11:48,2023-05-04 10:11:48
14,3,2023-05-02 22:30:25,2023-05-02 22:30:25
14,10,2023-05-02 22:30:25,2023-05-02 22:30:25
15,11,2023-05-02 12:08:25,2023-05-02 12:08:25
15,10,2023-05-02 12:08:25,2023-05-02 12:08:25
15,5,2023-05-02 12:08:25,2023-05-02 12:08:25
16,1,2023-05-01 04:15:05,2023-05-01 04:15:05
16,8,2023-05-01 04:15:05,2023-05-01 04:15:05
16,2,2023-05-01 04:15:05,2023-05-01 04:15:05
17,12,2023-05-02 06:15:20,2023-05-02 06:15:20
18,12,2023-05-04 08:58:12,2023-05-04 08:58:12
18,6,2023-05-04 08:58:12,2023-05-04 08:58:12
18,2,2023-05-04 08:58:12,2023-05-04 08:58:12
19,6,2023-05-04 00:15:03,2023-05-04 00:15:03
19,5,2023-05-04 00:15:03,2023-05-04 00:15:03
20,11,2023-05-02 04:43:35,2023-05-02 04:43:35
21,11,2023-05-04 04:07:53,2023-05-04 04:07:53
22,11,2023-05-04 18:29:50,2023-05-04 18:29:50
23,11,2023-05-02 23:35:47,2023-05-02 23:35:47
24,9,2023-05-04 05:06:23,2023-05-04 05:06:23
25,6,2023-05-03 09:48:46,2023-05-03 09:48:46
26,3,2023-05-01 21:26:18,2023-05-01 21:26:18
27,7,2023-05-02 15:46:41,2023-05-02 15:46:41
27,3,2023-05-02 15:46:41,2023-05-02 15:46:41
27,10,2023-05-02 15:46:41,2023-05-02 15:46:41
28,10,2023-05-03 04:31:15,2023-05-03 04:31:15
28,12,2023-05-03 04:31:15,2023-05-03 04:31:15
29,4,2023-05-01 22:17:18,2023-05-01 22:17:18
29,12,2023-05-01 22:17:18,2023-05-01 22:17:18
30,7,2023-05-04 18:22:32,2023-05-04 18:22:32
31,3,2023-05-01 05:44:33,2023-05-01 05:44:33
31,12,2023-05-01 05:44:33,2023-05-01 05:44:33
32,7,2023-05-03 02:49:42,2023-05-03 02:49:42
33,8,2023-05-03 06:36:09,2023-05-03 06:36:09
33,11,2023-05-03 06:36:09,2023-05-03 06:36:09
34,10,2023-05-04 10:43:30,2023-05-04 10:43:30
35,10,2023-05-02 09:55:09,2023-05-02 09:55:09
35,9,2023-05-02 09:55:09,2023-05-02 09:55:09
36,5,2023-05-01 09:48:34,2023-05-01 09:48:34
37,7,2026-01-15 05:59:12,2026-01-15 05:59:12
37,2,2026-01-15 05:59:12,2026-01-15 05:59:12
37,10,2026-01-15 05:59:12,2026-01-15 05:59:12
38,5,2024-04-09 19:55:26,2024-04-09 19:55:26
39,2,2023-05-03 08:49:05,2023-05-03 08:49:05
39,11,2023-05-03 08:49:05,2023-05-03 08:49:05
40,10,2023-05-02 14:53:15,2023-05-02 14:53:15
41,10,2023-05-02 07:48:11,2023-05-02 07:48:11
41,12,2023-05-02 07:48:11,2023-05-02 07:48:11
42,1,2025-11-08 16:50:45,2025-11-08 16:50:45
42,6,2025-11-08 16:50:45,2025-11-08 16:50:45
43,5,2023-05-01 22:33:28,2023-05-01 22:33:28
43,12,2023-05-01 22:33:28,2023-05-01 22:33:28
44,1,2023-05-01 02:17:26,2023-05-01 02:17:26
44,7,2023-05-01 02:17:26,2023-05-01 02:17:26
45,10,2023-05-01 07:12:58,2023-05-01 07:12:58
46,6,2023-05-04 12:52:14,2023-05-04 12:52:14
47,8,2023-05-01 14:54:15,2023-05-01 14:54:15
47,6,2023-05-01 14:54:15,2023-05-01 14:54:15
47,12,2023-05-01 14:54:15,2023-05-01 14:54:15
48,9,2023-05-01 16:52:56,2023-05-01 16:52:56
48,12,2023-05-01 16:52:56,2023-05-01 16:52:56
49,8,2025-03-10 05:16:54,2025-03-10 05:16:54
49,1,2025-03-10 05:16:54,2025-03-10 05:16:54
50,12,2023-05-02 21:56:31,2023-05-02 21:56:31
50,3,2023-05-02 21:56:31,2023-05-02 21:56:31
51,1,2023-05-03 22:54:04,2023-05-03 22:54:04
52,11,2023-05-02 17:57:58,2023-05-02 17:57:58
52,6,2023-05-02 17:57:58,2023-05-02 17:57:58
53,8,2023-05-03 06:49:08,2023-05-03 06:49:08
53,11,2023-05-03 06:49:08,2023-05-03 06:49:08
54,5,2023-05-02 07:36:41,2023-05-02 07:36:41
54,6,2023-05-02 07:36:41,2023-05-02 07:36:41
54,12,2023-05-02 07:36:41,2023-05-02 07:36:41
55,8,2023-05-01 04:47:58,2023-05-01 04:47:58
55,2,2023-05-01 04:47:58,2023-05-01 04:47:58
56,12,2023-05-01 23:07:41,2023-05-01 23:07:41
56,4,2023-05-01 23:07:41,2023-05-01 23:07:41
56,7,2023-05-01 23:07:41,2023-05-01 23:07:41
57,9,2023-05-04 02:40:09,2023-05-04 02:40:09
57,12,2023-05-04 02:40:09,2023-05-04 02:40:09
57,7,2023-05-04 02:40:09,2023-05-04 02:40:09
58,1,2023-05-02 18:56:06,2023-05-02 18:56:06
59,3,2023-05-01 17:18:47,2023-05-01 17:18:47
59,7,2023-05-01 17:18:47,2023-05-01 17:18:47
60,11,2023-05-01 10:24:23,2023-05-01 10:24:23
60,3,2023-05-01 10:24:23,2023-05-01 10:24:23
61,7,2023-05-02 18:57:09,2023-05-02 18:57:09
61,12,2023-05-02 18:57:09,2023-05-02 18:57:09
62,10,2023-05-01 10:07:51,2023-05-01 10:07:51
63,4,2024-07-10 16:32:11,2024-07-10 16:32:11
64,7,2023-05-04 09:41:04,2023-05-04 09:41:04
65,9,2023-05-01 02:47:12,2023-05-01 02:47:12
66,10,2023-05-03 03:03:49,2023-05-03 03:03:49
67,5,2023-05-03 22:23:39,2023-05-03 22:23:39
67,2,2023-05-03 22:23:39,2023-05-03 22:23:39
68,8,2023-05-03 02:00:18,2023-05-03 02:00:18
69,3,2023-05-04 22:15:18,2023-05-04 22:15:18
69,1,2023-05-04 22:15:18,2023-05-04 22:15:18
70,2,2023-05-02 17:51:49,2023-05-02 17:51:49
71,12,2023-05-04 18:43:01,2023-05-04 18:43:01
72,4,2023-05-04 09:17:13,2023-05-04 09:17:13
73,3,2023-05-01 22:22:39,2023-05-01 22:22:39
73,9,2023-05-01 22:22:39,2023-05-01 22:22:39
73,4,2023-05-01 22:22:39,2023-05-01 22:22:39
74,6,2023-05-01 03:46:30,2023-05-01 03:46:30
75,1,2023-05-01 01:17:45,2023-05-01 01:17:45
75,2,2023-05-01 01:17:45,2023-05-01 01:17:45
75,3,2023-05-01 01:17:45,2023-05-01 01:17:45
76,8,2023-05-01 10:45:34,2023-05-01 10:45:34
76,9,2023-05-01 10:45:34,2023-05-01 10:45:34
77,6,2023-05-03 06:55:40,2023-05-03 06:55:40
77,10,2023-05-03 06:55:40,2023-05-03 06:55:40
77,7,2023-05-03 06:55:40,2023-05-03 06:55:40
78,1,2023-05-02 09:04:45,2023-05-02 09:04:45
79,10,2023-05-04 01:15:22,2023-05-04 01:15:22
80,2,2023-05-01 12:38:07,2023-05-01 12:38:07
81,6,2023-05-02 09:13:06,2023-05-02 09:13:06
81,9,2023-05-02 09:13:06,2023-05-02 09:13:06
82,3,2023-05-03 17:11:37,2023-05-03 17:11:37
82,1,2023-05-03 17:11:37,2023-05-03 17:11:37
83,3,2023-05-04 16:55:49,2023-05-04 16:55:49
83,12,2023-05-04 16:55:49,2023-05-04 16:55:49
84,5,2023-05-03 21:53:53,2023-05-03 21:53:53
85,8,2023-05-01 02:12:12,2023-05-01 02:12:12
85,10,2023-05-01 02:12:12,2023-05-01 02:12:12
85,5,2023-05-01 02:12:12,2023-05-01 02:12:12
86,11,2023-05-03 05:35:23,2023-05-03 05:35:23
86,2,2023-05-03 05:35:23,2023-05-03 05:35:23
86,12,2023-05-03 05:35:23,2023-05-03 05:35:23
87,5,2023-05-04 20:52:56,2023-05-04 20:52:56
88,5,2023-05-03 13:17:57,2023-05-03 13:17:57
89,2,2023-05-01 04:15:32,2023-05-01 04:15:32
89,11,2023-05-01 04:15:32,2023-05-01 04:15:32
90,4,2023-05-04 18:18:13,2023-05-04 18:18:13
91,9,2023-05-02 05:24:48,2023-05-02 05:24:48
91,3,2023-05-02 05:24:48,2023-05-02 05:24:48
91,10,2023-05-02 05:24:48,2023-05-02 05:24:48
92,9,2023-05-01 02:30:35,2023-05-01 02:30:35
93,11,2023-05-03 03:46:01,2023-05-03 03:46:01
93,4,2023-05-03 03:46:01,2023-05-03 03:46:01
94,4,2023-05-03 10:06:31,2023-05-03 10:06:31
94,7,2023-05-03 10:06:31,2023-05-03 10:06:31
94,3,2023-05-03 10:06:31,2023-05-03 10:06:31
95,8,2023-05-04 20:06:21,2023-05-04 20:06:21
95,3,2023-05-04 20:06:21,2023-05-04 20:06:21
95,9,2023-05-04 20:06:21,2023-05-04 20:06:21
96,5,2023-05-02 00:22:37,2023-05-02 00:22:37
96,1,2023-05-02 00:22:37,2023-05-02 00:22:37
97,8,2023-05-03 21:39:41,2023-05-03 21:39:41
98,2,2023-05-02 20:08:39,2023-05-02 20:08:39
98,5,2023-05-02 20:08:39,2023-05-02 20:08:39
99,10,2023-05-04 11:28:12,2023-05-04 11:28:12
99,8,2023-05-04 11:28:12,2023-05-04 11:28:12
100,12,2023-05-03 06:58:52,2023-05-03 06:58:52
100,11,2023-05-03 06:58:52,2023-05-03 06:58:52
101,4,2023-05-02 22:35:50,2023-05-02 22:35:50
101,12,2023-05-02 22:35:50,2023-05-02 22:35:50
102,8,2023-05-02 10:18:14,2023-05-02 10:18:14
102,11,2023-05-02 10:18:14,2023-05-02 10:18:14
103,8,2023-05-04 19:02:41,2023-05-04 19:02:41
103,9,2023-05-04 19:02:41,2023-05-04 19:02:41
104,8,2023-05-02 20:51:42,2023-05-02 20:51:42
104,5,2023-05-02 20:51:42,2023-05-02 20:51:42
105,6,2023-05-01 14:32:30,2023-05-01 14:32:30
106,6,2023-05-03 21:41:38,2023-05-03 21:41:38
107,10,2023-05-04 07:12:58,2023-05-04 07:12:58
108,11,2023-05-02 22:52:56,2023-05-02 22:52:56
109,6,2023-05-03 07:56:48,2023-05-03 07:56:48
110,2,2023-05-03 16:45:32,2023-05-03 16:45:32
111,1,2023-05-03 02:33:32,2023-05-03 02:33:32
111,6,2023-05-03 02:33:32,2023-05-03 02:33:32
111,5,2023-05-03 02:33:32,2023-05-03 02:33:32
112,8,2023-05-04 12:31:38,2023-05-04 12:31:38
112,9,2023-05-04 12:31:38,2023-05-04 12:31:38
113,6,2023-05-02 06:27:18,2023-05-02 06:27:18
113,11,2023-05-02 06:27:18,2023-05-02 06:27:18
114,9,2023-05-02 17:17:03,2023-05-02 17:17:03
115,3,2023-05-04 12:58:21,2023-05-04 12:58:21
116,6,2023-05-11 07:40:20,2023-05-11 07:40:20
117,11,2023-12-07 10:50:04,2023-12-07 10:50:04
118,6,2023-05-01 18:43:50,2023-05-01 18:43:50
118,7,2023-05-01 18:43:50,2023-05-01 18:43:50
119,7,2023-05-04 09:26:07,2023-05-04 09:26:07
120,10,2023-05-04 03:16:25,2023-05-04 03:16:25
120,12,2023-05-04 03:16:25,2023-05-04 03:16:25
120,2,2023-05-04 03:16:25,2023-05-04 03:16:25
121,11,2023-05-02 11:11:38,2023-05-02 11:11:38
122,1,2023-05-04 01:53:38,2023-05-04 01:53:38
122,2,2023-05-04 01:53:38,2023-05-04 01:53:38
122,7,2023-05-04 01:53:38,2023-05-04 01:53:38
123,2,2023-05-01 17:25:57,2023-05-01 17:25:57
123,3,2023-05-01 17:25:57,2023-05-01 17:25:57
124,8,2025-10-01 23:16:51,2025-10-01 23:16:51
124,3,2025-10-01 23:16:51,2025-10-01 23:16:51
125,3,2023-05-03 13:29:20,2023-05-03 13:29:20
125,10,2023-05-03 13:29:20,2023-05-03 13:29:20
126,9,2023-05-02 15:42:21,2023-05-02 15:42:21
126,11,2023-05-02 15:42:21,2023-05-02 15:42:21
127,11,2025-08-25 18:15:01,2025-08-25 18:15:01
128,9,2023-05-02 00:56:15,2023-05-02 00:56:15
128,1,2023-05-02 00:56:15,2023-05-02 00:56:15
129,11,2023-05-02 01:04:07,2023-05-02 01:04:07
129,6,2023-05-02 01:04:07,2023-05-02 01:04:07
130,7,2023-05-03 23:24:36,2023-05-03 23:24:36
131,9,2023-05-02 14:51:46,2023-05-02 14:51:46
131,4,2023-05-02 14:51:46,2023-05-02 14:51:46
132,5,2023-05-02 12:09:09,2023-05-02 12:09:09
133,5,2023-05-02 03:29:06,2023-05-02 03:29:06
134,6,2023-05-01 15:12:49,2023-05-01 15:12:49
134,1,2023-05-01 15:12:49,2023-05-01 15:12:49
135,6,2023-05-01 08:16:24,2023-05-01 08:16:24
136,1,2023-05-02 22:44:25,2023-05-02 22:44:25
136,5,2023-05-02 22:44:25,2023-05-02 22:44:25
136,9,2023-05-02 22:44:25,2023-05-02 22:44:25
137,8,2023-05-03 16:12:04,2023-05-03 16:12:04
138,4,2023-05-03 13:24:20,2023-05-03 13:24:20
139,3,2023-05-03 09:21:14,2023-05-03 09:21:14
139,5,2023-05-03 09:21:14,2023-05-03 09:21:14
140,10,2023-05-02 19:05:25,2023-05-02 19:05:25
140,12,2023-05-02 19:05:25,2023-05-02 19:05:25
141,10,2023-05-02 14:45:52,2023-05-02 14:45:52
142,2,2023-11-26 18:44:53,2023-11-26 18:44:53
142,3,2023-11-26 18:44:53,2023-11-26 18:44:53
143,8,2023-05-03 00:54:11,2023-05-03 00:54:11
143,12,2023-05-03 00:54:11,2023-05-03 00:54:11
144,1,2023-05-04 17:34:30,2023-05-04 17:34:30
144,7,2023-05-04 17:34:30,2023-05-04 17:34:30
145,5,2023-05-01 12:49:41,2023-05-01 12:49:41
145,8,2023-05-01 12:49:41,2023-05-01 12:49:41
146,2,2023-05-02 14:41:48,2023-05-02 14:41:48
146,11,2023-05-02 14:41:48,2023-05-02 14:41:48
146,10,2023-05-02 14:41:48,2023-05-02 14:41:48
147,10,2023-05-01 20:29:39,2023-05-01 20:29:39
148,4,2023-05-01 21:44:28,2023-05-01 21:44:28
149,4,2023-05-01 20:24:06,2023-05-01 20:24:06
150,2,2023-05-04 21:44:32,2023-05-04 21:44:32
150,5,2023-05-04 21:44:32,2023-05-04 21:44:32
151,9,2023-05-02 04:46:24,2023-05-02 04:46:24
151,7,2023-05-02 04:46:24,2023-05-02 04:46:24
152,4,2023-05-04 01:47:52,2023-05-04 01:47:52
153,6,2023-05-03 05:54:59,2023-05-03 05:54:59
154,5,2023-05-01 14:31:42,2023-05-01 14:31:42
155,7,2023-07-19 04:53:57,2023-07-19 04:53:57
155,1,2023-07-19 04:53:57,2023-07-19 04:53:57
156,2,2023-05-04 10:08:23,2023-05-04 10:08:23
157,8,2023-05-01 16:38:04,2023-05-01 16:38:04
157,1,2023-05-01 16:38:04,2023-05-01 16:38:04
158,4,2023-05-01 02:05:31,2023-05-01 02:05:31
158,11,2023-05-01 02:05:31,2023-05-01 02:05:31
159,7,2023-05-03 19:03:29,2023-05-03 19:03:29
159,5,2023-05-03 19:03:29,2023-05-03 19:03:29
160,3,2023-05-03 01:24:14,2023-05-03 01:24:14
161,3,2023-05-03 10:48:57,2023-05-03 10:48:57
161,6,2023-05-03 10:48:57,2023-05-03 10:48:57
162,7,2023-05-03 14:41:40,2023-05-03 14:41:40
163,2,2023-05-02 17:55:21,2023-05-02 17:55:21
163,7,2023-05-02 17:55:21,2023-05-02 17:55:21
164,8,2023-05-04 11:57:28,2023-05-04 11:57:28
165,1,2023-05-01 22:39:05,2023-05-01 22:39:05
165,4,2023-05-01 22:39:05,2023-05-01 22:39:05
165,3,2023-05-01 22:39:05,2023-05-01 22:39:05
166,4,2023-05-03 15:42:52,2023-05-03 15:42:52
167,6,2023-05-04 13:23:01,2023-05-04 13:23:01
167,2,2023-05-04 13:23:01,2023-05-04 13:23:01
168,4,2023-05-01 09:10:10,2023-05-01 09:10:10
168,8,2023-05-01 09:10:10,2023-05-01 09:10:10
169,5,2023-05-02 10:31:34,2023-05-02 10:31:34
169,9,2023-05-02 10:31:34,2023-05-02 10:31:34
170,7,2023-06-16 06:33:15,2023-06-16 06:33:15
171,5,2023-05-04 09:43:43,2023-05-04 09:43:43
172,12,2023-05-01 12:20:57,2023-05-01 12:20:57
172,3,2023-05-01 12:20:57,2023-05-01 12:20:57
173,11,2023-05-02 07:20:43,2023-05-02 07:20:43
173,9,2023-05-02 07:20:43,2023-05-02 07:20:43
174,12,2023-05-03 02:44:42,2023-05-03 02:44:42
174,3,2023-05-03 02:44:42,2023-05-03 02:44:42
175,1,2023-05-02 06:10:57,2023-05-02 06:10:57
176,6,2023-05-04 12:02:00,2023-05-04 12:02:00
176,8,2023-05-04 12:02:00,2023-05-04 12:02:00
177,12,2023-05-03 04:34:33,2023-05-03 04:34:33
177,10,2023-05-03 04:34:33,2023-05-03 04:34:33
177,3,2023-05-03 04:34:33,2023-05-03 04:34:33
178,12,2023-05-02 10:05:31,2023-05-02 10:05:31
178,1,2023-05-02 10:05:31,2023-05-02 10:05:31
178,2,2023-05-02 10:05:31,2023-05-02 10:05:31
179,10,2023-05-01 04:06:00,2023-05-01 04:06:00
179,1,2023-05-01 04:06:00,2023-05-01 04:06:00
180,7,2023-05-04 09:50:58,2023-05-04 09:50:58
180,3,2023-05-04 09:50:58,2023-05-04 09:50:58
181,10,2023-05-03 15:34:53,2023-05-03 15:34:53
182,8,2023-05-01 17:17:30,2023-05-01 17:17:30
182,2,2023-05-01 17:17:30,2023-05-01 17:17:30
182,6,2023-05-01 17:17:30,2023-05-01 17:17:30
183,1,2023-05-01 22:18:07,2023-05-01 22:18:07
183,9,2023-05-01 22:18:07,2023-05-01 22:18:07
183,4,2023-05-01 22:18:07,2023-05-01 22:18:07
184,12,2023-05-02 05:45:00,2023-05-02 05:45:00
185,12,2023-05-01 05:59:52,2023-05-01 05:59:52
186,9,2023-05-04 13:38:33,2023-05-04 13:38:33
187,9,2023-05-04 13:09:06,2023-05-04 13:09:06
188,3,2023-05-01 23:01:44,2023-05-01 23:01:44
189,11,2023-05-03 07:08:39,2023-05-03 07:08:39
189,7,2023-05-03 07:08:39,2023-05-03 07:08:39
190,11,2024-04-21 16:15:41,2024-04-21 16:15:41
190,12,2024-04-21 16:15:41,2024-04-21 16:15:41
191,7,2023-05-01 23:56:27,2023-05-01 23:56:27
191,10,2023-05-01 23:56:27,2023-05-01 23:56:27
192,5,2023-05-04 07:52:06,2023-05-04 07:52:06
192,7,2023-05-04 07:52:06,2023-05-04 07:52:06
192,9,2023-05-04 07:52:06,2023-05-04 07:52:06
193,9,2023-05-03 08:00:35,2023-05-03 08:00:35
194,11,2023-05-01 18:07:14,2023-05-01 18:07:14
195,4,2023-05-02 02:09:18,2023-05-02 02:09:18
195,3,2023-05-02 02:09:18,2023-05-02 02:09:18
196,1,2023-05-03 20:10:29,2023-05-03 20:10:29
197,6,2023-05-01 14:04:46,2023-05-01 14:04:46
197,5,2023-05-01 14:04:46,2023-05-01 14:04:46
198,5,2023-05-03 16:25:18,2023-05-03 16:25:18
199,2,2023-05-01 02:54:20,2023-05-01 02:54:20
200,5,2023-05-04 03:07:58,2023-05-04 03:07:58
201,8,2023-05-02 21:13:44,2023-05-02 21:13:44
201,2,2023-05-02 21:13:44,2023-05-02 21:13:44
202,5,2025-11-11 18:22:04,2025-11-11 18:22:04
202,8,2025-11-11 18:22:04,2025-11-11 18:22:04
202,9,2025-11-11 18:22:04,2025-11-11 18:22:04
203,7,2023-05-01 20:18:03,2023-05-01 20:18:03
203,8,2023-05-01 20:18:03,2023-05-01 20:18:03
203,4,2023-05-01 20:18:03,2023-05-01 20:18:03
204,12,2023-05-04 03:43:56,2023-05-04 03:43:56
205,2,2023-05-01 01:45:38,2023-05-01 01:45:38
205,6,2023-05-01 01:45:38,2023-05-01 01:45:38
206,11,2023-05-03 17:12:59,2023-05-03 17:12:59
207,3,2023-05-04 10:16:04,2023-05-04 10:16:04
207,7,2023-05-04 10:16:04,2023-05-04 10:16:04
208,1,2023-05-02 16:00:17,2023-05-02 16:00:17
209,2,2023-05-04 08:39:35,2023-05-04 08:39:35
209,10,2023-05-04 08:39:35,2023-05-04 08:39:35
210,6,2023-05-01 07:28:46,2023-05-01 07:28:46
210,7,2023-05-01 07:28:46,2023-05-01 07:28:46
210,8,2023-05-01 07:28:46,2023-05-01 07:28:46
211,9,2023-05-04 19:39:40,2023-05-04 19:39:40
211,10,2023-05-04 19:39:40,2023-05-04 19:39:40
211,11,2023-05-04 19:39:40,2023-05-04 19:39:40
212,11,2023-05-02 14:35:31,2023-05-02 14:35:31
212,12,2023-05-02 14:35:31,2023-05-02 14:35:31
213,3,2023-05-04 10:56:26,2023-05-04 10:56:26
214,5,2023-05-03 01:02:32,2023-05-03 01:02:32
214,3,2023-05-03 01:02:32,2023-05-03 01:02:32
214,1,2023-05-03 01:02:32,2023-05-03 01:02:32
215,3,2023-05-04 02:42:50,2023-05-04 02:42:50
216,11,2023-05-01 02:32:10,2023-05-01 02:32:10
217,2,2023-05-03 09:21:04,2023-05-03 09:21:04
218,7,2023-05-03 09:11:58,2023-05-03 09:11:58
219,9,2023-05-01 13:59:16,2023-05-01 13:59:16
220,12,2023-05-04 15:10:25,2023-05-04 15:10:25
220,7,2023-05-04 15:10:25,2023-05-04 15:10:25
221,4,2023-05-04 02:57:29,2023-05-04 02:57:29
222,9,2025-11-11 22:10:40,2025-11-11 22:10:40
222,3,2025-11-11 22:10:40,2025-11-11 22:10:40
223,6,2023-05-01 17:33:28,2023-05-01 17:33:28
223,8,2023-05-01 17:33:28,2023-05-01 17:33:28
224,8,2023-05-04 15:01:16,2023-05-04 15:01:16
225,11,2023-05-02 12:15:45,2023-05-02 12:15:45
226,6,2023-05-01 18:02:54,2023-05-01 18:02:54
226,12,2023-05-01 18:02:54,2023-05-01 18:02:54
227,1,2023-05-04 11:44:55,2023-05-04 11:44:55
228,6,2023-05-02 16:10:06,2023-05-02 16:10:06
228,2,2023-05-02 16:10:06,2023-05-02 16:10:06
228,12,2023-05-02 16:10:06,2023-05-02 16:10:06
229,11,2023-05-04 10:18:16,2023-05-04 10:18:16
229,9,2023-05-04 10:18:16,2023-05-04 10:18:16
230,5,2023-05-02 19:55:42,2023-05-02 19:55:42
230,9,2023-05-02 19:55:42,2023-05-02 19:55:42
231,5,2023-05-02 23:58:01,2023-05-02 23:58:01
231,8,2023-05-02 23:58:01,2023-05-02 23:58:01
232,6,2023-05-03 06:23:09,2023-05-03 06:23:09
232,12,2023-05-03 06:23:09,2023-05-03 06:23:09
233,4,2023-05-02 11:34:07,2023-05-02 11:34:07
233,12,2023-05-02 11:34:07,2023-05-02 11:34:07
234,12,2023-05-01 15:31:37,2023-05-01 15:31:37
234,7,2023-05-01 15:31:37,2023-05-01 15:31:37
235,10,2023-05-01 11:22:31,2023-05-01 11:22:31
236,12,2023-05-04 11:49:49,2023-05-04 11:49:49
236,9,2023-05-04 11:49:49,2023-05-04 11:49:49
237,2,2023-05-01 14:13:20,2023-05-01 14:13:20
238,9,2023-05-03 18:56:10,2023-05-03 18:56:10
239,10,2023-05-03 17:58:22,2023-05-03 17:58:22
240,4,2023-05-01 08:54:30,2023-05-01 08:54:30
240,7,2023-05-01 08:54:30,2023-05-01 08:54:30
240,11,2023-05-01 08:54:30,2023-05-01 08:54:30
241,1,2024-02-28 22:09:13,2024-02-28 22:09:13
242,9,2023-05-04 20:35:25,2023-05-04 20:35:25
242,5,2023-05-04 20:35:25,2023-05-04 20:35:25
242,2,2023-05-04 20:35:25,2023-05-04 20:35:25
243,1,2023-05-02 00:40:37,2023-05-02 00:40:37
243,6,2023-05-02 00:40:37,2023-05-02 00:40:37
244,2,2023-05-02 18:12:27,2023-05-02 18:12:27
245,8,2023-05-04 22:40:32,2023-05-04 22:40:32
245,5,2023-05-04 22:40:32,2023-05-04 22:40:32
246,2,2023-05-02 15:10:13,2023-05-02 15:10:13
246,3,2023-05-02 15:10:13,2023-05-02 15:10:13
246,4,2023-05-02 15:10:13,2023-05-02 15:10:13
247,4,2024-09-30 13:45:29,2024-09-30 13:45:29
247,5,2024-09-30 13:45:29,2024-09-30 13:45:29
248,10,2023-05-03 14:58:08,2023-05-03 14:58:08
249,3,2023-05-03 11:32:07,2023-05-03 11:32:07
250,11,2023-05-03 17:12:40,2023-05-03 17:12:40
251,8,2023-05-02 01:29:57,2023-05-02 01:29:57
252,7,2023-05-01 05:48:17,2023-05-01 05:48:17
253,4,2023-05-04 05:38:53,2023-05-04 05:38:53
254,8,2023-05-04 01:25:20,2023-05-04 01:25:20
255,2,2023-05-03 20:54:06,2023-05-03 20:54:06
256,8,2023-05-03 21:43:45,2023-05-03 21:43:45
256,11,2023-05-03 21:43:45,2023-05-03 21:43:45
257,12,2023-05-02 19:08:28,2023-05-02 19:08:28
257,10,2023-05-02 19:08:28,2023-05-02 19:08:28
258,2,2023-05-01 02:17:23,2023-05-01 02:17:23
258,6,2023-05-01 02:17:23,2023-05-01 02:17:23
259,9,2023-05-01 11:25:58,2023-05-01 11:25:58
259,5,2023-05-01 11:25:58,2023-05-01 11:25:58
260,11,2023-05-02 05:34:16,2023-05-02 05:34:16
261,10,2023-05-02 15:37:03,2023-05-02 15:37:03
261,3,2023-05-02 15:37:03,2023-05-02 15:37:03
262,6,2023-05-03 18:49:06,2023-05-03 18:49:06
262,12,2023-05-03 18:49:06,2023-05-03 18:49:06
263,9,2023-05-03 19:37:45,2023-05-03 19:37:45
263,7,2023-05-03 19:37:45,2023-05-03 19:37:45
263,12,2023-05-03 19:37:45,2023-05-03 19:37:45
264,9,2026-03-25 03:58:47,2026-03-25 03:58:47
265,7,2023-05-01 16:44:44,2023-05-01 16:44:44
266,11,2023-05-01 14:43:44,2023-05-01 14:43:44
266,10,2023-05-01 14:43:44,2023-05-01 14:43:44
267,8,2023-05-01 10:29:31,2023-05-01 10:29:31
267,1,2023-05-01 10:29:31,2023-05-01 10:29:31
268,6,2023-05-04 00:48:34,2023-05-04 00:48:34
268,11,2023-05-04 00:48:34,2023-05-04 00:48:34
269,2,2023-05-03 17:05:17,2023-05-03 17:05:17
270,7,2023-05-03 23:47:06,2023-05-03 23:47:06
270,6,2023-05-03 23:47:06,2023-05-03 23:47:06
271,10,2023-05-02 00:03:33,2023-05-02 00:03:33
272,8,2023-05-04 01:08:16,2023-05-04 01:08:16
273,11,2023-05-04 11:16:18,2023-05-04 11:16:18
274,11,2023-05-01 03:31:38,2023-05-01 03:31:38
275,3,2023-05-03 05:11:20,2023-05-03 05:11:20
276,11,2023-05-03 01:53:20,2023-05-03 01:53:20
276,9,2023-05-03 01:53:20,2023-05-03 01:53:20
276,8,2023-05-03 01:53:20,2023-05-03 01:53:20
277,5,2024-10-03 12:55:27,2024-10-03 12:55:27
277,6,2024-10-03 12:55:27,2024-10-03 12:55:27
278,9,2023-05-02 04:52:06,2023-05-02 04:52:06
278,11,2023-05-02 04:52:06,2023-05-02 04:52:06
278,3,2023-05-02 04:52:06,2023-05-02 04:52:06
279,11,2023-05-02 23:46:07,2023-05-02 23:46:07
279,10,2023-05-02 23:46:07,2023-05-02 23:46:07
280,9,2023-05-02 09:19:29,2023-05-02 09:19:29
280,2,2023-05-02 09:19:29,2023-05-02 09:19:29
281,5,2023-05-01 01:53:44,2023-05-01 01:53:44
281,2,2023-05-01 01:53:44,2023-05-01 01:53:44
282,4,2023-05-03 06:05:07,2023-05-03 06:05:07
282,10,2023-05-03 06:05:07,2023-05-03 06:05:07
282,6,2023-05-03 06:05:07,2023-05-03 06:05:07
283,5,2023-05-02 06:29:51,2023-05-02 06:29:51
284,10,2024-02-23 07:04:44,2024-02-23 07:04:44
284,2,2024-02-23 07:04:44,2024-02-23 07:04:44
285,3,2023-05-04 10:08:03,2023-05-04 10:08:03
285,2,2023-05-04 10:08:03,2023-05-04 10:08:03
286,5,2023-05-04 10:33:30,2023-05-04 10:33:30
286,11,2023-05-04 10:33:30,2023-05-04 10:33:30
287,6,2023-05-04 23:12:16,2023-05-04 23:12:16
287,3,2023-05-04 23:12:16,2023-05-04 23:12:16
288,12,2023-05-01 23:33:25,2023-05-01 23:33:25
289,6,2023-05-04 01:10:45,2023-05-04 01:10:45
289,8,2023-05-04 01:10:45,2023-05-04 01:10:45
290,5,2023-05-03 15:56:51,2023-05-03 15:56:51
290,1,2023-05-03 15:56:51,2023-05-03 15:56:51
291,2,2024-06-17 00:07:04,2024-06-17 00:07:04
291,9,2024-06-17 00:07:04,2024-06-17 00:07:04
292,10,2023-05-03 11:51:30,2023-05-03 11:51:30
292,6,2023-05-03 11:51:30,2023-05-03 11:51:30
293,5,2023-05-04 18:38:03,2023-05-04 18:38:03
293,7,2023-05-04 18:38:03,2023-05-04 18:38:03
294,11,2023-05-01 06:25:58,2023-05-01 06:25:58
294,12,2023-05-01 06:25:58,2023-05-01 06:25:58
295,5,2024-06-27 10:56:03,2024-06-27 10:56:03
295,9,2024-06-27 10:56:03,2024-06-27 10:56:03
295,3,2024-06-27 10:56:03,2024-06-27 10:56:03
296,9,2023-05-01 23:22:07,2023-05-01 23:22:07
296,3,2023-05-01 23:22:07,2023-05-01 23:22:07
297,9,2023-05-02 14:38:19,2023-05-02 14:38:19
297,3,2023-05-02 14:38:19,2023-05-02 14:38:19
298,5,2023-05-01 03:54:33,2023-05-01 03:54:33
299,8,2023-05-02 09:04:57,2023-05-02 09:04:57
300,11,2024-06-18 11:56:59,2024-06-18 11:56:59
301,11,2023-05-02 09:26:52,2023-05-02 09:26:52
302,12,2023-05-01 23:24:06,2023-05-01 23:24:06
303,4,2023-05-02 09:40:17,2023-05-02 09:40:17
304,2,2023-05-03 07:20:12,2023-05-03 07:20:12
304,1,2023-05-03 07:20:12,2023-05-03 07:20:12
305,3,2023-05-04 06:48:40,2023-05-04 06:48:40
306,1,2023-06-21 17:31:27,2023-06-21 17:31:27
306,11,2023-06-21 17:31:27,2023-06-21 17:31:27
306,4,2023-06-21 17:31:27,2023-06-21 17:31:27
307,3,2023-05-03 08:03:49,2023-05-03 08:03:49
307,5,2023-05-03 08:03:49,2023-05-03 08:03:49
308,5,2023-05-03 22:57:20,2023-05-03 22:57:20
308,1,2023-05-03 22:57:20,2023-05-03 22:57:20
309,4,2023-05-02 10:43:54,2023-05-02 10:43:54
309,7,2023-05-02 10:43:54,2023-05-02 10:43:54
310,12,2023-05-04 12:48:55,2023-05-04 12:48:55
310,5,2023-05-04 12:48:55,2023-05-04 12:48:55
311,11,2023-05-04 04:56:51,2023-05-04 04:56:51
311,8,2023-05-04 04:56:51,2023-05-04 04:56:51
311,9,2023-05-04 04:56:51,2023-05-04 04:56:51
312,5,2023-05-02 23:28:08,2023-05-02 23:28:08
312,4,2023-05-02 23:28:08,2023-05-02 23:28:08
313,1,2023-05-01 22:47:36,2023-05-01 22:47:36
314,10,2023-05-04 14:15:25,2023-05-04 14:15:25
314,8,2023-05-04 14:15:25,2023-05-04 14:15:25
314,5,2023-05-04 14:15:25,2023-05-04 14:15:25
315,9,2023-05-04 13:30:45,2023-05-04 13:30:45
316,9,2023-05-02 13:56:01,2023-05-02 13:56:01
317,3,2023-05-02 17:03:18,2023-05-02 17:03:18
318,4,2023-05-01 02:11:48,2023-05-01 02:11:48
318,6,2023-05-01 02:11:48,2023-05-01 02:11:48
319,12,2023-05-01 23:24:09,2023-05-01 23:24:09
320,11,2026-05-15 08:20:30,2026-05-15 08:20:30
320,4,2026-05-15 08:20:30,2026-05-15 08:20:30
321,1,2024-08-23 21:52:57,2024-08-23 21:52:57
321,2,2024-08-23 21:52:57,2024-08-23 21:52:57
322,2,2023-05-01 14:34:21,2023-05-01 14:34:21
322,9,2023-05-01 14:34:21,2023-05-01 14:34:21
322,7,2023-05-01 14:34:21,2023-05-01 14:34:21
323,6,2023-05-03 04:05:51,2023-05-03 04:05:51
323,2,2023-05-03 04:05:51,2023-05-03 04:05:51
324,3,2023-05-03 10:53:34,2023-05-03 10:53:34
325,5,2023-05-04 07:20:23,2023-05-04 07:20:23
326,10,2023-05-02 15:43:58,2023-05-02 15:43:58
326,9,2023-05-02 15:43:58,2023-05-02 15:43:58
326,4,2023-05-02 15:43:58,2023-05-02 15:43:58
327,12,2023-05-01 15:14:57,2023-05-01 15:14:57
327,2,2023-05-01 15:14:57,2023-05-01 15:14:57
328,12,2023-05-03 16:48:43,2023-05-03 16:48:43
328,11,2023-05-03 16:48:43,2023-05-03 16:48:43
329,7,2023-05-02 20:44:46,2023-05-02 20:44:46
330,1,2023-05-01 01:53:12,2023-05-01 01:53:12
331,5,2023-05-04 02:45:04,2023-05-04 02:45:04
331,9,2023-05-04 02:45:04,2023-05-04 02:45:04
331,10,2023-05-04 02:45:04,2023-05-04 02:45:04
332,9,2023-05-01 12:09:42,2023-05-01 12:09:42
333,8,2023-05-02 01:29:34,2023-05-02 01:29:34
334,9,2023-05-04 06:02:11,2023-05-04 06:02:11
334,11,2023-05-04 06:02:11,2023-05-04 06:02:11
334,10,2023-05-04 06:02:11,2023-05-04 06:02:11
335,2,2023-05-02 14:47:08,2023-05-02 14:47:08
336,3,2023-05-01 01:29:34,2023-05-01 01:29:34
336,7,2023-05-01 01:29:34,2023-05-01 01:29:34
337,2,2023-05-04 14:32:05,2023-05-04 14:32:05
337,5,2023-05-04 14:32:05,2023-05-04 14:32:05
338,11,2023-05-04 10:12:44,2023-05-04 10:12:44
339,9,2023-05-03 07:57:07,2023-05-03 07:57:07
340,2,2023-05-03 22:03:16,2023-05-03 22:03:16
340,3,2023-05-03 22:03:16,2023-05-03 22:03:16
341,9,2023-05-01 05:58:00,2023-05-01 05:58:00
341,3,2023-05-01 05:58:00,2023-05-01 05:58:00
342,11,2023-05-02 07:49:25,2023-05-02 07:49:25
342,2,2023-05-02 07:49:25,2023-05-02 07:49:25
342,7,2023-05-02 07:49:25,2023-05-02 07:49:25
343,6,2023-05-01 07:09:49,2023-05-01 07:09:49
344,9,2023-05-03 06:23:53,2023-05-03 06:23:53
345,2,2023-05-03 14:50:14,2023-05-03 14:50:14
345,4,2023-05-03 14:50:14,2023-05-03 14:50:14
346,5,2023-05-01 03:39:13,2023-05-01 03:39:13
346,8,2023-05-01 03:39:13,2023-05-01 03:39:13
347,11,2023-05-02 10:26:34,2023-05-02 10:26:34
347,7,2023-05-02 10:26:34,2023-05-02 10:26:34
348,4,2023-05-02 17:01:10,2023-05-02 17:01:10
349,3,2023-05-02 01:27:44,2023-05-02 01:27:44
349,4,2023-05-02 01:27:44,2023-05-02 01:27:44
350,8,2023-05-04 19:43:37,2023-05-04 19:43:37
351,12,2023-05-03 19:17:58,2023-05-03 19:17:58
352,12,2023-05-01 13:33:23,2023-05-01 13:33:23
352,1,2023-05-01 13:33:23,2023-05-01 13:33:23
353,8,2023-05-04 22:38:54,2023-05-04 22:38:54
353,9,2023-05-04 22:38:54,2023-05-04 22:38:54
354,11,2023-05-02 06:39:51,2023-05-02 06:39:51
354,1,2023-05-02 06:39:51,2023-05-02 06:39:51
355,5,2023-05-01 15:22:58,2023-05-01 15:22:58
355,11,2023-05-01 15:22:58,2023-05-01 15:22:58
356,9,2023-05-02 22:50:54,2023-05-02 22:50:54
357,5,2023-05-01 17:44:10,2023-05-01 17:44:10
357,10,2023-05-01 17:44:10,2023-05-01 17:44:10
358,2,2023-05-03 09:47:22,2023-05-03 09:47:22
359,4,2023-05-03 15:32:26,2023-05-03 15:32:26
359,12,2023-05-03 15:32:26,2023-05-03 15:32:26
359,10,2023-05-03 15:32:26,2023-05-03 15:32:26
360,3,2023-05-04 06:23:27,2023-05-04 06:23:27
360,8,2023-05-04 06:23:27,2023-05-04 06:23:27
360,5,2023-05-04 06:23:27,2023-05-04 06:23:27
361,11,2023-05-02 07:45:49,2023-05-02 07:45:49
361,6,2023-05-02 07:45:49,2023-05-02 07:45:49
362,11,2023-05-01 10:38:21,2023-05-01 10:38:21
362,12,2023-05-01 10:38:21,2023-05-01 10:38:21
362,9,2023-05-01 10:38:21,2023-05-01 10:38:21
363,8,2023-05-02 11:18:50,2023-05-02 11:18:50
363,3,2023-05-02 11:18:50,2023-05-02 11:18:50
364,10,2023-05-01 16:17:08,2023-05-01 16:17:08
365,6,2023-05-04 22:17:30,2023-05-04 22:17:30
366,4,2023-05-01 20:23:27,2023-05-01 20:23:27
366,6,2023-05-01 20:23:27,2023-05-01 20:23:27
367,9,2023-05-02 17:24:39,2023-05-02 17:24:39
367,12,2023-05-02 17:24:39,2023-05-02 17:24:39
368,9,2023-05-03 21:55:20,2023-05-03 21:55:20
368,3,2023-05-03 21:55:20,2023-05-03 21:55:20
369,7,2023-05-02 11:28:44,2023-05-02 11:28:44
370,7,2023-05-01 09:14:40,2023-05-01 09:14:40
370,6,2023-05-01 09:14:40,2023-05-01 09:14:40
371,5,2023-05-02 15:49:37,2023-05-02 15:49:37
372,12,2023-05-01 13:11:49,2023-05-01 13:11:49
373,2,2023-05-01 01:57:12,2023-05-01 01:57:12
374,11,2023-05-03 10:48:02,2023-05-03 10:48:02
374,6,2023-05-03 10:48:02,2023-05-03 10:48:02
374,5,2023-05-03 10:48:02,2023-05-03 10:48:02
375,12,2023-05-04 12:18:52,2023-05-04 12:18:52
375,10,2023-05-04 12:18:52,2023-05-04 12:18:52
376,4,2025-06-15 05:10:02,2025-06-15 05:10:02
377,12,2023-05-03 14:30:29,2023-05-03 14:30:29
377,9,2023-05-03 14:30:29,2023-05-03 14:30:29
378,1,2026-02-24 02:12:29,2026-02-24 02:12:29
379,4,2024-02-11 09:21:56,2024-02-11 09:21:56
379,10,2024-02-11 09:21:56,2024-02-11 09:21:56
380,6,2023-12-07 21:14:01,2023-12-07 21:14:01
380,4,2023-12-07 21:14:01,2023-12-07 21:14:01
380,3,2023-12-07 21:14:01,2023-12-07 21:14:01
381,5,2025-07-05 11:47:19,2025-07-05 11:47:19
381,8,2025-07-05 11:47:19,2025-07-05 11:47:19
382,11,2023-05-03 06:33:26,2023-05-03 06:33:26
382,1,2023-05-03 06:33:26,2023-05-03 06:33:26
383,1,2023-05-01 05:03:57,2023-05-01 05:03:57
383,10,2023-05-01 05:03:57,2023-05-01 05:03:57
384,10,2023-05-01 16:37:28,2023-05-01 16:37:28
384,2,2023-05-01 16:37:28,2023-05-01 16:37:28
385,2,2023-05-01 02:50:13,2023-05-01 02:50:13
385,5,2023-05-01 02:50:13,2023-05-01 02:50:13
386,10,2023-05-02 17:49:07,2023-05-02 17:49:07
386,3,2023-05-02 17:49:07,2023-05-02 17:49:07
387,12,2025-03-03 14:39:07,2025-03-03 14:39:07
388,3,2023-05-04 06:01:43,2023-05-04 06:01:43
388,10,2023-05-04 06:01:43,2023-05-04 06:01:43
389,3,2023-05-03 11:26:10,2023-05-03 11:26:10
389,2,2023-05-03 11:26:10,2023-05-03 11:26:10
390,1,2023-05-02 22:50:20,2023-05-02 22:50:20
391,1,2023-05-02 06:31:34,2023-05-02 06:31:34
391,8,2023-05-02 06:31:34,2023-05-02 06:31:34
392,2,2023-05-02 18:26:31,2023-05-02 18:26:31
392,4,2023-05-02 18:26:31,2023-05-02 18:26:31
393,4,2024-05-04 23:37:32,2024-05-04 23:37:32
393,10,2024-05-04 23:37:32,2024-05-04 23:37:32
394,7,2023-05-03 21:13:32,2023-05-03 21:13:32
395,3,2023-05-01 05:21:39,2023-05-01 05:21:39
395,8,2023-05-01 05:21:39,2023-05-01 05:21:39
396,6,2023-05-04 12:41:54,2023-05-04 12:41:54
397,1,2025-06-25 23:16:12,2025-06-25 23:16:12
397,11,2025-06-25 23:16:12,2025-06-25 23:16:12
398,1,2023-05-04 08:44:38,2023-05-04 08:44:38
398,6,2023-05-04 08:44:38,2023-05-04 08:44:38
399,12,2023-05-02 16:44:39,2023-05-02 16:44:39
399,5,2023-05-02 16:44:39,2023-05-02 16:44:39
399,7,2023-05-02 16:44:39,2023-05-02 16:44:39
400,9,2023-05-02 19:54:11,2023-05-02 19:54:11
401,5,2023-05-03 13:28:38,2023-05-03 13:28:38
401,11,2023-05-03 13:28:38,2023-05-03 13:28:38
402,9,2023-05-03 15:51:21,2023-05-03 15:51:21
403,11,2023-05-01 18:05:46,2023-05-01 18:05:46
404,3,2023-08-14 09:26:54,2023-08-14 09:26:54
404,6,2023-08-14 09:26:54,2023-08-14 09:26:54
405,10,2023-05-01 01:44:14,2023-05-01 01:44:14
406,7,2023-05-03 23:10:39,2023-05-03 23:10:39
406,6,2023-05-03 23:10:39,2023-05-03 23:10:39
406,11,2023-05-03 23:10:39,2023-05-03 23:10:39
407,9,2023-05-02 12:22:59,2023-05-02 12:22:59
407,2,2023-05-02 12:22:59,2023-05-02 12:22:59
407,6,2023-05-02 12:22:59,2023-05-02 12:22:59
408,2,2023-05-01 09:06:39,2023-05-01 09:06:39
409,11,2023-05-01 09:57:36,2023-05-01 09:57:36
409,6,2023-05-01 09:57:36,2023-05-01 09:57:36
409,8,2023-05-01 09:57:36,2023-05-01 09:57:36
410,8,2024-11-04 12:04:46,2024-11-04 12:04:46
410,5,2024-11-04 12:04:46,2024-11-04 12:04:46
411,5,2023-05-01 02:19:07,2023-05-01 02:19:07
411,2,2023-05-01 02:19:07,2023-05-01 02:19:07
412,10,2023-05-01 20:25:01,2023-05-01 20:25:01
412,5,2023-05-01 20:25:01,2023-05-01 20:25:01
413,6,2023-05-04 05:50:26,2023-05-04 05:50:26
414,4,2023-05-04 09:56:09,2023-05-04 09:56:09
414,5,2023-05-04 09:56:09,2023-05-04 09:56:09
415,6,2023-05-03 23:17:33,2023-05-03 23:17:33
416,2,2023-09-17 17:55:32,2023-09-17 17:55:32
416,6,2023-09-17 17:55:32,2023-09-17 17:55:32
417,9,2023-05-04 07:41:33,2023-05-04 07:41:33
417,3,2023-05-04 07:41:33,2023-05-04 07:41:33
418,6,2023-05-01 12:40:22,2023-05-01 12:40:22
418,10,2023-05-01 12:40:22,2023-05-01 12:40:22
419,3,2023-05-04 17:48:24,2023-05-04 17:48:24
420,6,2023-05-04 07:42:12,2023-05-04 07:42:12
421,1,2023-05-04 12:51:21,2023-05-04 12:51:21
422,8,2023-05-04 14:57:45,2023-05-04 14:57:45
423,9,2023-05-03 06:40:02,2023-05-03 06:40:02
423,8,2023-05-03 06:40:02,2023-05-03 06:40:02
423,3,2023-05-03 06:40:02,2023-05-03 06:40:02
424,3,2023-05-02 02:28:10,2023-05-02 02:28:10
424,6,2023-05-02 02:28:10,2023-05-02 02:28:10
424,12,2023-05-02 02:28:10,2023-05-02 02:28:10
425,12,2025-03-29 03:36:27,2025-03-29 03:36:27
426,9,2023-05-02 18:56:38,2023-05-02 18:56:38
427,8,2023-05-04 21:07:41,2023-05-04 21:07:41
428,12,2023-05-04 06:58:51,2023-05-04 06:58:51
429,11,2023-12-14 16:37:26,2023-12-14 16:37:26
430,1,2025-01-20 01:34:50,2025-01-20 01:34:50
431,12,2023-05-03 20:56:43,2023-05-03 20:56:43
431,5,2023-05-03 20:56:43,2023-05-03 20:56:43
431,4,2023-05-03 20:56:43,2023-05-03 20:56:43
432,4,2023-05-03 23:55:34,2023-05-03 23:55:34
432,5,2023-05-03 23:55:34,2023-05-03 23:55:34
433,9,2023-05-02 16:18:16,2023-05-02 16:18:16
434,7,2023-05-03 22:31:47,2023-05-03 22:31:47
434,6,2023-05-03 22:31:47,2023-05-03 22:31:47
435,10,2023-05-01 13:13:03,2023-05-01 13:13:03
435,8,2023-05-01 13:13:03,2023-05-01 13:13:03
435,2,2023-05-01 13:13:03,2023-05-01 13:13:03
436,4,2023-05-03 22:03:16,2023-05-03 22:03:16
436,6,2023-05-03 22:03:16,2023-05-03 22:03:16
436,12,2023-05-03 22:03:16,2023-05-03 22:03:16
437,10,2023-05-03 17:49:38,2023-05-03 17:49:38
438,8,2023-05-01 22:48:36,2023-05-01 22:48:36
438,4,2023-05-01 22:48:36,2023-05-01 22:48:36
438,5,2023-05-01 22:48:36,2023-05-01 22:48:36
439,4,2023-05-04 10:27:11,2023-05-04 10:27:11
439,2,2023-05-04 10:27:11,2023-05-04 10:27:11
439,12,2023-05-04 10:27:11,2023-05-04 10:27:11
440,6,2023-05-02 07:15:35,2023-05-02 07:15:35
441,6,2023-05-01 07:43:20,2023-05-01 07:43:20
442,3,2023-05-03 00:50:52,2023-05-03 00:50:52
442,7,2023-05-03 00:50:52,2023-05-03 00:50:52
442,10,2023-05-03 00:50:52,2023-05-03 00:50:52
443,3,2023-05-04 18:57:56,2023-05-04 18:57:56
443,12,2023-05-04 18:57:56,2023-05-04 18:57:56
443,4,2023-05-04 18:57:56,2023-05-04 18:57:56
444,9,2023-05-04 04:29:43,2023-05-04 04:29:43
445,4,2023-05-01 19:37:41,2023-05-01 19:37:41
445,10,2023-05-01 19:37:41,2023-05-01 19:37:41
446,9,2024-09-01 18:30:34,2024-09-01 18:30:34
446,8,2024-09-01 18:30:34,2024-09-01 18:30:34
447,3,2023-05-02 13:56:53,2023-05-02 13:56:53
448,5,2023-05-01 23:28:30,2023-05-01 23:28:30
448,1,2023-05-01 23:28:30,2023-05-01 23:28:30
448,12,2023-05-01 23:28:30,2023-05-01 23:28:30
449,6,2023-05-02 13:15:38,2023-05-02 13:15:38
450,6,2023-05-03 04:00:06,2023-05-03 04:00:06
451,3,2023-05-02 03:46:16,2023-05-02 03:46:16
451,9,2023-05-02 03:46:16,2023-05-02 03:46:16
452,1,2024-06-08 00:16:51,2024-06-08 00:16:51
452,7,2024-06-08 00:16:51,2024-06-08 00:16:51
453,6,2023-05-04 06:51:11,2023-05-04 06:51:11
453,8,2023-05-04 06:51:11,2023-05-04 06:51:11
454,5,2023-05-03 09:25:03,2023-05-03 09:25:03
455,3,2025-10-11 23:29:03,2025-10-11 23:29:03
455,2,2025-10-11 23:29:03,2025-10-11 23:29:03
455,9,2025-10-11 23:29:03,2025-10-11 23:29:03
456,10,2023-05-02 07:59:16,2023-05-02 07:59:16
456,12,2023-05-02 07:59:16,2023-05-02 07:59:16
457,1,2023-05-02 16:14:35,2023-05-02 16:14:35
457,11,2023-05-02 16:14:35,2023-05-02 16:14:35
458,1,2023-05-03 07:16:51,2023-05-03 07:16:51
458,7,2023-05-03 07:16:51,2023-05-03 07:16:51
458,9,2023-05-03 07:16:51,2023-05-03 07:16:51
459,6,2023-05-03 07:44:36,2023-05-03 07:44:36
459,5,2023-05-03 07:44:36,2023-05-03 07:44:36
459,11,2023-05-03 07:44:36,2023-05-03 07:44:36
460,1,2023-05-04 19:04:28,2023-05-04 19:04:28
461,10,2023-05-03 02:36:32,2023-05-03 02:36:32
461,7,2023-05-03 02:36:32,2023-05-03 02:36:32
462,3,2023-05-04 23:41:28,2023-05-04 23:41:28
463,1,2023-05-02 02:33:12,2023-05-02 02:33:12
463,7,2023-05-02 02:33:12,2023-05-02 02:33:12
463,5,2023-05-02 02:33:12,2023-05-02 02:33:12
464,11,2023-05-01 02:29:40,2023-05-01 02:29:40
464,7,2023-05-01 02:29:40,2023-05-01 02:29:40
464,6,2023-05-01 02:29:40,2023-05-01 02:29:40
465,11,2023-05-02 22:04:14,2023-05-02 22:04:14
465,1,2023-05-02 22:04:14,2023-05-02 22:04:14
466,1,2023-05-04 06:40:34,2023-05-04 06:40:34
467,12,2023-05-02 09:58:12,2023-05-02 09:58:12
467,4,2023-05-02 09:58:12,2023-05-02 09:58:12
468,3,2023-05-02 07:01:44,2023-05-02 07:01:44
469,7,2023-05-01 17:14:19,2023-05-01 17:14:19
469,10,2023-05-01 17:14:19,2023-05-01 17:14:19
470,9,2023-05-01 09:14:50,2023-05-01 09:14:50
470,8,2023-05-01 09:14:50,2023-05-01 09:14:50
470,6,2023-05-01 09:14:50,2023-05-01 09:14:50
471,3,2023-05-03 19:32:29,2023-05-03 19:32:29
471,2,2023-05-03 19:32:29,2023-05-03 19:32:29
472,6,2023-05-03 19:11:52,2023-05-03 19:11:52
472,11,2023-05-03 19:11:52,2023-05-03 19:11:52
472,3,2023-05-03 19:11:52,2023-05-03 19:11:52
473,8,2023-05-04 12:57:12,2023-05-04 12:57:12
473,7,2023-05-04 12:57:12,2023-05-04 12:57:12
474,8,2023-05-01 16:09:29,2023-05-01 16:09:29
475,5,2023-05-03 00:59:30,2023-05-03 00:59:30
476,4,2023-05-01 21:05:17,2023-05-01 21:05:17
476,8,2023-05-01 21:05:17,2023-05-01 21:05:17
476,6,2023-05-01 21:05:17,2023-05-01 21:05:17
477,8,2023-05-01 14:31:00,2023-05-01 14:31:00
477,10,2023-05-01 14:31:00,2023-05-01 14:31:00
478,12,2023-05-01 12:21:35,2023-05-01 12:21:35
479,6,2024-02-15 18:00:40,2024-02-15 18:00:40
480,7,2023-05-01 15:53:19,2023-05-01 15:53:19
481,3,2023-05-04 03:04:30,2023-05-04 03:04:30
481,5,2023-05-04 03:04:30,2023-05-04 03:04:30
482,5,2023-05-04 08:26:30,2023-05-04 08:26:30
482,10,2023-05-04 08:26:30,2023-05-04 08:26:30
483,8,2023-05-04 21:39:19,2023-05-04 21:39:19
483,12,2023-05-04 21:39:19,2023-05-04 21:39:19
484,2,2023-05-03 02:13:14,2023-05-03 02:13:14
485,1,2023-05-03 20:30:56,2023-05-03 20:30:56
486,3,2023-05-01 07:43:00,2023-05-01 07:43:00
486,10,2023-05-01 07:43:00,2023-05-01 07:43:00
487,8,2023-05-02 00:20:20,2023-05-02 00:20:20
487,11,2023-05-02 00:20:20,2023-05-02 00:20:20
487,10,2023-05-02 00:20:20,2023-05-02 00:20:20
488,10,2023-12-23 19:50:21,2023-12-23 19:50:21
488,4,2023-12-23 19:50:21,2023-12-23 19:50:21
489,4,2023-05-03 09:42:21,2023-05-03 09:42:21
490,8,2023-05-02 23:20:42,2023-05-02 23:20:42
491,11,2023-05-02 04:25:31,2023-05-02 04:25:31
491,9,2023-05-02 04:25:31,2023-05-02 04:25:31
492,11,2023-05-03 18:41:44,2023-05-03 18:41:44
492,1,2023-05-03 18:41:44,2023-05-03 18:41:44
493,3,2023-05-01 21:49:05,2023-05-01 21:49:05
494,6,2023-05-01 13:03:27,2023-05-01 13:03:27
495,4,2023-10-07 04:59:41,2023-10-07 04:59:41
496,4,2023-05-01 23:02:59,2023-05-01 23:02:59
497,5,2023-05-02 12:53:54,2023-05-02 12:53:54
498,3,2025-07-27 20:13:37,2025-07-27 20:13:37
498,4,2025-07-27 20:13:37,2025-07-27 20:13:37
499,10,2023-05-04 22:36:06,2023-05-04 22:36:06
499,5,2023-05-04 22:36:06,2023-05-04 22:36:06
500,5,2023-05-04 01:29:56,2023-05-04 01:29:56
500,10,2023-05-04 01:29:56,2023-05-04 01:29:56
501,3,2023-05-03 19:19:43,2023-05-03 19:19:43
501,11,2023-05-03 19:19:43,2023-05-03 19:19:43
502,3,2023-05-02 21:57:47,2023-05-02 21:57:47
502,7,2023-05-02 21:57:47,2023-05-02 21:57:47
503,1,2023-05-03 05:49:57,2023-05-03 05:49:57
503,11,2023-05-03 05:49:57,2023-05-03 05:49:57
503,5,2023-05-03 05:49:57,2023-05-03 05:49:57
504,6,2023-05-03 21:11:37,2023-05-03 21:11:37
504,3,2023-05-03 21:11:37,2023-05-03 21:11:37
505,5,2023-05-01 06:40:55,2023-05-01 06:40:55
506,11,2023-05-03 22:29:45,2023-05-03 22:29:45
507,2,2026-03-15 16:17:14,2026-03-15 16:17:14
507,1,2026-03-15 16:17:14,2026-03-15 16:17:14
508,1,2023-09-10 13:09:26,2023-09-10 13:09:26
509,3,2024-12-30 09:45:15,2024-12-30 09:45:15
509,8,2024-12-30 09:45:15,2024-12-30 09:45:15
510,11,2023-05-01 01:44:25,2023-05-01 01:44:25
510,3,2023-05-01 01:44:25,2023-05-01 01:44:25
511,8,2023-05-01 22:45:53,2023-05-01 22:45:53
512,10,2023-05-01 09:17:56,2023-05-01 09:17:56
513,7,2023-05-04 06:46:40,2023-05-04 06:46:40
513,12,2023-05-04 06:46:40,2023-05-04 06:46:40
513,8,2023-05-04 06:46:40,2023-05-04 06:46:40
514,4,2023-05-02 14:35:14,2023-05-02 14:35:14
514,7,2023-05-02 14:35:14,2023-05-02 14:35:14
515,10,2023-05-03 21:59:02,2023-05-03 21:59:02
515,5,2023-05-03 21:59:02,2023-05-03 21:59:02
516,8,2023-05-04 18:55:42,2023-05-04 18:55:42
517,3,2023-05-02 10:53:28,2023-05-02 10:53:28
517,7,2023-05-02 10:53:28,2023-05-02 10:53:28
518,4,2023-05-01 01:08:16,2023-05-01 01:08:16
518,11,2023-05-01 01:08:16,2023-05-01 01:08:16
518,1,2023-05-01 01:08:16,2023-05-01 01:08:16
519,1,2023-05-02 06:49:23,2023-05-02 06:49:23
520,6,2023-05-01 22:54:51,2023-05-01 22:54:51
521,7,2023-05-03 07:11:58,2023-05-03 07:11:58
521,1,2023-05-03 07:11:58,2023-05-03 07:11:58
522,3,2023-05-03 05:44:31,2023-05-03 05:44:31
522,8,2023-05-03 05:44:31,2023-05-03 05:44:31
523,9,2023-05-01 00:18:53,2023-05-01 00:18:53
524,9,2023-05-02 11:06:27,2023-05-02 11:06:27
524,4,2023-05-02 11:06:27,2023-05-02 11:06:27
525,11,2023-05-01 19:09:31,2023-05-01 19:09:31
526,12,2023-05-03 15:44:46,2023-05-03 15:44:46
526,4,2023-05-03 15:44:46,2023-05-03 15:44:46
527,11,2023-05-02 04:55:04,2023-05-02 04:55:04
528,7,2023-05-04 07:15:40,2023-05-04 07:15:40
529,10,2024-07-07 14:59:32,2024-07-07 14:59:32
530,6,2023-05-02 21:51:21,2023-05-02 21:51:21
531,1,2023-05-03 17:10:01,2023-05-03 17:10:01
532,5,2023-05-01 15:57:10,2023-05-01 15:57:10
533,10,2023-05-02 02:01:21,2023-05-02 02:01:21
533,3,2023-05-02 02:01:21,2023-05-02 02:01:21
534,5,2025-07-31 12:14:49,2025-07-31 12:14:49
534,11,2025-07-31 12:14:49,2025-07-31 12:14:49
534,10,2025-07-31 12:14:49,2025-07-31 12:14:49
535,4,2023-05-01 23:46:08,2023-05-01 23:46:08
536,4,2023-05-01 14:19:34,2023-05-01 14:19:34
537,8,2023-05-04 21:50:23,2023-05-04 21:50:23
537,2,2023-05-04 21:50:23,2023-05-04 21:50:23
538,3,2023-05-02 19:59:40,2023-05-02 19:59:40
538,11,2023-05-02 19:59:40,2023-05-02 19:59:40
539,9,2023-05-03 16:51:38,2023-05-03 16:51:38
540,5,2023-05-03 03:13:16,2023-05-03 03:13:16
540,4,2023-05-03 03:13:16,2023-05-03 03:13:16
541,7,2023-05-01 15:02:59,2023-05-01 15:02:59
541,6,2023-05-01 15:02:59,2023-05-01 15:02:59
541,1,2023-05-01 15:02:59,2023-05-01 15:02:59
542,5,2023-05-03 10:27:17,2023-05-03 10:27:17
542,6,2023-05-03 10:27:17,2023-05-03 10:27:17
543,7,2023-10-14 01:02:35,2023-10-14 01:02:35
544,11,2023-05-04 17:43:11,2023-05-04 17:43:11
544,9,2023-05-04 17:43:11,2023-05-04 17:43:11
545,6,2023-05-03 05:57:39,2023-05-03 05:57:39
546,5,2024-04-05 17:36:46,2024-04-05 17:36:46
546,3,2024-04-05 17:36:46,2024-04-05 17:36:46
546,7,2024-04-05 17:36:46,2024-04-05 17:36:46
547,3,2023-05-01 19:18:31,2023-05-01 19:18:31
547,1,2023-05-01 19:18:31,2023-05-01 19:18:31
548,9,2023-05-01 14:12:33,2023-05-01 14:12:33
549,9,2023-05-04 16:26:10,2023-05-04 16:26:10
550,2,2023-05-01 05:34:00,2023-05-01 05:34:00
551,11,2023-05-03 11:28:37,2023-05-03 11:28:37
551,4,2023-05-03 11:28:37,2023-05-03 11:28:37
552,9,2024-07-06 02:07:33,2024-07-06 02:07:33
552,11,2024-07-06 02:07:33,2024-07-06 02:07:33
553,4,2023-05-01 14:27:15,2023-05-01 14:27:15
554,4,2023-05-01 19:39:44,2023-05-01 19:39:44
555,2,2023-05-04 10:10:29,2023-05-04 10:10:29
556,11,2023-05-04 16:27:04,2023-05-04 16:27:04
557,1,2023-05-02 04:16:19,2023-05-02 04:16:19
558,3,2023-05-01 07:18:44,2023-05-01 07:18:44
558,4,2023-05-01 07:18:44,2023-05-01 07:18:44
559,7,2023-05-04 17:18:55,2023-05-04 17:18:55
560,8,2023-05-02 18:48:11,2023-05-02 18:48:11
560,11,2023-05-02 18:48:11,2023-05-02 18:48:11
561,10,2023-05-02 10:13:06,2023-05-02 10:13:06
562,12,2023-05-03 09:57:46,2023-05-03 09:57:46
562,2,2023-05-03 09:57:46,2023-05-03 09:57:46
563,2,2023-05-02 09:32:52,2023-05-02 09:32:52
563,6,2023-05-02 09:32:52,2023-05-02 09:32:52
564,9,2023-05-04 09:42:15,2023-05-04 09:42:15
565,6,2023-05-03 22:13:07,2023-05-03 22:13:07
566,2,2023-05-02 01:52:27,2023-05-02 01:52:27
567,9,2023-05-02 00:04:23,2023-05-02 00:04:23
567,11,2023-05-02 00:04:23,2023-05-02 00:04:23
567,7,2023-05-02 00:04:23,2023-05-02 00:04:23
568,1,2023-05-02 22:14:22,2023-05-02 22:14:22
569,1,2023-07-22 06:44:58,2023-07-22 06:44:58
569,3,2023-07-22 06:44:58,2023-07-22 06:44:58
569,10,2023-07-22 06:44:58,2023-07-22 06:44:58
570,6,2023-05-04 05:11:41,2023-05-04 05:11:41
570,3,2023-05-04 05:11:41,2023-05-04 05:11:41
571,9,2023-05-03 09:14:22,2023-05-03 09:14:22
571,2,2023-05-03 09:14:22,2023-05-03 09:14:22
571,7,2023-05-03 09:14:22,2023-05-03 09:14:22
572,7,2023-05-01 08:37:33,2023-05-01 08:37:33
572,5,2023-05-01 08:37:33,2023-05-01 08:37:33
573,6,2023-05-04 01:41:28,2023-05-04 01:41:28
573,2,2023-05-04 01:41:28,2023-05-04 01:41:28
574,9,2023-05-01 21:55:07,2023-05-01 21:55:07
574,4,2023-05-01 21:55:07,2023-05-01 21:55:07
575,5,2023-05-03 04:53:16,2023-05-03 04:53:16
575,1,2023-05-03 04:53:16,2023-05-03 04:53:16
576,5,2023-05-02 12:21:56,2023-05-02 12:21:56
577,3,2023-05-02 14:14:37,2023-05-02 14:14:37
577,12,2023-05-02 14:14:37,2023-05-02 14:14:37
578,8,2023-05-03 08:25:21,2023-05-03 08:25:21
578,4,2023-05-03 08:25:21,2023-05-03 08:25:21
579,3,2025-03-19 10:30:41,2025-03-19 10:30:41
579,4,2025-03-19 10:30:41,2025-03-19 10:30:41
579,1,2025-03-19 10:30:41,2025-03-19 10:30:41
580,4,2023-05-02 03:00:57,2023-05-02 03:00:57
581,6,2023-05-04 06:23:52,2023-05-04 06:23:52
581,4,2023-05-04 06:23:52,2023-05-04 06:23:52
582,7,2023-05-02 04:33:24,2023-05-02 04:33:24
583,6,2023-05-01 08:12:27,2023-05-01 08:12:27
583,3,2023-05-01 08:12:27,2023-05-01 08:12:27
584,11,2023-05-01 04:44:17,2023-05-01 04:44:17
585,1,2023-05-02 23:04:36,2023-05-02 23:04:36
586,3,2023-05-03 03:28:49,2023-05-03 03:28:49
587,3,2023-05-04 08:00:45,2023-05-04 08:00:45
587,9,2023-05-04 08:00:45,2023-05-04 08:00:45
588,5,2023-05-02 06:39:05,2023-05-02 06:39:05
588,8,2023-05-02 06:39:05,2023-05-02 06:39:05
589,11,2023-05-01 18:32:28,2023-05-01 18:32:28
589,9,2023-05-01 18:32:28,2023-05-01 18:32:28
590,6,2023-05-01 01:44:23,2023-05-01 01:44:23
591,1,2023-05-02 17:54:00,2023-05-02 17:54:00
591,6,2023-05-02 17:54:00,2023-05-02 17:54:00
592,3,2023-05-03 15:02:45,2023-05-03 15:02:45
592,11,2023-05-03 15:02:45,2023-05-03 15:02:45
593,2,2023-05-01 03:36:38,2023-05-01 03:36:38
593,5,2023-05-01 03:36:38,2023-05-01 03:36:38
594,10,2023-05-04 10:03:29,2023-05-04 10:03:29
595,8,2023-05-03 12:48:59,2023-05-03 12:48:59
596,5,2023-05-02 05:27:18,2023-05-02 05:27:18
597,9,2023-05-01 21:30:00,2023-05-01 21:30:00
597,8,2023-05-01 21:30:00,2023-05-01 21:30:00
598,3,2023-05-04 02:40:04,2023-05-04 02:40:04
599,10,2023-05-03 23:41:57,2023-05-03 23:41:57
599,4,2023-05-03 23:41:57,2023-05-03 23:41:57
600,9,2023-05-04 16:53:18,2023-05-04 16:53:18
600,11,2023-05-04 16:53:18,2023-05-04 16:53:18
