country_id,country_name,country_code,created_at,updated_at
1,Sri Lanka,LK,2023-05-03 03:38:05,2023-05-03 03:38:05
2,India,IN,2023-05-05 07:55:30,2023-05-05 07:55:30
3,United States,US,2023-05-02 06:06:54,2023-05-02 06:06:54
4,United Kingdom,GB,2023-05-03 16:29:00,2023-05-03 16:29:00
5,Australia,AU,2023-05-01 08:22:14,2023-05-01 08:22:14
6,Singapore,SG,2023-05-04 06:03:59,2023-05-04 06:03:59
7,United Arab Emirates,AE,2023-05-02 00:26:24,2023-05-02 00:26:24
8,Canada,CA,2023-05-05 02:42:14,2023-05-05 02:42:14
9,Germany,DE,2023-05-06 06:10:03,2023-05-06 06:10:03
10,Malaysia,MY,2023-05-04 16:30:44,2023-05-04 16:30:44
11,New Zealand,NZ,2023-05-02 10:31:59,2023-05-02 10:31:59
12,South Africa,ZA,2023-05-02 14:36:09,2023-05-02 14:36:09
13,Philippines,PH,2023-05-01 13:30:20,2023-05-01 13:30:20
14,Netherlands,NL,2023-05-04 18:00:30,2023-05-04 18:00:30
15,Ireland,IE,2023-05-04 10:27:11,2023-05-04 10:27:11
