subscription_id,customer_id,plan_id,start_date,end_date,status,auto_renew,created_at,updated_at
1,1,1,2024-07-17,2025-10-15,Cancelled,False,2024-07-17 14:03:51,2025-10-15 04:49:41
2,1,1,2025-10-21,2025-11-21,Cancelled,False,2025-10-21 23:22:57,2025-11-21 23:33:37
3,2,3,2024-01-10,,Active,True,2024-01-10 20:07:35,2024-01-10 20:07:35
4,3,2,2023-09-05,,Active,True,2023-09-05 08:30:18,2023-09-05 08:30:18
5,4,1,2023-11-20,2026-02-04,Cancelled,False,2023-11-20 11:35:20,2026-02-04 19:21:09
6,5,4,2024-06-22,,Active,True,2024-06-22 22:32:15,2024-06-22 22:32:15
7,6,4,2024-03-20,,Active,True,2024-03-20 03:04:07,2024-03-20 03:04:07
8,7,2,2024-05-24,,Active,True,2024-05-24 08:33:11,2024-05-24 08:33:11
9,8,4,2024-05-09,,Active,False,2024-05-09 21:17:23,2024-05-09 21:17:23
10,9,1,2025-01-05,2025-04-26,Cancelled,False,2025-01-05 09:46:59,2025-04-26 08:35:51
11,9,1,2025-04-28,,Active,False,2025-04-28 20:47:21,2025-04-28 20:47:21
12,10,1,2023-12-18,,Active,True,2023-12-18 00:49:49,2023-12-18 00:49:49
13,11,1,2023-10-02,,Active,True,2023-10-02 23:11:14,2023-10-02 23:11:14
14,12,1,2023-10-24,,Active,False,2023-10-24 10:44:15,2023-10-24 10:44:15
15,13,1,2023-12-26,,Active,True,2023-12-26 22:13:37,2023-12-26 22:13:37
16,14,4,2024-12-22,,Active,True,2024-12-22 01:50:42,2024-12-22 01:50:42
17,15,2,2023-10-24,,Active,False,2023-10-24 22:20:07,2023-10-24 22:20:07
18,16,2,2024-08-09,2024-10-01,Cancelled,False,2024-08-09 11:27:28,2024-10-01 02:50:37
19,16,2,2024-10-13,,Active,True,2024-10-13 00:50:29,2024-10-13 00:50:29
20,17,3,2023-12-17,,Active,False,2023-12-17 17:21:03,2023-12-17 17:21:03
21,18,1,2024-05-13,,Active,True,2024-05-13 09:59:23,2024-05-13 09:59:23
22,19,2,2025-03-16,2025-07-21,Cancelled,False,2025-03-16 18:32:08,2025-07-21 16:14:15
23,19,4,2025-07-25,,Active,True,2025-07-25 11:33:29,2025-07-25 11:33:29
24,20,3,2024-08-09,2025-03-16,Cancelled,False,2024-08-09 19:41:33,2025-03-16 09:11:16
25,20,4,2025-03-21,,Active,False,2025-03-21 15:50:11,2025-03-21 15:50:11
26,21,1,2024-12-16,2025-12-12,Cancelled,False,2024-12-16 03:14:37,2025-12-12 19:10:18
27,21,1,2025-12-26,,Active,True,2025-12-26 23:26:08,2025-12-26 23:26:08
28,22,2,2024-09-28,,Active,True,2024-09-28 20:21:11,2024-09-28 20:21:11
29,23,1,2023-08-08,2025-04-05,Cancelled,False,2023-08-08 01:11:33,2025-04-05 21:43:21
30,24,1,2024-05-14,,Active,False,2024-05-14 21:39:02,2024-05-14 21:39:02
31,25,1,2023-10-20,2024-12-21,Cancelled,False,2023-10-20 18:43:21,2024-12-21 06:34:57
32,26,4,2024-04-23,2025-09-01,Cancelled,False,2024-04-23 11:13:25,2025-09-01 01:28:17
33,26,2,2025-09-16,,Active,True,2025-09-16 16:49:40,2025-09-16 16:49:40
34,27,3,2023-08-19,2026-05-27,Cancelled,False,2023-08-19 13:10:23,2026-05-27 01:07:14
35,28,2,2023-08-26,,Active,True,2023-08-26 14:34:47,2023-08-26 14:34:47
36,29,1,2025-07-02,,Active,False,2025-07-02 00:44:27,2025-07-02 00:44:27
37,30,3,2024-08-28,,Active,True,2024-08-28 21:50:40,2024-08-28 21:50:40
38,31,1,2025-04-11,2026-04-13,Cancelled,False,2025-04-11 20:44:01,2026-04-13 08:19:47
39,32,1,2024-06-19,,Active,True,2024-06-19 09:51:32,2024-06-19 09:51:32
40,33,3,2023-09-05,2026-03-24,Cancelled,False,2023-09-05 21:02:34,2026-03-24 17:02:54
41,34,2,2024-09-12,,Active,True,2024-09-12 14:15:38,2024-09-12 14:15:38
42,35,3,2024-01-02,,Active,True,2024-01-02 15:46:23,2024-01-02 15:46:23
43,36,3,2023-11-17,,Active,True,2023-11-17 10:46:30,2023-11-17 10:46:30
44,37,2,2024-12-19,,Active,True,2024-12-19 01:02:36,2024-12-19 01:02:36
45,38,1,2024-06-23,,Active,False,2024-06-23 00:49:05,2024-06-23 00:49:05
46,39,2,2023-12-17,,Active,False,2023-12-17 08:56:39,2023-12-17 08:56:39
47,40,3,2025-02-27,,Active,False,2025-02-27 05:47:52,2025-02-27 05:47:52
48,41,3,2025-05-31,2025-08-17,Cancelled,False,2025-05-31 13:41:32,2025-08-17 19:42:37
49,42,3,2024-12-01,2025-03-12,Cancelled,False,2024-12-01 12:50:52,2025-03-12 07:36:36
50,42,3,2025-03-23,2026-02-07,Cancelled,False,2025-03-23 18:08:36,2026-02-07 12:45:17
51,43,1,2023-10-31,,Active,True,2023-10-31 05:40:14,2023-10-31 05:40:14
52,44,3,2023-08-12,2025-06-22,Cancelled,False,2023-08-12 23:49:58,2025-06-22 11:06:34
53,45,3,2025-06-19,2025-12-15,Cancelled,False,2025-06-19 15:04:25,2025-12-15 08:11:50
54,45,2,2025-12-26,,Active,True,2025-12-26 19:22:29,2025-12-26 19:22:29
55,46,1,2025-04-02,,Active,True,2025-04-02 02:09:39,2025-04-02 02:09:39
56,47,2,2024-08-26,2024-11-01,Cancelled,False,2024-08-26 22:30:22,2024-11-01 00:58:06
57,47,2,2024-11-13,2026-02-13,Cancelled,False,2024-11-13 03:42:41,2026-02-13 10:40:52
58,48,3,2025-05-28,2026-02-09,Cancelled,False,2025-05-28 20:17:09,2026-02-09 13:34:35
59,49,1,2025-06-12,,Active,True,2025-06-12 04:20:17,2025-06-12 04:20:17
60,50,2,2024-03-25,2025-05-24,Cancelled,False,2024-03-25 21:29:05,2025-05-24 00:08:14
61,51,3,2024-03-16,,Active,True,2024-03-16 05:14:21,2024-03-16 05:14:21
62,52,1,2023-08-01,,Active,True,2023-08-01 09:15:06,2023-08-01 09:15:06
63,53,2,2024-05-11,,Active,False,2024-05-11 19:40:37,2024-05-11 19:40:37
64,54,3,2023-11-20,,Active,False,2023-11-20 18:29:19,2023-11-20 18:29:19
65,55,2,2023-07-01,,Active,False,2023-07-01 18:36:38,2023-07-01 18:36:38
66,56,1,2025-03-04,2025-08-24,Cancelled,False,2025-03-04 22:53:07,2025-08-24 22:59:05
67,57,3,2024-07-21,2025-10-01,Cancelled,False,2024-07-21 00:21:23,2025-10-01 02:55:03
68,58,3,2024-10-05,,Active,False,2024-10-05 08:13:30,2024-10-05 08:13:30
69,59,4,2023-11-08,,Active,False,2023-11-08 01:58:10,2023-11-08 01:58:10
70,60,1,2023-11-18,2026-04-08,Cancelled,False,2023-11-18 11:13:03,2026-04-08 09:53:11
71,61,3,2023-10-08,,Active,False,2023-10-08 22:06:01,2023-10-08 22:06:01
72,62,1,2024-01-21,2024-09-22,Cancelled,False,2024-01-21 09:55:31,2024-09-22 03:09:51
73,63,1,2025-07-30,,Active,False,2025-07-30 12:33:43,2025-07-30 12:33:43
74,64,1,2024-07-24,2025-05-06,Cancelled,False,2024-07-24 12:56:21,2025-05-06 04:18:26
75,64,1,2025-05-14,,Active,True,2025-05-14 18:12:08,2025-05-14 18:12:08
76,65,1,2024-11-25,2025-06-20,Cancelled,False,2024-11-25 22:40:05,2025-06-20 15:26:26
77,66,1,2023-12-28,,Active,False,2023-12-28 02:17:22,2023-12-28 02:17:22
78,67,1,2023-09-03,2025-08-22,Cancelled,False,2023-09-03 16:45:15,2025-08-22 10:34:32
79,67,1,2025-08-27,,Active,True,2025-08-27 11:47:18,2025-08-27 11:47:18
80,68,3,2024-10-17,,Active,True,2024-10-17 14:14:55,2024-10-17 14:14:55
81,69,2,2025-02-25,2026-03-30,Cancelled,False,2025-02-25 17:14:01,2026-03-30 18:41:58
82,70,1,2024-04-18,2025-11-03,Cancelled,False,2024-04-18 11:56:47,2025-11-03 14:56:18
83,71,3,2024-01-09,2025-09-14,Cancelled,False,2024-01-09 06:54:26,2025-09-14 12:57:44
84,72,1,2025-03-21,2025-04-21,Cancelled,False,2025-03-21 23:28:46,2025-04-21 07:18:03
85,73,1,2024-12-09,2025-03-24,Cancelled,False,2024-12-09 20:33:24,2025-03-24 01:50:27
86,74,2,2025-04-15,,Active,True,2025-04-15 21:21:53,2025-04-15 21:21:53
87,75,4,2025-02-13,,Active,True,2025-02-13 06:03:36,2025-02-13 06:03:36
88,76,2,2024-03-29,2026-02-25,Cancelled,False,2024-03-29 18:54:30,2026-02-25 21:20:02
89,76,1,2026-03-16,,Active,True,2026-03-16 16:34:01,2026-03-16 16:34:01
90,77,1,2025-05-23,2026-05-12,Cancelled,False,2025-05-23 21:45:22,2026-05-12 12:17:04
91,78,3,2023-09-15,2023-10-30,Cancelled,False,2023-09-15 16:41:46,2023-10-30 07:53:04
92,79,3,2024-06-17,,Active,True,2024-06-17 18:37:38,2024-06-17 18:37:38
93,80,2,2024-07-23,,Active,True,2024-07-23 14:26:19,2024-07-23 14:26:19
94,81,1,2024-02-18,,Active,True,2024-02-18 01:34:05,2024-02-18 01:34:05
95,82,1,2025-07-14,2025-10-05,Cancelled,False,2025-07-14 17:47:32,2025-10-05 12:23:17
96,83,3,2024-11-20,2025-10-04,Cancelled,False,2024-11-20 12:59:08,2025-10-04 16:51:35
97,84,3,2024-12-12,2025-04-09,Cancelled,False,2024-12-12 03:23:16,2025-04-09 00:25:09
98,84,1,2025-04-14,2025-08-12,Cancelled,False,2025-04-14 06:08:28,2025-08-12 04:10:05
99,85,4,2025-02-11,2026-04-25,Cancelled,False,2025-02-11 15:16:33,2026-04-25 20:18:09
100,85,3,2026-05-02,,Active,True,2026-05-02 03:46:11,2026-05-02 03:46:11
101,86,2,2023-10-10,2025-07-31,Cancelled,False,2023-10-10 14:45:59,2025-07-31 22:23:34
102,87,1,2024-09-18,,Active,True,2024-09-18 02:28:45,2024-09-18 02:28:45
103,88,2,2024-12-17,,Active,True,2024-12-17 12:21:13,2024-12-17 12:21:13
104,89,1,2023-07-08,,Active,False,2023-07-08 23:14:04,2023-07-08 23:14:04
105,90,1,2023-10-18,,Active,False,2023-10-18 03:15:05,2023-10-18 03:15:05
106,91,3,2024-07-19,,Active,True,2024-07-19 06:23:53,2024-07-19 06:23:53
107,92,2,2024-10-12,,Active,False,2024-10-12 00:40:41,2024-10-12 00:40:41
108,93,2,2024-06-12,2024-11-22,Cancelled,False,2024-06-12 15:21:50,2024-11-22 01:58:41
109,93,2,2024-12-07,,Active,False,2024-12-07 19:50:32,2024-12-07 19:50:32
110,94,3,2024-05-20,2025-04-13,Cancelled,False,2024-05-20 09:16:29,2025-04-13 05:59:21
111,94,1,2025-05-02,2026-02-10,Cancelled,False,2025-05-02 17:43:21,2026-02-10 02:02:34
112,95,1,2024-03-20,,Active,True,2024-03-20 01:57:35,2024-03-20 01:57:35
113,96,1,2024-10-19,,Active,True,2024-10-19 14:01:33,2024-10-19 14:01:33
114,97,1,2023-06-11,,Active,True,2023-06-11 09:28:41,2023-06-11 09:28:41
115,98,1,2024-12-02,2025-11-03,Cancelled,False,2024-12-02 11:15:38,2025-11-03 15:45:01
116,99,1,2023-06-18,,Active,True,2023-06-18 20:44:33,2023-06-18 20:44:33
117,100,1,2024-10-23,2025-02-02,Cancelled,False,2024-10-23 12:52:49,2025-02-02 12:02:25
118,101,2,2023-09-11,2025-06-25,Cancelled,False,2023-09-11 15:50:14,2025-06-25 16:08:39
119,101,3,2025-07-05,,Active,False,2025-07-05 01:10:40,2025-07-05 01:10:40
120,102,2,2023-10-27,,Active,True,2023-10-27 00:36:15,2023-10-27 00:36:15
121,103,4,2024-07-02,,Active,True,2024-07-02 23:34:18,2024-07-02 23:34:18
122,104,2,2024-04-17,,Active,False,2024-04-17 13:06:01,2024-04-17 13:06:01
123,105,2,2023-10-14,,Active,True,2023-10-14 19:05:05,2023-10-14 19:05:05
124,106,1,2024-12-09,,Active,True,2024-12-09 08:48:19,2024-12-09 08:48:19
125,107,2,2024-09-01,,Active,True,2024-09-01 10:21:00,2024-09-01 10:21:00
126,108,1,2025-05-09,2025-08-01,Cancelled,False,2025-05-09 10:21:04,2025-08-01 23:55:00
127,108,1,2025-08-14,2025-09-26,Cancelled,False,2025-08-14 15:16:41,2025-09-26 14:33:07
128,109,2,2023-12-16,,Active,True,2023-12-16 23:57:18,2023-12-16 23:57:18
129,110,1,2024-08-21,,Active,True,2024-08-21 19:18:20,2024-08-21 19:18:20
130,111,4,2023-09-27,,Active,False,2023-09-27 04:13:49,2023-09-27 04:13:49
131,112,2,2025-03-30,2026-04-12,Cancelled,False,2025-03-30 05:16:25,2026-04-12 15:06:45
132,112,1,2026-04-14,,Active,True,2026-04-14 17:52:42,2026-04-14 17:52:42
133,113,3,2024-05-29,,Active,False,2024-05-29 14:11:57,2024-05-29 14:11:57
134,114,1,2023-11-26,2025-11-27,Cancelled,False,2023-11-26 00:42:30,2025-11-27 17:45:25
135,115,2,2024-06-14,,Active,True,2024-06-14 20:30:12,2024-06-14 20:30:12
136,116,2,2025-04-25,,Active,True,2025-04-25 08:37:17,2025-04-25 08:37:17
137,117,2,2023-06-16,,Active,False,2023-06-16 00:24:07,2023-06-16 00:24:07
138,118,1,2024-12-30,2025-06-03,Cancelled,False,2024-12-30 16:31:48,2025-06-03 17:17:38
139,118,2,2025-06-08,2025-09-23,Cancelled,False,2025-06-08 01:41:39,2025-09-23 15:05:38
140,119,3,2023-08-03,,Active,True,2023-08-03 08:49:53,2023-08-03 08:49:53
141,120,1,2023-07-15,,Active,False,2023-07-15 19:35:38,2023-07-15 19:35:38
142,121,1,2024-06-21,,Active,False,2024-06-21 21:31:18,2024-06-21 21:31:18
143,122,1,2024-05-21,,Active,False,2024-05-21 18:27:58,2024-05-21 18:27:58
144,123,2,2024-04-10,2025-03-26,Cancelled,False,2024-04-10 23:58:57,2025-03-26 07:37:47
145,124,3,2025-04-21,,Active,False,2025-04-21 14:36:25,2025-04-21 14:36:25
146,125,2,2023-08-28,,Active,True,2023-08-28 12:01:28,2023-08-28 12:01:28
147,126,2,2025-02-23,,Active,True,2025-02-23 10:22:38,2025-02-23 10:22:38
148,127,1,2023-09-07,2024-01-12,Cancelled,False,2023-09-07 01:04:37,2024-01-12 14:02:07
149,128,3,2024-03-06,,Active,True,2024-03-06 21:31:06,2024-03-06 21:31:06
150,129,2,2025-05-21,,Active,True,2025-05-21 00:23:32,2025-05-21 00:23:32
151,130,2,2024-05-12,2026-02-02,Cancelled,False,2024-05-12 15:00:44,2026-02-02 16:50:13
152,131,4,2024-06-25,,Active,True,2024-06-25 20:07:33,2024-06-25 20:07:33
153,132,2,2025-05-15,,Active,True,2025-05-15 08:14:26,2025-05-15 08:14:26
154,133,1,2023-10-06,2024-08-15,Cancelled,False,2023-10-06 04:29:43,2024-08-15 04:32:06
155,133,1,2024-09-03,,Active,True,2024-09-03 14:50:46,2024-09-03 14:50:46
156,134,1,2023-12-17,2024-06-20,Cancelled,False,2023-12-17 02:23:29,2024-06-20 21:46:19
157,135,4,2024-07-20,2026-05-18,Cancelled,False,2024-07-20 02:11:13,2026-05-18 22:03:00
158,136,2,2024-07-17,2025-08-22,Cancelled,False,2024-07-17 22:29:50,2025-08-22 05:23:11
159,136,1,2025-09-04,,Active,True,2025-09-04 22:01:34,2025-09-04 22:01:34
160,137,2,2025-07-31,,Active,True,2025-07-31 11:30:37,2025-07-31 11:30:37
161,138,1,2023-12-21,,Active,True,2023-12-21 04:54:07,2023-12-21 04:54:07
162,139,2,2025-05-04,2025-07-31,Cancelled,False,2025-05-04 07:14:19,2025-07-31 16:32:49
163,139,3,2025-08-10,,Active,True,2025-08-10 00:49:04,2025-08-10 00:49:04
164,140,3,2024-04-26,2025-05-02,Cancelled,False,2024-04-26 19:24:56,2025-05-02 08:25:39
165,140,3,2025-05-10,,Active,True,2025-05-10 22:26:03,2025-05-10 22:26:03
166,141,4,2024-05-03,2024-11-17,Cancelled,False,2024-05-03 22:39:25,2024-11-17 04:54:23
167,141,3,2024-11-27,2025-09-23,Cancelled,False,2024-11-27 08:19:14,2025-09-23 18:46:32
168,142,2,2024-06-18,2025-11-09,Cancelled,False,2024-06-18 14:28:42,2025-11-09 20:25:48
169,143,4,2024-12-07,,Active,True,2024-12-07 04:30:57,2024-12-07 04:30:57
170,144,2,2023-07-27,2025-09-17,Cancelled,False,2023-07-27 05:45:04,2025-09-17 09:41:02
171,145,1,2024-10-24,,Active,False,2024-10-24 17:02:25,2024-10-24 17:02:25
172,146,1,2024-01-20,,Active,True,2024-01-20 06:25:16,2024-01-20 06:25:16
173,147,1,2024-01-18,2025-11-26,Cancelled,False,2024-01-18 20:57:15,2025-11-26 19:40:29
174,148,2,2025-06-26,2025-08-31,Cancelled,False,2025-06-26 03:15:44,2025-08-31 13:55:00
175,148,2,2025-09-18,,Active,True,2025-09-18 16:02:09,2025-09-18 16:02:09
176,149,2,2025-02-15,2026-05-25,Cancelled,False,2025-02-15 19:35:19,2026-05-25 01:01:14
177,150,2,2025-03-08,2026-04-25,Cancelled,False,2025-03-08 13:34:38,2026-04-25 03:42:23
178,150,1,2026-05-15,,Active,True,2026-05-15 15:08:00,2026-05-15 15:08:00
179,151,1,2023-10-10,2023-12-12,Cancelled,False,2023-10-10 22:57:03,2023-12-12 22:50:25
180,152,2,2023-10-10,,Active,False,2023-10-10 22:59:45,2023-10-10 22:59:45
181,153,2,2024-08-12,,Active,True,2024-08-12 02:22:42,2024-08-12 02:22:42
182,154,2,2025-06-04,2025-09-06,Cancelled,False,2025-06-04 06:35:47,2025-09-06 04:16:57
183,155,2,2024-01-23,,Active,True,2024-01-23 07:58:28,2024-01-23 07:58:28
184,156,2,2024-01-23,2025-09-16,Cancelled,False,2024-01-23 03:52:38,2025-09-16 17:52:01
185,156,2,2025-10-04,,Active,True,2025-10-04 19:13:22,2025-10-04 19:13:22
186,157,1,2024-12-20,,Active,False,2024-12-20 12:41:03,2024-12-20 12:41:03
187,158,1,2024-04-16,2024-05-02,Cancelled,False,2024-04-16 13:19:55,2024-05-02 16:50:04
188,159,2,2025-03-05,,Active,False,2025-03-05 22:39:03,2025-03-05 22:39:03
189,160,4,2024-08-30,,Active,False,2024-08-30 11:00:53,2024-08-30 11:00:53
190,161,1,2023-09-14,,Active,True,2023-09-14 18:56:36,2023-09-14 18:56:36
191,162,1,2023-10-28,2024-02-12,Cancelled,False,2023-10-28 04:24:00,2024-02-12 13:30:13
192,162,3,2024-03-01,,Active,True,2024-03-01 12:30:43,2024-03-01 12:30:43
193,163,1,2023-11-07,,Active,True,2023-11-07 17:39:34,2023-11-07 17:39:34
194,164,4,2023-09-07,2026-03-05,Cancelled,False,2023-09-07 12:52:24,2026-03-05 08:03:15
195,164,3,2026-03-14,,Active,True,2026-03-14 13:06:54,2026-03-14 13:06:54
196,165,3,2024-03-08,2024-11-03,Cancelled,False,2024-03-08 21:45:20,2024-11-03 15:59:33
197,165,1,2024-11-23,2025-11-18,Cancelled,False,2024-11-23 11:18:15,2025-11-18 02:06:57
198,166,3,2025-02-21,,Active,True,2025-02-21 22:53:42,2025-02-21 22:53:42
199,167,3,2025-02-19,,Active,True,2025-02-19 21:13:02,2025-02-19 21:13:02
200,168,3,2025-05-07,,Active,True,2025-05-07 21:11:07,2025-05-07 21:11:07
201,169,1,2023-08-15,,Active,True,2023-08-15 14:05:40,2023-08-15 14:05:40
202,170,1,2025-03-30,2026-03-11,Cancelled,False,2025-03-30 23:23:49,2026-03-11 00:03:24
203,170,3,2026-03-23,,Active,False,2026-03-23 21:39:27,2026-03-23 21:39:27
204,171,3,2024-07-25,,Active,True,2024-07-25 12:58:38,2024-07-25 12:58:38
205,172,2,2023-10-21,2024-12-31,Cancelled,False,2023-10-21 03:52:50,2024-12-31 09:38:36
206,173,4,2024-03-15,,Active,True,2024-03-15 13:34:53,2024-03-15 13:34:53
207,174,1,2023-09-18,,Active,True,2023-09-18 15:18:02,2023-09-18 15:18:02
208,175,1,2024-11-21,2025-06-19,Cancelled,False,2024-11-21 04:48:57,2025-06-19 12:38:07
209,176,2,2025-06-02,2025-08-30,Cancelled,False,2025-06-02 03:38:49,2025-08-30 23:12:00
210,177,1,2024-11-24,2025-02-19,Cancelled,False,2024-11-24 19:32:22,2025-02-19 09:33:18
211,178,4,2024-10-01,,Active,True,2024-10-01 20:04:00,2024-10-01 20:04:00
212,179,2,2024-12-09,,Active,True,2024-12-09 23:46:19,2024-12-09 23:46:19
213,180,1,2023-09-21,,Active,True,2023-09-21 23:27:36,2023-09-21 23:27:36
214,181,1,2024-01-23,2024-12-31,Cancelled,False,2024-01-23 18:34:44,2024-12-31 19:36:37
215,182,3,2023-09-23,2025-04-24,Cancelled,False,2023-09-23 04:08:57,2025-04-24 21:25:40
216,183,3,2025-05-11,2026-01-16,Cancelled,False,2025-05-11 12:37:49,2026-01-16 09:31:41
217,183,3,2026-02-04,,Active,False,2026-02-04 06:27:24,2026-02-04 06:27:24
218,184,4,2024-10-01,,Active,True,2024-10-01 12:09:00,2024-10-01 12:09:00
219,185,1,2025-05-10,,Active,True,2025-05-10 15:49:36,2025-05-10 15:49:36
220,186,2,2024-08-31,,Active,True,2024-08-31 23:47:55,2024-08-31 23:47:55
221,187,2,2025-02-24,2025-08-01,Cancelled,False,2025-02-24 03:57:55,2025-08-01 00:40:30
222,188,3,2023-09-11,2024-09-04,Cancelled,False,2023-09-11 19:35:23,2024-09-04 03:50:16
223,188,4,2024-09-22,2024-11-10,Cancelled,False,2024-09-22 00:46:28,2024-11-10 14:51:15
224,189,3,2025-07-30,,Active,True,2025-07-30 10:30:47,2025-07-30 10:30:47
225,190,2,2024-01-25,,Active,False,2024-01-25 18:53:04,2024-01-25 18:53:04
226,191,3,2025-06-20,2025-08-20,Cancelled,False,2025-06-20 14:51:15,2025-08-20 20:53:49
227,191,2,2025-08-22,,Active,True,2025-08-22 17:49:31,2025-08-22 17:49:31
228,192,3,2025-04-24,,Active,False,2025-04-24 07:47:28,2025-04-24 07:47:28
229,193,1,2023-09-02,,Active,True,2023-09-02 00:13:29,2023-09-02 00:13:29
230,194,2,2024-09-09,,Active,True,2024-09-09 20:54:59,2024-09-09 20:54:59
231,195,3,2024-07-10,2024-11-19,Cancelled,False,2024-07-10 19:27:20,2024-11-19 12:46:44
232,195,2,2024-11-25,2025-01-14,Cancelled,False,2024-11-25 03:42:25,2025-01-14 09:42:12
233,196,2,2023-11-06,,Active,True,2023-11-06 00:11:07,2023-11-06 00:11:07
234,197,1,2025-02-23,2025-08-19,Cancelled,False,2025-02-23 06:53:43,2025-08-19 11:36:31
235,198,1,2024-08-23,2025-05-28,Cancelled,False,2024-08-23 22:29:17,2025-05-28 13:02:04
236,199,1,2023-06-29,,Active,False,2023-06-29 11:03:50,2023-06-29 11:03:50
237,200,3,2024-01-16,,Active,True,2024-01-16 17:32:28,2024-01-16 17:32:28
238,201,3,2025-01-04,2026-04-13,Cancelled,False,2025-01-04 04:35:20,2026-04-13 10:59:32
239,201,3,2026-04-25,,Active,True,2026-04-25 13:38:17,2026-04-25 13:38:17
240,202,1,2024-12-10,2025-08-10,Cancelled,False,2024-12-10 11:55:58,2025-08-10 06:12:57
241,202,2,2025-08-25,,Active,True,2025-08-25 22:13:08,2025-08-25 22:13:08
242,203,1,2024-06-16,,Active,False,2024-06-16 23:22:19,2024-06-16 23:22:19
243,204,1,2024-03-13,2025-11-26,Cancelled,False,2024-03-13 04:27:17,2025-11-26 06:13:52
244,204,3,2025-12-14,,Active,True,2025-12-14 02:16:32,2025-12-14 02:16:32
245,205,2,2024-01-16,,Active,True,2024-01-16 21:53:44,2024-01-16 21:53:44
246,206,1,2025-02-14,,Active,True,2025-02-14 12:33:49,2025-02-14 12:33:49
247,207,1,2025-06-25,,Active,True,2025-06-25 02:56:17,2025-06-25 02:56:17
248,208,1,2025-01-21,,Active,False,2025-01-21 07:10:05,2025-01-21 07:10:05
249,209,3,2025-03-26,2025-12-05,Cancelled,False,2025-03-26 04:35:11,2025-12-05 19:52:02
250,210,1,2024-08-21,,Active,True,2024-08-21 05:40:29,2024-08-21 05:40:29
251,211,2,2025-07-22,2025-09-05,Cancelled,False,2025-07-22 07:13:31,2025-09-05 04:55:31
252,211,3,2025-09-13,,Active,False,2025-09-13 23:56:53,2025-09-13 23:56:53
253,212,3,2024-01-13,,Active,True,2024-01-13 06:49:13,2024-01-13 06:49:13
254,213,2,2024-03-17,,Active,True,2024-03-17 05:07:47,2024-03-17 05:07:47
255,214,3,2024-02-09,,Active,False,2024-02-09 15:54:15,2024-02-09 15:54:15
256,215,1,2024-10-08,,Active,True,2024-10-08 10:11:13,2024-10-08 10:11:13
257,216,3,2023-09-08,,Active,True,2023-09-08 04:52:22,2023-09-08 04:52:22
258,217,2,2024-05-14,,Active,False,2024-05-14 06:26:46,2024-05-14 06:26:46
259,218,3,2024-09-28,2025-07-22,Cancelled,False,2024-09-28 11:36:07,2025-07-22 14:14:25
260,218,1,2025-08-10,,Active,False,2025-08-10 09:07:07,2025-08-10 09:07:07
261,219,2,2024-05-11,2025-05-19,Cancelled,False,2024-05-11 17:33:30,2025-05-19 13:30:57
262,220,3,2024-08-15,,Active,True,2024-08-15 06:29:01,2024-08-15 06:29:01
263,221,3,2025-04-12,,Active,True,2025-04-12 04:42:05,2025-04-12 04:42:05
264,222,1,2023-11-26,2024-02-17,Cancelled,False,2023-11-26 08:43:21,2024-02-17 02:21:35
265,222,2,2024-03-07,,Active,True,2024-03-07 18:25:43,2024-03-07 18:25:43
266,223,2,2024-07-21,2025-10-29,Cancelled,False,2024-07-21 10:44:56,2025-10-29 19:20:21
267,224,1,2024-12-04,,Active,True,2024-12-04 04:28:36,2024-12-04 04:28:36
268,225,1,2023-10-17,,Active,True,2023-10-17 14:50:20,2023-10-17 14:50:20
269,226,3,2023-08-31,,Active,True,2023-08-31 03:37:44,2023-08-31 03:37:44
270,227,4,2025-01-12,2025-08-21,Cancelled,False,2025-01-12 03:16:52,2025-08-21 19:41:59
271,228,4,2025-02-22,,Active,False,2025-02-22 09:11:13,2025-02-22 09:11:13
272,229,2,2025-04-02,2025-10-14,Cancelled,False,2025-04-02 16:15:40,2025-10-14 21:19:44
273,230,1,2024-08-19,,Active,True,2024-08-19 09:51:13,2024-08-19 09:51:13
274,231,1,2025-07-26,2025-09-24,Cancelled,False,2025-07-26 23:43:29,2025-09-24 19:37:49
275,231,3,2025-09-29,,Active,False,2025-09-29 00:12:37,2025-09-29 00:12:37
276,232,3,2023-11-25,,Active,True,2023-11-25 00:11:00,2023-11-25 00:11:00
277,233,3,2023-08-15,2024-11-04,Cancelled,False,2023-08-15 01:47:13,2024-11-04 06:24:14
278,233,4,2024-11-12,,Active,True,2024-11-12 01:23:27,2024-11-12 01:23:27
279,234,3,2024-05-23,,Active,False,2024-05-23 06:19:25,2024-05-23 06:19:25
280,235,2,2025-05-01,,Active,False,2025-05-01 23:57:40,2025-05-01 23:57:40
281,236,2,2025-03-29,2025-06-19,Cancelled,False,2025-03-29 20:09:08,2025-06-19 04:38:00
282,237,2,2025-01-01,,Active,False,2025-01-01 02:50:02,2025-01-01 02:50:02
283,238,2,2024-03-09,2024-04-09,Cancelled,False,2024-03-09 17:51:52,2024-04-09 11:03:13
284,239,1,2023-12-23,,Active,True,2023-12-23 21:33:00,2023-12-23 21:33:00
285,240,3,2024-09-15,,Active,True,2024-09-15 23:48:35,2024-09-15 23:48:35
286,241,2,2024-07-27,2026-03-19,Cancelled,False,2024-07-27 12:00:38,2026-03-19 13:43:16
287,241,2,2026-03-28,,Active,False,2026-03-28 22:58:10,2026-03-28 22:58:10
288,242,2,2025-04-29,2025-08-10,Cancelled,False,2025-04-29 07:36:53,2025-08-10 11:40:46
289,242,3,2025-08-16,2026-01-21,Cancelled,False,2025-08-16 10:46:52,2026-01-21 16:07:29
290,243,3,2024-12-30,2025-04-07,Cancelled,False,2024-12-30 15:46:09,2025-04-07 11:21:54
291,244,2,2024-10-07,,Active,True,2024-10-07 02:25:16,2024-10-07 02:25:16
292,245,3,2023-09-11,2025-05-15,Cancelled,False,2023-09-11 13:42:33,2025-05-15 20:55:26
293,245,1,2025-05-25,,Active,True,2025-05-25 16:39:53,2025-05-25 16:39:53
294,246,1,2024-02-12,,Active,True,2024-02-12 13:15:51,2024-02-12 13:15:51
295,247,3,2024-02-08,2024-02-28,Cancelled,False,2024-02-08 08:01:11,2024-02-28 20:28:56
296,248,1,2023-11-04,2024-08-29,Cancelled,False,2023-11-04 01:32:48,2024-08-29 15:43:31
297,248,2,2024-09-15,,Active,False,2024-09-15 22:15:05,2024-09-15 22:15:05
298,249,1,2023-12-08,,Active,True,2023-12-08 08:17:34,2023-12-08 08:17:34
299,250,3,2025-06-13,,Active,True,2025-06-13 17:33:25,2025-06-13 17:33:25
300,251,2,2024-10-01,2025-03-04,Cancelled,False,2024-10-01 07:00:58,2025-03-04 20:23:18
301,252,1,2023-11-09,,Active,True,2023-11-09 21:14:16,2023-11-09 21:14:16
302,253,2,2025-06-07,2026-01-02,Cancelled,False,2025-06-07 01:20:42,2026-01-02 14:21:25
303,254,2,2025-01-27,,Active,True,2025-01-27 23:27:54,2025-01-27 23:27:54
304,255,3,2023-08-04,,Active,True,2023-08-04 08:56:50,2023-08-04 08:56:50
305,256,2,2023-08-02,,Active,True,2023-08-02 08:13:11,2023-08-02 08:13:11
306,257,2,2025-02-11,2025-06-03,Cancelled,False,2025-02-11 16:37:26,2025-06-03 08:36:49
307,257,4,2025-06-17,,Active,False,2025-06-17 21:39:21,2025-06-17 21:39:21
308,258,2,2023-08-29,,Active,True,2023-08-29 03:30:18,2023-08-29 03:30:18
309,259,3,2023-08-16,,Active,True,2023-08-16 12:41:15,2023-08-16 12:41:15
310,260,3,2025-03-29,2025-11-24,Cancelled,False,2025-03-29 01:49:46,2025-11-24 16:50:02
311,260,1,2025-12-03,,Active,False,2025-12-03 15:09:23,2025-12-03 15:09:23
312,261,2,2024-11-20,,Active,True,2024-11-20 06:00:26,2024-11-20 06:00:26
313,262,3,2024-06-21,,Active,True,2024-06-21 10:35:54,2024-06-21 10:35:54
314,263,2,2025-07-20,2025-09-12,Cancelled,False,2025-07-20 13:43:02,2025-09-12 05:47:09
315,263,4,2025-09-22,,Active,False,2025-09-22 02:06:56,2025-09-22 02:06:56
316,264,2,2023-10-11,,Active,False,2023-10-11 16:39:02,2023-10-11 16:39:02
317,265,3,2024-05-26,,Active,False,2024-05-26 11:46:12,2024-05-26 11:46:12
318,266,1,2024-11-12,,Active,True,2024-11-12 18:30:40,2024-11-12 18:30:40
319,267,3,2025-02-11,,Active,True,2025-02-11 11:44:43,2025-02-11 11:44:43
320,268,2,2025-02-20,,Active,False,2025-02-20 06:42:28,2025-02-20 06:42:28
321,269,1,2024-09-23,2025-06-11,Cancelled,False,2024-09-23 23:26:06,2025-06-11 16:02:59
322,269,4,2025-06-24,,Active,True,2025-06-24 21:24:23,2025-06-24 21:24:23
323,270,3,2024-12-03,,Active,True,2024-12-03 09:44:19,2024-12-03 09:44:19
324,271,1,2025-01-03,2025-11-05,Cancelled,False,2025-01-03 15:49:41,2025-11-05 06:12:29
325,272,2,2024-10-16,2024-11-17,Cancelled,False,2024-10-16 06:10:59,2024-11-17 20:31:08
326,273,3,2025-01-24,,Active,True,2025-01-24 02:59:02,2025-01-24 02:59:02
327,274,1,2023-06-20,,Active,True,2023-06-20 13:37:39,2023-06-20 13:37:39
328,275,4,2025-01-14,,Active,True,2025-01-14 02:46:44,2025-01-14 02:46:44
329,276,3,2024-06-22,2025-05-27,Cancelled,False,2024-06-22 18:21:45,2025-05-27 17:54:26
330,277,1,2024-10-14,,Active,True,2024-10-14 06:57:43,2024-10-14 06:57:43
331,278,4,2024-08-05,2025-11-01,Cancelled,False,2024-08-05 07:22:53,2025-11-01 14:47:38
332,278,1,2025-11-14,,Active,True,2025-11-14 13:11:52,2025-11-14 13:11:52
333,279,2,2024-04-18,,Active,False,2024-04-18 17:27:10,2024-04-18 17:27:10
334,280,4,2023-07-09,2024-03-13,Cancelled,False,2023-07-09 13:20:34,2024-03-13 17:27:15
335,281,1,2023-07-11,,Active,True,2023-07-11 14:12:29,2023-07-11 14:12:29
336,282,1,2025-03-12,2025-04-06,Cancelled,False,2025-03-12 12:40:35,2025-04-06 14:37:31
337,283,3,2025-03-15,2025-07-07,Cancelled,False,2025-03-15 18:40:03,2025-07-07 04:45:33
338,283,2,2025-07-16,,Active,False,2025-07-16 15:40:54,2025-07-16 15:40:54
339,284,2,2024-01-10,2024-10-19,Cancelled,False,2024-01-10 13:42:43,2024-10-19 09:16:13
340,284,1,2024-10-25,2026-03-16,Cancelled,False,2024-10-25 13:32:42,2026-03-16 15:37:03
341,285,3,2023-12-21,,Active,True,2023-12-21 11:57:15,2023-12-21 11:57:15
342,286,1,2024-08-09,,Active,True,2024-08-09 04:14:01,2024-08-09 04:14:01
343,287,2,2024-05-08,2026-04-05,Cancelled,False,2024-05-08 18:52:56,2026-04-05 18:34:18
344,288,1,2025-01-08,2025-03-24,Cancelled,False,2025-01-08 13:25:19,2025-03-24 05:30:38
345,289,2,2024-09-27,2025-12-24,Cancelled,False,2024-09-27 20:23:26,2025-12-24 12:33:44
346,290,1,2024-12-06,2025-07-10,Cancelled,False,2024-12-06 05:08:27,2025-07-10 06:11:24
347,291,3,2025-06-01,,Active,True,2025-06-01 18:45:08,2025-06-01 18:45:08
348,292,2,2023-12-15,2025-10-16,Cancelled,False,2023-12-15 20:04:15,2025-10-16 15:06:03
349,292,1,2025-10-28,,Active,False,2025-10-28 21:39:26,2025-10-28 21:39:26
350,293,1,2025-02-14,,Active,False,2025-02-14 06:39:25,2025-02-14 06:39:25
351,294,3,2023-07-30,,Active,True,2023-07-30 01:25:31,2023-07-30 01:25:31
352,295,2,2024-06-26,,Active,False,2024-06-26 11:41:15,2024-06-26 11:41:15
353,296,2,2025-03-23,,Active,True,2025-03-23 18:29:37,2025-03-23 18:29:37
354,297,1,2025-01-20,,Active,True,2025-01-20 12:29:05,2025-01-20 12:29:05
355,298,2,2025-05-07,,Active,False,2025-05-07 22:59:28,2025-05-07 22:59:28
356,299,2,2023-11-09,2024-06-30,Cancelled,False,2023-11-09 16:45:43,2024-06-30 18:02:22
357,300,1,2024-09-19,2025-08-17,Cancelled,False,2024-09-19 07:04:34,2025-08-17 19:28:34
358,300,3,2025-08-23,,Active,True,2025-08-23 08:41:10,2025-08-23 08:41:10
359,301,1,2024-05-20,,Active,False,2024-05-20 00:50:45,2024-05-20 00:50:45
360,302,3,2024-11-29,2025-05-12,Cancelled,False,2024-11-29 04:30:33,2025-05-12 11:12:37
361,302,1,2025-05-13,,Active,False,2025-05-13 14:07:50,2025-05-13 14:07:50
362,303,1,2024-08-11,,Active,True,2024-08-11 09:37:23,2024-08-11 09:37:23
363,304,1,2025-07-08,,Active,False,2025-07-08 23:48:28,2025-07-08 23:48:28
364,305,1,2024-12-17,2026-02-06,Cancelled,False,2024-12-17 22:48:33,2026-02-06 14:08:02
365,305,1,2026-02-26,,Active,False,2026-02-26 10:15:18,2026-02-26 10:15:18
366,306,2,2025-05-07,2026-04-26,Cancelled,False,2025-05-07 03:14:04,2026-04-26 22:22:23
367,307,1,2024-06-22,,Active,True,2024-06-22 08:20:52,2024-06-22 08:20:52
368,308,4,2024-07-31,,Active,False,2024-07-31 16:15:19,2024-07-31 16:15:19
369,309,2,2024-01-06,2024-07-27,Cancelled,False,2024-01-06 03:26:10,2024-07-27 13:54:40
370,310,3,2023-11-28,,Active,False,2023-11-28 13:15:25,2023-11-28 13:15:25
371,311,3,2024-05-18,,Active,True,2024-05-18 12:17:50,2024-05-18 12:17:50
372,312,2,2025-07-28,,Active,False,2025-07-28 15:27:23,2025-07-28 15:27:23
373,313,1,2023-09-25,2025-09-10,Cancelled,False,2023-09-25 15:49:35,2025-09-10 21:14:31
374,313,1,2025-09-18,2025-12-31,Cancelled,False,2025-09-18 18:24:55,2025-12-31 17:31:31
375,314,1,2024-12-02,2025-08-01,Cancelled,False,2024-12-02 20:36:46,2025-08-01 19:40:16
376,315,4,2023-10-09,,Active,True,2023-10-09 15:09:21,2023-10-09 15:09:21
377,316,1,2024-09-11,,Active,True,2024-09-11 22:19:28,2024-09-11 22:19:28
378,317,3,2024-05-15,2024-10-02,Cancelled,False,2024-05-15 22:50:09,2024-10-02 21:15:05
379,318,4,2023-10-04,,Active,False,2023-10-04 19:11:53,2023-10-04 19:11:53
380,319,2,2023-07-16,,Active,True,2023-07-16 10:11:14,2023-07-16 10:11:14
381,320,2,2023-08-09,,Active,False,2023-08-09 09:20:18,2023-08-09 09:20:18
382,321,3,2023-10-13,2025-03-30,Cancelled,False,2023-10-13 21:10:28,2025-03-30 03:45:49
383,321,4,2025-04-02,,Active,True,2025-04-02 15:52:05,2025-04-02 15:52:05
384,322,1,2025-07-04,,Active,True,2025-07-04 19:32:44,2025-07-04 19:32:44
385,323,3,2025-01-03,,Active,False,2025-01-03 03:51:22,2025-01-03 03:51:22
386,324,3,2025-07-15,,Active,False,2025-07-15 12:11:37,2025-07-15 12:11:37
387,325,3,2024-11-20,,Active,True,2024-11-20 06:03:38,2024-11-20 06:03:38
388,326,1,2024-02-20,2025-10-10,Cancelled,False,2024-02-20 00:45:54,2025-10-10 06:27:27
389,326,3,2025-10-15,2026-03-08,Cancelled,False,2025-10-15 02:03:53,2026-03-08 01:48:54
390,327,1,2024-12-04,,Active,False,2024-12-04 02:59:14,2024-12-04 02:59:14
391,328,3,2024-11-19,2025-04-19,Cancelled,False,2024-11-19 16:36:42,2025-04-19 21:47:48
392,328,2,2025-05-08,2026-05-12,Cancelled,False,2025-05-08 05:30:41,2026-05-12 07:32:02
393,329,1,2024-10-23,2025-07-14,Cancelled,False,2024-10-23 16:40:56,2025-07-14 00:17:07
394,330,2,2025-03-17,2025-04-02,Cancelled,False,2025-03-17 21:55:33,2025-04-02 05:39:07
395,331,1,2025-04-29,,Active,True,2025-04-29 10:46:39,2025-04-29 10:46:39
396,332,3,2024-02-06,2024-11-10,Cancelled,False,2024-02-06 08:43:26,2024-11-10 16:57:01
397,332,2,2024-11-27,,Active,True,2024-11-27 23:09:06,2024-11-27 23:09:06
398,333,4,2023-07-07,,Active,True,2023-07-07 12:48:46,2023-07-07 12:48:46
399,334,1,2025-05-28,2025-06-17,Cancelled,False,2025-05-28 09:56:02,2025-06-17 03:10:06
400,335,2,2024-05-20,2025-05-03,Cancelled,False,2024-05-20 00:15:46,2025-05-03 19:46:44
401,336,3,2024-06-03,,Active,True,2024-06-03 12:59:27,2024-06-03 12:59:27
402,337,2,2025-03-12,2025-11-26,Cancelled,False,2025-03-12 18:11:23,2025-11-26 06:18:23
403,338,2,2024-02-08,2026-03-28,Cancelled,False,2024-02-08 18:04:30,2026-03-28 12:56:38
404,339,4,2024-06-03,,Active,True,2024-06-03 20:28:28,2024-06-03 20:28:28
405,340,4,2025-01-29,2025-10-06,Cancelled,False,2025-01-29 23:51:16,2025-10-06 18:06:17
406,341,2,2024-05-03,2025-11-06,Cancelled,False,2024-05-03 06:18:47,2025-11-06 17:08:15
407,341,3,2025-11-15,,Active,True,2025-11-15 23:50:02,2025-11-15 23:50:02
408,342,1,2023-07-14,2023-10-15,Cancelled,False,2023-07-14 03:31:51,2023-10-15 16:16:31
409,343,1,2025-01-28,2025-11-25,Cancelled,False,2025-01-28 03:02:58,2025-11-25 17:04:16
410,344,2,2023-09-23,,Active,False,2023-09-23 02:46:26,2023-09-23 02:46:26
411,345,1,2024-11-14,2024-12-31,Cancelled,False,2024-11-14 15:32:58,2024-12-31 03:40:19
412,345,2,2025-01-17,,Active,True,2025-01-17 22:54:31,2025-01-17 22:54:31
413,346,2,2025-05-21,2025-11-01,Cancelled,False,2025-05-21 22:27:09,2025-11-01 04:35:15
414,346,4,2025-11-08,,Active,True,2025-11-08 23:42:07,2025-11-08 23:42:07
415,347,3,2025-02-19,,Active,False,2025-02-19 23:50:11,2025-02-19 23:50:11
416,348,2,2023-10-23,2024-12-03,Cancelled,False,2023-10-23 00:17:27,2024-12-03 16:08:41
417,348,3,2024-12-20,2025-05-08,Cancelled,False,2024-12-20 09:44:24,2025-05-08 20:34:26
418,349,2,2024-02-08,2026-04-06,Cancelled,False,2024-02-08 10:39:10,2026-04-06 18:19:00
419,350,1,2023-06-29,,Active,True,2023-06-29 22:23:18,2023-06-29 22:23:18
420,351,2,2025-01-21,,Active,False,2025-01-21 15:11:55,2025-01-21 15:11:55
421,352,1,2025-05-02,2025-09-12,Cancelled,False,2025-05-02 17:48:06,2025-09-12 07:47:51
422,353,2,2024-09-05,2026-05-25,Cancelled,False,2024-09-05 03:17:24,2026-05-25 00:35:55
423,354,1,2024-10-03,,Active,True,2024-10-03 15:25:00,2024-10-03 15:25:00
424,355,3,2024-10-22,2026-04-04,Cancelled,False,2024-10-22 17:06:18,2026-04-04 18:57:28
425,356,3,2025-01-31,,Active,True,2025-01-31 14:34:34,2025-01-31 14:34:34
426,357,3,2025-07-07,,Active,True,2025-07-07 09:14:46,2025-07-07 09:14:46
427,358,3,2023-12-08,,Active,True,2023-12-08 05:10:36,2023-12-08 05:10:36
428,359,2,2024-09-23,2024-12-28,Cancelled,False,2024-09-23 04:45:21,2024-12-28 03:27:08
429,359,3,2025-01-16,2026-01-07,Cancelled,False,2025-01-16 21:54:50,2026-01-07 05:06:13
430,360,1,2024-05-16,2026-03-23,Cancelled,False,2024-05-16 17:35:32,2026-03-23 19:00:19
431,360,1,2026-04-02,,Active,True,2026-04-02 14:22:49,2026-04-02 14:22:49
432,361,3,2024-10-02,,Active,True,2024-10-02 09:48:00,2024-10-02 09:48:00
433,362,2,2024-11-19,,Active,True,2024-11-19 09:13:02,2024-11-19 09:13:02
434,363,2,2025-01-30,,Active,True,2025-01-30 22:20:19,2025-01-30 22:20:19
435,364,1,2024-07-31,,Active,False,2024-07-31 23:27:46,2024-07-31 23:27:46
436,365,1,2024-05-12,2025-04-27,Cancelled,False,2024-05-12 14:03:48,2025-04-27 20:43:56
437,365,3,2025-05-02,2026-04-15,Cancelled,False,2025-05-02 07:36:17,2026-04-15 02:49:48
438,366,1,2023-12-20,2025-11-22,Cancelled,False,2023-12-20 04:29:26,2025-11-22 17:18:33
439,366,3,2025-12-10,,Active,True,2025-12-10 07:28:40,2025-12-10 07:28:40
440,367,3,2024-06-13,,Active,True,2024-06-13 18:08:33,2024-06-13 18:08:33
441,368,1,2024-08-28,,Active,True,2024-08-28 10:37:59,2024-08-28 10:37:59
442,369,4,2023-06-27,2025-05-29,Cancelled,False,2023-06-27 09:33:41,2025-05-29 19:07:34
443,369,3,2025-06-10,,Active,True,2025-06-10 06:29:03,2025-06-10 06:29:03
444,370,2,2023-10-10,,Active,True,2023-10-10 09:54:19,2023-10-10 09:54:19
445,371,1,2025-03-03,2025-04-13,Cancelled,False,2025-03-03 17:23:30,2025-04-13 09:33:07
446,371,3,2025-04-21,,Active,False,2025-04-21 13:14:44,2025-04-21 13:14:44
447,372,4,2025-02-25,,Active,True,2025-02-25 12:36:00,2025-02-25 12:36:00
448,373,1,2024-02-03,,Active,True,2024-02-03 20:59:43,2024-02-03 20:59:43
449,374,2,2025-01-15,2026-01-16,Cancelled,False,2025-01-15 20:59:39,2026-01-16 15:58:48
450,375,2,2025-05-07,,Active,True,2025-05-07 00:20:44,2025-05-07 00:20:44
451,376,1,2025-07-27,,Active,True,2025-07-27 02:51:19,2025-07-27 02:51:19
452,377,2,2023-09-25,,Active,True,2023-09-25 18:07:26,2023-09-25 18:07:26
453,378,2,2025-02-11,2025-12-02,Cancelled,False,2025-02-11 13:44:41,2025-12-02 10:00:11
454,379,3,2025-01-29,,Active,True,2025-01-29 08:07:13,2025-01-29 08:07:13
455,380,1,2025-05-21,,Active,True,2025-05-21 13:03:41,2025-05-21 13:03:41
456,381,1,2024-06-11,2026-04-28,Cancelled,False,2024-06-11 12:28:25,2026-04-28 23:05:38
457,381,1,2026-05-05,,Active,False,2026-05-05 15:27:55,2026-05-05 15:27:55
458,382,2,2025-02-09,2025-09-09,Cancelled,False,2025-02-09 02:12:32,2025-09-09 05:27:42
459,383,2,2023-12-06,2025-01-21,Cancelled,False,2023-12-06 22:44:40,2025-01-21 21:49:25
460,384,3,2024-08-28,,Active,True,2024-08-28 12:17:09,2024-08-28 12:17:09
461,385,1,2024-11-18,,Active,True,2024-11-18 13:17:38,2024-11-18 13:17:38
462,386,2,2025-06-21,,Active,True,2025-06-21 07:33:44,2025-06-21 07:33:44
463,387,3,2025-03-23,,Active,False,2025-03-23 17:25:20,2025-03-23 17:25:20
464,388,3,2025-01-23,,Active,False,2025-01-23 17:47:17,2025-01-23 17:47:17
465,389,1,2024-03-07,2026-04-17,Cancelled,False,2024-03-07 02:45:43,2026-04-17 02:27:51
466,390,1,2025-06-23,2026-01-27,Cancelled,False,2025-06-23 20:19:59,2026-01-27 03:40:12
467,390,1,2026-02-10,,Active,False,2026-02-10 15:54:22,2026-02-10 15:54:22
468,391,2,2025-07-20,2026-02-23,Cancelled,False,2025-07-20 20:19:39,2026-02-23 10:58:20
469,392,2,2023-10-14,2026-02-12,Cancelled,False,2023-10-14 14:30:21,2026-02-12 13:20:22
470,392,2,2026-02-16,2026-05-28,Cancelled,False,2026-02-16 05:23:31,2026-05-28 20:08:44
471,393,3,2024-05-17,2026-04-06,Cancelled,False,2024-05-17 05:52:13,2026-04-06 22:42:49
472,393,2,2026-04-10,2026-05-14,Cancelled,False,2026-04-10 20:24:47,2026-05-14 09:02:52
473,394,2,2025-03-26,2025-04-27,Cancelled,False,2025-03-26 13:22:05,2025-04-27 06:41:09
474,395,2,2025-04-24,2025-12-22,Cancelled,False,2025-04-24 10:32:48,2025-12-22 21:00:55
475,395,2,2025-12-27,,Active,True,2025-12-27 02:36:51,2025-12-27 02:36:51
476,396,2,2025-05-15,2025-12-20,Cancelled,False,2025-05-15 17:08:09,2025-12-20 21:33:23
477,396,3,2025-12-31,,Active,True,2025-12-31 23:36:07,2025-12-31 23:36:07
478,397,4,2024-07-30,2025-06-07,Cancelled,False,2024-07-30 17:07:16,2025-06-07 11:41:30
479,398,2,2025-05-02,,Active,False,2025-05-02 06:25:28,2025-05-02 06:25:28
480,399,1,2025-05-30,2025-10-26,Cancelled,False,2025-05-30 14:12:47,2025-10-26 05:57:53
481,400,1,2023-06-17,,Active,True,2023-06-17 03:58:01,2023-06-17 03:58:01
482,401,1,2024-09-06,,Active,False,2024-09-06 12:12:04,2024-09-06 12:12:04
483,402,2,2025-03-07,,Active,True,2025-03-07 15:50:06,2025-03-07 15:50:06
484,403,3,2024-09-04,2025-03-30,Cancelled,False,2024-09-04 06:57:46,2025-03-30 13:07:34
485,403,4,2025-03-31,,Active,True,2025-03-31 10:56:31,2025-03-31 10:56:31
486,404,2,2025-01-24,2026-01-08,Cancelled,False,2025-01-24 09:30:43,2026-01-08 07:03:57
487,404,3,2026-01-25,,Active,True,2026-01-25 04:21:43,2026-01-25 04:21:43
488,405,3,2023-11-24,2025-05-31,Cancelled,False,2023-11-24 17:09:38,2025-05-31 13:01:35
489,406,2,2024-09-19,2024-11-04,Cancelled,False,2024-09-19 19:33:25,2024-11-04 09:29:56
490,406,3,2024-11-11,,Active,True,2024-11-11 02:55:35,2024-11-11 02:55:35
491,407,3,2024-03-01,,Active,True,2024-03-01 08:58:19,2024-03-01 08:58:19
492,408,4,2024-03-26,,Active,True,2024-03-26 21:10:35,2024-03-26 21:10:35
493,409,3,2024-11-12,,Active,True,2024-11-12 16:14:25,2024-11-12 16:14:25
494,410,1,2023-07-28,2023-11-20,Cancelled,False,2023-07-28 19:36:07,2023-11-20 23:28:22
495,410,2,2023-12-08,2024-05-28,Cancelled,False,2023-12-08 06:55:24,2024-05-28 11:12:36
496,411,3,2024-06-25,2025-06-08,Cancelled,False,2024-06-25 15:23:34,2025-06-08 17:11:15
497,412,3,2025-03-06,,Active,False,2025-03-06 00:17:00,2025-03-06 00:17:00
498,413,3,2025-03-02,2026-04-06,Cancelled,False,2025-03-02 15:07:24,2026-04-06 13:07:37
499,414,3,2024-10-07,,Active,False,2024-10-07 15:52:27,2024-10-07 15:52:27
500,415,3,2025-08-02,2026-02-16,Cancelled,False,2025-08-02 08:25:37,2026-02-16 17:45:24
501,415,1,2026-02-24,,Active,True,2026-02-24 21:18:57,2026-02-24 21:18:57
502,416,2,2025-02-13,2025-06-05,Cancelled,False,2025-02-13 23:54:32,2025-06-05 12:30:11
503,417,3,2025-02-23,2025-09-14,Cancelled,False,2025-02-23 09:42:58,2025-09-14 06:15:07
504,418,1,2023-09-20,2025-04-07,Cancelled,False,2023-09-20 02:38:38,2025-04-07 00:17:40
505,418,2,2025-04-25,,Active,True,2025-04-25 11:29:13,2025-04-25 11:29:13
506,419,3,2024-11-25,,Active,True,2024-11-25 06:59:55,2024-11-25 06:59:55
507,420,2,2024-11-21,2026-01-27,Cancelled,False,2024-11-21 06:54:12,2026-01-27 05:42:14
508,421,2,2023-08-10,2025-11-02,Cancelled,False,2023-08-10 23:07:43,2025-11-02 04:48:42
509,422,1,2024-10-02,2025-11-08,Cancelled,False,2024-10-02 22:12:59,2025-11-08 15:41:34
510,422,3,2025-11-28,,Active,False,2025-11-28 13:47:19,2025-11-28 13:47:19
511,423,3,2025-01-29,2026-04-06,Cancelled,False,2025-01-29 02:13:07,2026-04-06 14:01:41
512,424,1,2023-10-14,,Active,True,2023-10-14 09:03:11,2023-10-14 09:03:11
513,425,1,2025-07-27,,Active,True,2025-07-27 03:28:09,2025-07-27 03:28:09
514,426,3,2024-02-11,,Active,True,2024-02-11 17:08:01,2024-02-11 17:08:01
515,427,3,2024-05-26,2026-03-29,Cancelled,False,2024-05-26 06:08:06,2026-03-29 04:22:02
516,427,2,2026-04-04,,Active,True,2026-04-04 14:32:49,2026-04-04 14:32:49
517,428,1,2025-05-11,2025-07-26,Cancelled,False,2025-05-11 08:21:08,2025-07-26 16:03:35
518,428,4,2025-08-10,,Active,True,2025-08-10 22:35:58,2025-08-10 22:35:58
519,429,2,2025-04-26,,Active,False,2025-04-26 17:28:04,2025-04-26 17:28:04
520,430,2,2023-06-19,,Active,False,2023-06-19 01:24:04,2023-06-19 01:24:04
521,431,3,2023-07-30,,Active,False,2023-07-30 11:33:27,2023-07-30 11:33:27
522,432,2,2024-11-27,,Active,True,2024-11-27 04:23:14,2024-11-27 04:23:14
523,433,1,2025-01-01,,Active,True,2025-01-01 19:41:11,2025-01-01 19:41:11
524,434,4,2024-11-10,,Active,False,2024-11-10 17:09:05,2024-11-10 17:09:05
525,435,3,2024-03-11,,Active,True,2024-03-11 04:40:33,2024-03-11 04:40:33
526,436,2,2024-08-16,,Active,True,2024-08-16 00:30:52,2024-08-16 00:30:52
527,437,2,2024-02-29,2024-09-03,Cancelled,False,2024-02-29 04:00:13,2024-09-03 20:07:14
528,437,4,2024-09-14,,Active,True,2024-09-14 13:58:23,2024-09-14 13:58:23
529,438,2,2024-11-17,,Active,True,2024-11-17 04:18:51,2024-11-17 04:18:51
530,439,1,2024-09-14,,Active,False,2024-09-14 10:25:51,2024-09-14 10:25:51
531,440,1,2024-12-14,,Active,True,2024-12-14 23:57:19,2024-12-14 23:57:19
532,441,2,2025-03-25,,Active,True,2025-03-25 10:02:15,2025-03-25 10:02:15
533,442,4,2024-02-06,,Active,True,2024-02-06 02:19:45,2024-02-06 02:19:45
534,443,1,2024-10-17,2026-04-09,Cancelled,False,2024-10-17 03:08:42,2026-04-09 12:29:14
535,444,3,2024-03-02,,Active,True,2024-03-02 09:54:16,2024-03-02 09:54:16
536,445,1,2024-05-10,2024-08-03,Cancelled,False,2024-05-10 15:04:32,2024-08-03 15:34:05
537,446,1,2025-01-24,2025-12-06,Cancelled,False,2025-01-24 15:35:10,2025-12-06 17:36:20
538,446,2,2025-12-19,2026-03-15,Cancelled,False,2025-12-19 07:44:34,2026-03-15 13:51:54
539,447,1,2025-02-23,,Active,True,2025-02-23 09:40:44,2025-02-23 09:40:44
540,448,1,2023-09-21,2024-04-06,Cancelled,False,2023-09-21 09:49:39,2024-04-06 16:36:20
541,448,1,2024-04-12,,Active,False,2024-04-12 09:18:34,2024-04-12 09:18:34
542,449,1,2024-11-05,2025-04-09,Cancelled,False,2024-11-05 06:58:34,2025-04-09 07:05:04
543,450,2,2025-02-06,2025-08-31,Cancelled,False,2025-02-06 07:31:28,2025-08-31 01:50:27
544,451,1,2023-08-27,,Active,True,2023-08-27 10:16:28,2023-08-27 10:16:28
545,452,3,2025-01-10,2026-04-12,Cancelled,False,2025-01-10 17:06:14,2026-04-12 14:50:49
546,453,2,2023-06-30,,Active,True,2023-06-30 04:49:17,2023-06-30 04:49:17
547,454,3,2025-03-14,,Active,True,2025-03-14 14:25:44,2025-03-14 14:25:44
548,455,1,2024-03-02,,Active,False,2024-03-02 03:06:29,2024-03-02 03:06:29
549,456,1,2024-07-12,,Active,True,2024-07-12 15:27:09,2024-07-12 15:27:09
550,457,3,2024-03-26,,Active,True,2024-03-26 13:13:15,2024-03-26 13:13:15
551,458,3,2025-07-18,2025-11-10,Cancelled,False,2025-07-18 07:33:23,2025-11-10 14:59:56
552,458,1,2025-11-19,,Active,True,2025-11-19 08:00:37,2025-11-19 08:00:37
553,459,1,2023-07-17,,Active,False,2023-07-17 17:33:59,2023-07-17 17:33:59
554,460,1,2024-06-21,,Active,True,2024-06-21 23:14:03,2024-06-21 23:14:03
555,461,1,2025-05-15,2025-08-14,Cancelled,False,2025-05-15 23:11:40,2025-08-14 19:17:05
556,462,1,2024-01-13,2025-09-18,Cancelled,False,2024-01-13 05:09:46,2025-09-18 03:11:11
557,462,1,2025-09-22,,Active,True,2025-09-22 08:02:34,2025-09-22 08:02:34
558,463,2,2024-05-20,2025-01-12,Cancelled,False,2024-05-20 16:35:03,2025-01-12 06:52:33
559,464,2,2025-06-29,,Active,True,2025-06-29 11:26:50,2025-06-29 11:26:50
560,465,3,2025-01-30,,Active,True,2025-01-30 17:50:56,2025-01-30 17:50:56
561,466,2,2025-03-15,2025-09-10,Cancelled,False,2025-03-15 14:53:30,2025-09-10 09:35:41
562,467,3,2025-03-30,,Active,True,2025-03-30 16:37:15,2025-03-30 16:37:15
563,468,2,2024-10-30,2025-10-28,Cancelled,False,2024-10-30 01:47:56,2025-10-28 11:34:25
564,469,2,2025-02-27,2025-08-09,Cancelled,False,2025-02-27 09:21:23,2025-08-09 06:37:39
565,469,1,2025-08-13,,Active,False,2025-08-13 00:18:49,2025-08-13 00:18:49
566,470,1,2024-02-23,,Active,False,2024-02-23 21:00:10,2024-02-23 21:00:10
567,471,2,2024-02-16,,Active,False,2024-02-16 01:22:52,2024-02-16 01:22:52
568,472,3,2024-02-19,,Active,False,2024-02-19 11:21:08,2024-02-19 11:21:08
569,473,2,2024-10-21,,Active,True,2024-10-21 08:24:46,2024-10-21 08:24:46
570,474,1,2024-01-16,2024-05-12,Cancelled,False,2024-01-16 06:42:06,2024-05-12 23:05:20
571,474,1,2024-05-31,,Active,False,2024-05-31 03:20:53,2024-05-31 03:20:53
572,475,1,2024-10-25,,Active,True,2024-10-25 19:17:15,2024-10-25 19:17:15
573,476,4,2024-07-05,2026-04-29,Cancelled,False,2024-07-05 19:02:45,2026-04-29 08:19:52
574,476,3,2026-05-01,,Active,True,2026-05-01 20:49:14,2026-05-01 20:49:14
575,477,2,2024-11-27,,Active,True,2024-11-27 17:58:24,2024-11-27 17:58:24
576,478,2,2024-03-20,2024-11-11,Cancelled,False,2024-03-20 09:19:17,2024-11-11 08:25:23
577,479,1,2024-03-22,,Active,False,2024-03-22 02:07:55,2024-03-22 02:07:55
578,480,1,2024-03-06,,Active,True,2024-03-06 18:00:11,2024-03-06 18:00:11
579,481,2,2024-08-07,,Active,True,2024-08-07 01:56:24,2024-08-07 01:56:24
580,482,2,2025-03-15,,Active,True,2025-03-15 11:19:10,2025-03-15 11:19:10
581,483,1,2024-09-23,,Active,True,2024-09-23 11:50:09,2024-09-23 11:50:09
582,484,3,2025-06-17,2025-07-13,Cancelled,False,2025-06-17 18:35:57,2025-07-13 10:44:02
583,485,1,2025-07-22,2026-03-20,Cancelled,False,2025-07-22 07:29:42,2026-03-20 14:07:19
584,485,3,2026-03-28,,Active,True,2026-03-28 08:41:29,2026-03-28 08:41:29
585,486,1,2023-12-04,,Active,True,2023-12-04 09:08:54,2023-12-04 09:08:54
586,487,2,2024-10-24,,Active,True,2024-10-24 14:53:46,2024-10-24 14:53:46
587,488,2,2024-03-09,2025-05-21,Cancelled,False,2024-03-09 09:00:49,2025-05-21 15:54:52
588,488,2,2025-05-28,2026-03-19,Cancelled,False,2025-05-28 00:27:00,2026-03-19 15:04:23
589,489,1,2024-08-05,,Active,False,2024-08-05 22:57:34,2024-08-05 22:57:34
590,490,1,2024-11-05,,Active,False,2024-11-05 07:22:18,2024-11-05 07:22:18
591,491,1,2025-01-01,2025-08-07,Cancelled,False,2025-01-01 21:35:12,2025-08-07 10:09:53
592,491,2,2025-08-14,,Active,False,2025-08-14 14:03:06,2025-08-14 14:03:06
593,492,1,2024-03-06,2025-03-26,Cancelled,False,2024-03-06 04:04:27,2025-03-26 23:50:46
594,492,2,2025-04-04,,Active,True,2025-04-04 20:30:31,2025-04-04 20:30:31
595,493,1,2025-07-14,,Active,True,2025-07-14 14:37:08,2025-07-14 14:37:08
596,494,1,2024-09-10,2025-08-06,Cancelled,False,2024-09-10 17:30:47,2025-08-06 03:12:45
597,495,3,2025-06-08,,Active,False,2025-06-08 03:08:54,2025-06-08 03:08:54
598,496,2,2025-03-30,2025-07-29,Cancelled,False,2025-03-30 00:26:59,2025-07-29 16:26:17
599,497,1,2025-05-07,,Active,True,2025-05-07 21:20:43,2025-05-07 21:20:43
600,498,2,2024-11-21,2025-02-21,Cancelled,False,2024-11-21 06:00:12,2025-02-21 09:36:52
601,498,1,2025-03-10,,Active,False,2025-03-10 08:42:43,2025-03-10 08:42:43
602,499,3,2025-03-13,2025-06-15,Cancelled,False,2025-03-13 12:55:55,2025-06-15 20:26:52
603,500,3,2024-09-04,2024-12-26,Cancelled,False,2024-09-04 00:30:46,2024-12-26 05:20:56
604,501,3,2025-03-23,2026-04-24,Cancelled,False,2025-03-23 04:23:39,2026-04-24 12:12:10
605,502,2,2025-01-21,2025-06-01,Cancelled,False,2025-01-21 11:11:31,2025-06-01 01:17:07
606,503,2,2025-07-16,2025-08-17,Cancelled,False,2025-07-16 11:34:41,2025-08-17 18:34:33
607,503,1,2025-08-25,2025-09-17,Cancelled,False,2025-08-25 14:48:49,2025-09-17 04:29:48
608,504,4,2024-05-30,2026-01-28,Cancelled,False,2024-05-30 04:40:11,2026-01-28 01:35:41
609,504,1,2026-02-17,,Active,False,2026-02-17 10:25:22,2026-02-17 10:25:22
610,505,2,2023-10-21,2026-03-15,Cancelled,False,2023-10-21 17:40:42,2026-03-15 19:45:44
611,505,2,2026-03-23,,Active,False,2026-03-23 02:28:10,2026-03-23 02:28:10
612,506,1,2024-02-13,2024-08-01,Cancelled,False,2024-02-13 09:04:47,2024-08-01 07:23:47
613,506,1,2024-08-06,,Active,True,2024-08-06 01:32:31,2024-08-06 01:32:31
614,507,1,2023-12-23,,Active,True,2023-12-23 02:31:59,2023-12-23 02:31:59
615,508,3,2024-01-23,2026-05-15,Cancelled,False,2024-01-23 17:20:47,2026-05-15 13:13:19
616,509,1,2025-02-26,,Active,True,2025-02-26 03:51:58,2025-02-26 03:51:58
617,510,1,2025-06-06,,Active,False,2025-06-06 14:55:18,2025-06-06 14:55:18
618,511,2,2024-12-22,,Active,False,2024-12-22 17:00:57,2024-12-22 17:00:57
619,512,1,2024-07-22,2025-02-28,Cancelled,False,2024-07-22 14:42:51,2025-02-28 15:58:19
620,513,1,2025-03-12,,Active,True,2025-03-12 15:36:54,2025-03-12 15:36:54
621,514,1,2024-10-10,2025-11-26,Cancelled,False,2024-10-10 05:32:31,2025-11-26 21:03:32
622,514,1,2025-12-13,,Active,False,2025-12-13 01:23:33,2025-12-13 01:23:33
623,515,3,2024-09-20,,Active,True,2024-09-20 22:20:11,2024-09-20 22:20:11
624,516,1,2025-02-04,,Active,True,2025-02-04 13:50:01,2025-02-04 13:50:01
625,517,1,2025-05-18,2025-06-22,Cancelled,False,2025-05-18 17:52:11,2025-06-22 15:46:11
626,517,2,2025-07-06,,Active,True,2025-07-06 09:58:18,2025-07-06 09:58:18
627,518,1,2024-05-28,,Active,True,2024-05-28 04:56:53,2024-05-28 04:56:53
628,519,1,2024-12-30,,Active,True,2024-12-30 07:03:45,2024-12-30 07:03:45
629,520,4,2024-04-02,,Active,True,2024-04-02 22:00:11,2024-04-02 22:00:11
630,521,1,2025-01-10,2025-08-25,Cancelled,False,2025-01-10 02:53:58,2025-08-25 00:51:36
631,522,1,2024-10-26,2025-07-18,Cancelled,False,2024-10-26 00:26:27,2025-07-18 05:17:29
632,523,2,2023-07-16,2025-03-05,Cancelled,False,2023-07-16 21:52:11,2025-03-05 03:01:23
633,523,2,2025-03-20,,Active,True,2025-03-20 17:26:08,2025-03-20 17:26:08
634,524,1,2024-04-27,,Active,False,2024-04-27 18:16:38,2024-04-27 18:16:38
635,525,2,2025-02-10,,Active,False,2025-02-10 16:56:00,2025-02-10 16:56:00
636,526,3,2023-12-03,,Active,False,2023-12-03 23:49:26,2023-12-03 23:49:26
637,527,3,2024-10-03,,Active,True,2024-10-03 22:38:43,2024-10-03 22:38:43
638,528,1,2024-12-18,2025-07-15,Cancelled,False,2024-12-18 11:12:28,2025-07-15 01:40:28
639,528,1,2025-07-21,2026-05-25,Cancelled,False,2025-07-21 01:20:11,2026-05-25 11:13:01
640,529,1,2024-10-12,,Active,True,2024-10-12 18:14:14,2024-10-12 18:14:14
641,530,1,2024-02-09,,Active,True,2024-02-09 03:13:51,2024-02-09 03:13:51
642,531,1,2024-01-22,,Active,True,2024-01-22 13:01:44,2024-01-22 13:01:44
643,532,2,2025-04-30,,Active,False,2025-04-30 14:05:02,2025-04-30 14:05:02
644,533,4,2024-05-26,,Active,False,2024-05-26 12:48:37,2024-05-26 12:48:37
645,534,2,2023-08-09,2024-08-19,Cancelled,False,2023-08-09 14:01:53,2024-08-19 21:06:04
646,535,4,2024-06-29,,Active,False,2024-06-29 21:53:01,2024-06-29 21:53:01
647,536,4,2024-12-01,2025-01-14,Cancelled,False,2024-12-01 06:17:42,2025-01-14 21:36:16
648,537,2,2023-10-18,,Active,True,2023-10-18 21:59:15,2023-10-18 21:59:15
649,538,3,2025-06-29,2025-09-23,Cancelled,False,2025-06-29 08:59:01,2025-09-23 21:35:49
650,538,2,2025-09-30,2025-12-10,Cancelled,False,2025-09-30 21:42:20,2025-12-10 23:42:43
651,539,3,2025-05-04,2026-04-04,Cancelled,False,2025-05-04 17:17:28,2026-04-04 16:41:55
652,539,3,2026-04-13,,Active,False,2026-04-13 04:49:44,2026-04-13 04:49:44
653,540,3,2024-11-14,,Active,True,2024-11-14 08:04:20,2024-11-14 08:04:20
654,541,4,2025-03-16,,Active,True,2025-03-16 22:01:47,2025-03-16 22:01:47
655,542,2,2025-06-10,,Active,True,2025-06-10 21:51:52,2025-06-10 21:51:52
656,543,2,2024-08-02,2024-08-17,Cancelled,False,2024-08-02 07:34:41,2024-08-17 16:13:38
657,544,3,2025-02-15,2026-02-18,Cancelled,False,2025-02-15 00:14:31,2026-02-18 02:49:25
658,545,4,2025-05-07,,Active,True,2025-05-07 12:56:03,2025-05-07 12:56:03
659,546,1,2023-08-10,2025-04-09,Cancelled,False,2023-08-10 22:24:06,2025-04-09 14:18:14
660,547,2,2025-01-30,,Active,True,2025-01-30 02:52:01,2025-01-30 02:52:01
661,548,1,2024-10-18,,Active,True,2024-10-18 18:43:32,2024-10-18 18:43:32
662,549,2,2024-12-29,,Active,True,2024-12-29 20:26:19,2024-12-29 20:26:19
663,550,1,2025-02-09,2025-05-10,Cancelled,False,2025-02-09 01:56:50,2025-05-10 22:39:09
664,551,2,2023-10-12,2025-08-28,Cancelled,False,2023-10-12 13:31:37,2025-08-28 01:46:37
665,551,3,2025-09-17,2026-02-27,Cancelled,False,2025-09-17 02:02:27,2026-02-27 22:11:38
666,552,1,2023-09-21,,Active,True,2023-09-21 17:26:03,2023-09-21 17:26:03
667,553,1,2025-02-19,2025-06-25,Cancelled,False,2025-02-19 21:27:06,2025-06-25 16:22:26
668,554,1,2023-07-13,2025-02-15,Cancelled,False,2023-07-13 10:05:11,2025-02-15 13:58:04
669,554,2,2025-02-22,,Active,False,2025-02-22 19:36:27,2025-02-22 19:36:27
670,555,1,2024-05-22,2025-02-01,Cancelled,False,2024-05-22 12:54:51,2025-02-01 18:25:58
671,556,4,2025-07-13,,Active,True,2025-07-13 13:38:41,2025-07-13 13:38:41
672,557,1,2025-08-03,2025-12-16,Cancelled,False,2025-08-03 17:13:14,2025-12-16 21:29:44
673,558,3,2024-02-28,,Active,True,2024-02-28 22:33:27,2024-02-28 22:33:27
674,559,2,2023-10-01,2026-02-02,Cancelled,False,2023-10-01 13:43:15,2026-02-02 03:05:50
675,559,2,2026-02-04,,Active,False,2026-02-04 18:19:17,2026-02-04 18:19:17
676,560,2,2025-03-09,,Active,True,2025-03-09 20:22:44,2025-03-09 20:22:44
677,561,3,2025-07-06,2025-11-27,Cancelled,False,2025-07-06 01:14:28,2025-11-27 20:08:25
678,562,2,2024-03-10,2024-04-16,Cancelled,False,2024-03-10 01:13:30,2024-04-16 18:05:28
679,563,3,2023-08-20,,Active,True,2023-08-20 14:03:36,2023-08-20 14:03:36
680,564,1,2024-04-24,2024-12-07,Cancelled,False,2024-04-24 23:21:55,2024-12-07 10:31:24
681,564,3,2024-12-21,2026-02-16,Cancelled,False,2024-12-21 03:25:47,2026-02-16 08:44:02
682,565,1,2024-05-08,,Active,True,2024-05-08 16:07:05,2024-05-08 16:07:05
683,566,2,2023-11-12,2025-08-19,Cancelled,False,2023-11-12 21:50:00,2025-08-19 21:08:50
684,566,1,2025-09-02,,Active,True,2025-09-02 07:36:41,2025-09-02 07:36:41
685,567,2,2023-12-10,2024-02-08,Cancelled,False,2023-12-10 10:11:25,2024-02-08 04:17:23
686,568,3,2023-11-16,,Active,True,2023-11-16 01:38:35,2023-11-16 01:38:35
687,569,3,2025-06-18,,Active,True,2025-06-18 12:47:36,2025-06-18 12:47:36
688,570,1,2024-12-10,2026-04-13,Cancelled,False,2024-12-10 02:04:01,2026-04-13 17:37:51
689,571,3,2024-04-05,2024-08-03,Cancelled,False,2024-04-05 05:19:45,2024-08-03 18:29:18
690,572,1,2025-05-26,2025-12-10,Cancelled,False,2025-05-26 07:51:07,2025-12-10 01:45:15
691,572,3,2025-12-22,,Active,False,2025-12-22 05:57:46,2025-12-22 05:57:46
692,573,2,2023-09-04,,Active,True,2023-09-04 06:18:38,2023-09-04 06:18:38
693,574,2,2023-07-29,,Active,True,2023-07-29 06:55:05,2023-07-29 06:55:05
694,575,1,2023-08-01,2025-02-11,Cancelled,False,2023-08-01 23:53:22,2025-02-11 12:08:46
695,575,2,2025-03-02,,Active,True,2025-03-02 10:22:13,2025-03-02 10:22:13
696,576,3,2023-11-16,2025-01-19,Cancelled,False,2023-11-16 22:25:49,2025-01-19 23:26:04
697,577,1,2024-06-11,,Active,False,2024-06-11 01:12:05,2024-06-11 01:12:05
698,578,4,2024-06-25,2025-08-22,Cancelled,False,2024-06-25 22:44:19,2025-08-22 16:35:10
699,579,3,2024-06-06,,Active,False,2024-06-06 17:46:10,2024-06-06 17:46:10
700,580,1,2024-08-06,,Active,True,2024-08-06 07:33:02,2024-08-06 07:33:02
701,581,3,2023-09-20,2024-09-26,Cancelled,False,2023-09-20 11:58:32,2024-09-26 12:03:11
702,581,1,2024-10-04,2025-01-10,Cancelled,False,2024-10-04 02:42:29,2025-01-10 15:40:40
703,582,1,2024-12-30,2025-06-24,Cancelled,False,2024-12-30 21:55:22,2025-06-24 09:02:02
704,582,3,2025-07-01,,Active,True,2025-07-01 05:38:48,2025-07-01 05:38:48
705,583,1,2024-08-27,2026-03-12,Cancelled,False,2024-08-27 14:34:26,2026-03-12 00:08:18
706,584,2,2025-06-04,,Active,True,2025-06-04 07:33:15,2025-06-04 07:33:15
707,585,2,2024-12-17,2026-02-04,Cancelled,False,2024-12-17 22:32:14,2026-02-04 06:34:42
708,585,3,2026-02-06,,Active,True,2026-02-06 17:17:11,2026-02-06 17:17:11
709,586,1,2025-04-13,2026-03-07,Cancelled,False,2025-04-13 13:22:23,2026-03-07 21:37:12
710,586,2,2026-03-16,,Active,False,2026-03-16 07:51:13,2026-03-16 07:51:13
711,587,1,2024-01-30,2026-01-04,Cancelled,False,2024-01-30 09:46:38,2026-01-04 06:04:25
712,588,2,2023-08-24,,Active,True,2023-08-24 00:38:45,2023-08-24 00:38:45
713,589,2,2024-05-11,2025-02-10,Cancelled,False,2024-05-11 04:36:30,2025-02-10 18:16:53
714,590,2,2024-10-29,2025-01-05,Cancelled,False,2024-10-29 13:08:03,2025-01-05 18:42:43
715,590,1,2025-01-18,2025-04-27,Cancelled,False,2025-01-18 17:51:39,2025-04-27 00:30:48
716,591,1,2025-08-02,,Active,True,2025-08-02 15:34:40,2025-08-02 15:34:40
717,592,1,2024-02-05,,Active,True,2024-02-05 10:41:10,2024-02-05 10:41:10
718,593,2,2024-06-23,,Active,True,2024-06-23 02:12:36,2024-06-23 02:12:36
719,594,3,2023-08-01,,Active,True,2023-08-01 10:05:25,2023-08-01 10:05:25
720,595,1,2024-01-21,2024-02-05,Cancelled,False,2024-01-21 02:47:37,2024-02-05 20:15:57
721,596,1,2024-03-27,2026-01-19,Cancelled,False,2024-03-27 14:19:55,2026-01-19 16:30:21
722,596,1,2026-01-31,,Active,True,2026-01-31 01:17:01,2026-01-31 01:17:01
723,597,1,2025-03-05,2025-04-19,Cancelled,False,2025-03-05 19:09:18,2025-04-19 22:21:57
724,598,3,2025-01-05,,Active,True,2025-01-05 09:15:56,2025-01-05 09:15:56
725,599,2,2024-04-03,,Active,False,2024-04-03 14:31:03,2024-04-03 14:31:03
726,600,3,2025-06-29,2025-11-08,Cancelled,False,2025-06-29 18:19:54,2025-11-08 09:48:58
727,601,3,2023-11-23,2026-02-05,Cancelled,False,2023-11-23 14:18:54,2026-02-05 18:12:36
728,602,1,2025-05-02,2025-11-19,Cancelled,False,2025-05-02 06:52:10,2025-11-19 05:51:03
729,603,3,2024-10-03,2025-03-06,Cancelled,False,2024-10-03 05:57:03,2025-03-06 19:17:39
730,604,1,2024-04-27,,Active,True,2024-04-27 21:33:09,2024-04-27 21:33:09
731,605,3,2025-06-12,2025-09-18,Cancelled,False,2025-06-12 13:52:44,2025-09-18 15:51:45
732,605,3,2025-09-28,,Active,True,2025-09-28 12:11:39,2025-09-28 12:11:39
733,606,1,2025-01-15,,Active,True,2025-01-15 05:20:53,2025-01-15 05:20:53
734,607,2,2024-12-18,,Active,True,2024-12-18 05:56:10,2024-12-18 05:56:10
735,608,2,2025-02-08,,Active,True,2025-02-08 16:53:53,2025-02-08 16:53:53
736,609,2,2025-03-27,2026-04-11,Cancelled,False,2025-03-27 16:10:55,2026-04-11 10:20:44
737,610,3,2025-07-11,,Active,False,2025-07-11 21:08:40,2025-07-11 21:08:40
738,611,2,2023-09-30,,Active,False,2023-09-30 03:27:35,2023-09-30 03:27:35
739,612,4,2024-06-21,,Active,True,2024-06-21 01:37:00,2024-06-21 01:37:00
740,613,2,2024-09-22,2026-03-14,Cancelled,False,2024-09-22 10:45:47,2026-03-14 23:43:21
741,613,1,2026-03-29,2026-05-02,Cancelled,False,2026-03-29 07:32:31,2026-05-02 20:44:06
742,614,1,2024-11-22,,Active,True,2024-11-22 20:57:47,2024-11-22 20:57:47
743,615,2,2024-01-10,,Active,False,2024-01-10 06:12:11,2024-01-10 06:12:11
744,616,2,2024-04-08,,Active,True,2024-04-08 17:48:42,2024-04-08 17:48:42
745,617,1,2024-07-08,,Active,False,2024-07-08 06:11:41,2024-07-08 06:11:41
746,618,2,2024-07-24,2025-10-06,Cancelled,False,2024-07-24 23:15:01,2025-10-06 21:06:57
747,619,2,2024-12-14,2026-01-13,Cancelled,False,2024-12-14 16:10:51,2026-01-13 12:35:57
748,620,1,2024-06-20,2026-04-29,Cancelled,False,2024-06-20 00:01:04,2026-04-29 18:23:51
749,620,2,2026-05-01,,Active,True,2026-05-01 11:38:08,2026-05-01 11:38:08
750,621,1,2024-08-14,,Active,True,2024-08-14 09:54:39,2024-08-14 09:54:39
751,622,2,2023-10-10,2025-07-24,Cancelled,False,2023-10-10 21:24:13,2025-07-24 15:32:09
752,623,1,2024-03-13,,Active,True,2024-03-13 15:49:55,2024-03-13 15:49:55
753,624,2,2024-01-09,,Active,True,2024-01-09 06:06:53,2024-01-09 06:06:53
754,625,1,2024-01-09,,Active,True,2024-01-09 05:25:26,2024-01-09 05:25:26
755,626,2,2025-06-02,2026-02-02,Cancelled,False,2025-06-02 03:05:25,2026-02-02 05:41:56
756,627,1,2023-11-18,,Active,True,2023-11-18 06:31:04,2023-11-18 06:31:04
757,628,1,2025-08-02,2026-05-20,Cancelled,False,2025-08-02 14:11:34,2026-05-20 15:55:21
758,629,3,2025-02-07,2025-02-27,Cancelled,False,2025-02-07 11:33:03,2025-02-27 20:12:58
759,630,2,2025-05-25,,Active,False,2025-05-25 16:03:33,2025-05-25 16:03:33
760,631,4,2023-12-01,,Active,True,2023-12-01 00:05:09,2023-12-01 00:05:09
761,632,2,2024-10-28,,Active,True,2024-10-28 21:14:24,2024-10-28 21:14:24
762,633,1,2025-02-03,2025-09-09,Cancelled,False,2025-02-03 13:16:09,2025-09-09 04:30:47
763,634,1,2025-04-30,2026-04-30,Cancelled,False,2025-04-30 03:45:17,2026-04-30 04:50:32
764,634,3,2026-05-01,,Active,False,2026-05-01 03:56:06,2026-05-01 03:56:06
765,635,2,2023-07-01,2025-09-09,Cancelled,False,2023-07-01 01:00:01,2025-09-09 07:41:36
766,636,2,2025-04-12,,Active,False,2025-04-12 03:49:37,2025-04-12 03:49:37
767,637,3,2024-01-30,,Active,True,2024-01-30 07:32:52,2024-01-30 07:32:52
768,638,3,2023-08-20,,Active,True,2023-08-20 06:02:45,2023-08-20 06:02:45
769,639,3,2024-12-25,,Active,True,2024-12-25 05:25:58,2024-12-25 05:25:58
770,640,2,2025-05-30,2025-08-24,Cancelled,False,2025-05-30 01:04:39,2025-08-24 12:44:14
771,640,1,2025-08-29,2026-01-03,Cancelled,False,2025-08-29 08:38:00,2026-01-03 05:03:51
772,641,2,2024-04-23,2025-02-23,Cancelled,False,2024-04-23 03:52:00,2025-02-23 10:47:00
773,641,3,2025-03-04,,Active,True,2025-03-04 13:11:28,2025-03-04 13:11:28
774,642,2,2024-10-13,,Active,False,2024-10-13 17:57:52,2024-10-13 17:57:52
775,643,2,2024-11-24,2025-04-17,Cancelled,False,2024-11-24 03:06:08,2025-04-17 07:13:08
776,644,2,2023-12-16,,Active,True,2023-12-16 12:09:00,2023-12-16 12:09:00
777,645,3,2024-12-24,2026-03-14,Cancelled,False,2024-12-24 15:26:37,2026-03-14 16:13:56
778,646,1,2025-03-07,2025-06-23,Cancelled,False,2025-03-07 12:10:34,2025-06-23 21:25:34
779,646,3,2025-07-01,,Active,True,2025-07-01 15:39:22,2025-07-01 15:39:22
780,647,1,2023-12-03,2024-01-15,Cancelled,False,2023-12-03 06:05:49,2024-01-15 21:29:56
781,648,1,2025-03-04,2025-12-15,Cancelled,False,2025-03-04 03:27:34,2025-12-15 22:43:58
782,648,1,2025-12-26,,Active,True,2025-12-26 20:16:56,2025-12-26 20:16:56
783,649,2,2024-10-03,,Active,True,2024-10-03 23:19:47,2024-10-03 23:19:47
784,650,1,2024-04-25,2024-08-26,Cancelled,False,2024-04-25 01:59:24,2024-08-26 07:43:35
785,651,2,2024-09-13,2025-03-17,Cancelled,False,2024-09-13 03:46:05,2025-03-17 22:44:04
786,651,4,2025-03-24,2026-04-10,Cancelled,False,2025-03-24 23:12:59,2026-04-10 02:36:01
787,652,2,2025-06-21,2026-04-12,Cancelled,False,2025-06-21 08:45:08,2026-04-12 15:20:09
788,652,3,2026-04-22,,Active,True,2026-04-22 02:49:43,2026-04-22 02:49:43
789,653,2,2023-08-10,,Active,True,2023-08-10 20:27:03,2023-08-10 20:27:03
790,654,3,2024-03-23,,Active,True,2024-03-23 17:59:50,2024-03-23 17:59:50
791,655,3,2023-10-16,,Active,False,2023-10-16 01:20:02,2023-10-16 01:20:02
792,656,1,2024-02-12,2025-02-05,Cancelled,False,2024-02-12 03:31:28,2025-02-05 10:12:35
793,657,1,2025-01-09,2026-01-14,Cancelled,False,2025-01-09 23:02:33,2026-01-14 15:00:53
794,657,1,2026-01-22,2026-04-26,Cancelled,False,2026-01-22 06:16:25,2026-04-26 21:22:28
795,658,1,2023-08-25,,Active,True,2023-08-25 20:04:53,2023-08-25 20:04:53
796,659,2,2023-09-30,,Active,False,2023-09-30 17:24:33,2023-09-30 17:24:33
797,660,1,2023-11-29,2024-11-26,Cancelled,False,2023-11-29 15:27:13,2024-11-26 19:06:04
798,661,1,2023-12-09,,Active,False,2023-12-09 09:21:35,2023-12-09 09:21:35
799,662,1,2024-07-31,,Active,True,2024-07-31 22:10:37,2024-07-31 22:10:37
800,663,2,2024-04-20,2026-01-17,Cancelled,False,2024-04-20 08:28:55,2026-01-17 04:26:45
801,664,1,2024-07-09,,Active,True,2024-07-09 15:39:16,2024-07-09 15:39:16
802,665,1,2025-06-05,2025-10-12,Cancelled,False,2025-06-05 00:12:26,2025-10-12 09:32:23
803,665,1,2025-11-01,,Active,True,2025-11-01 14:36:22,2025-11-01 14:36:22
804,666,1,2023-09-18,,Active,True,2023-09-18 10:50:35,2023-09-18 10:50:35
805,667,1,2024-01-29,,Active,True,2024-01-29 15:24:27,2024-01-29 15:24:27
806,668,1,2024-01-12,,Active,True,2024-01-12 02:17:48,2024-01-12 02:17:48
807,669,3,2025-04-06,2026-04-15,Cancelled,False,2025-04-06 22:32:32,2026-04-15 20:20:21
808,669,2,2026-04-17,,Active,True,2026-04-17 17:57:24,2026-04-17 17:57:24
809,670,2,2024-12-17,2026-04-12,Cancelled,False,2024-12-17 13:08:12,2026-04-12 03:33:11
810,670,3,2026-04-17,2026-05-30,Cancelled,False,2026-04-17 07:02:13,2026-05-30 19:36:36
811,671,2,2025-03-14,2025-08-12,Cancelled,False,2025-03-14 14:35:21,2025-08-12 04:14:53
812,671,3,2025-08-18,2025-12-11,Cancelled,False,2025-08-18 22:12:20,2025-12-11 11:31:52
813,672,1,2024-10-09,,Active,False,2024-10-09 05:25:38,2024-10-09 05:25:38
814,673,3,2023-12-18,2024-05-31,Cancelled,False,2023-12-18 01:08:09,2024-05-31 08:56:59
815,674,4,2024-07-03,,Active,False,2024-07-03 01:58:34,2024-07-03 01:58:34
816,675,1,2024-05-23,,Active,True,2024-05-23 15:41:31,2024-05-23 15:41:31
817,676,2,2024-09-07,,Active,False,2024-09-07 10:51:24,2024-09-07 10:51:24
818,677,1,2024-06-13,,Active,True,2024-06-13 14:16:53,2024-06-13 14:16:53
819,678,2,2025-01-10,,Active,True,2025-01-10 00:01:29,2025-01-10 00:01:29
820,679,2,2023-12-16,2024-11-01,Cancelled,False,2023-12-16 12:34:33,2024-11-01 22:10:30
821,680,3,2024-12-24,,Active,True,2024-12-24 10:41:14,2024-12-24 10:41:14
822,681,1,2024-03-06,,Active,True,2024-03-06 02:22:41,2024-03-06 02:22:41
823,682,1,2023-12-23,,Active,True,2023-12-23 06:59:06,2023-12-23 06:59:06
824,683,3,2024-01-06,2026-04-01,Cancelled,False,2024-01-06 05:28:58,2026-04-01 09:31:41
825,683,1,2026-04-03,2026-04-19,Cancelled,False,2026-04-03 09:53:43,2026-04-19 15:15:32
826,684,1,2025-06-23,2026-03-31,Cancelled,False,2025-06-23 10:57:28,2026-03-31 20:21:28
827,685,1,2023-08-08,2025-04-01,Cancelled,False,2023-08-08 13:12:44,2025-04-01 10:28:12
828,685,1,2025-04-06,,Active,False,2025-04-06 16:57:36,2025-04-06 16:57:36
829,686,2,2023-12-22,2024-10-21,Cancelled,False,2023-12-22 18:46:16,2024-10-21 00:01:46
830,687,2,2024-07-10,2025-07-19,Cancelled,False,2024-07-10 15:36:07,2025-07-19 23:39:24
831,688,2,2024-01-24,,Active,True,2024-01-24 17:40:06,2024-01-24 17:40:06
832,689,4,2025-01-15,,Active,True,2025-01-15 20:26:03,2025-01-15 20:26:03
833,690,2,2023-10-30,2026-04-14,Cancelled,False,2023-10-30 15:28:42,2026-04-14 07:40:10
834,690,2,2026-04-19,2026-05-17,Cancelled,False,2026-04-19 22:23:30,2026-05-17 11:09:12
835,691,1,2024-12-18,2026-03-01,Cancelled,False,2024-12-18 19:17:33,2026-03-01 01:09:55
836,691,2,2026-03-05,,Active,True,2026-03-05 00:20:07,2026-03-05 00:20:07
837,692,2,2024-12-03,2025-08-22,Cancelled,False,2024-12-03 10:45:45,2025-08-22 12:09:28
838,693,3,2023-08-21,,Active,True,2023-08-21 13:22:28,2023-08-21 13:22:28
839,694,2,2024-04-27,2024-08-24,Cancelled,False,2024-04-27 19:31:57,2024-08-24 10:02:09
840,695,2,2025-02-07,,Active,True,2025-02-07 03:56:11,2025-02-07 03:56:11
841,696,1,2024-04-06,,Active,True,2024-04-06 03:31:45,2024-04-06 03:31:45
842,697,2,2024-06-20,2025-12-24,Cancelled,False,2024-06-20 20:19:13,2025-12-24 15:31:30
843,697,1,2026-01-03,2026-05-13,Cancelled,False,2026-01-03 03:54:30,2026-05-13 18:59:49
844,698,4,2024-11-26,2026-03-27,Cancelled,False,2024-11-26 10:44:05,2026-03-27 13:04:56
845,699,3,2024-08-27,,Active,False,2024-08-27 06:42:14,2024-08-27 06:42:14
846,700,1,2025-02-18,,Active,False,2025-02-18 03:05:45,2025-02-18 03:05:45
847,701,1,2024-02-10,2026-04-30,Cancelled,False,2024-02-10 12:24:49,2026-04-30 03:20:07
848,701,2,2026-05-01,2026-05-30,Cancelled,False,2026-05-01 00:11:26,2026-05-30 13:18:54
849,702,3,2024-09-29,2025-07-10,Cancelled,False,2024-09-29 03:19:02,2025-07-10 20:53:20
850,702,2,2025-07-22,,Active,True,2025-07-22 22:29:13,2025-07-22 22:29:13
851,703,1,2025-05-18,2025-08-30,Cancelled,False,2025-05-18 14:27:56,2025-08-30 23:31:51
852,703,3,2025-09-03,,Active,True,2025-09-03 06:24:25,2025-09-03 06:24:25
853,704,1,2024-03-12,,Active,True,2024-03-12 02:48:39,2024-03-12 02:48:39
854,705,3,2025-06-23,,Active,True,2025-06-23 09:49:05,2025-06-23 09:49:05
855,706,2,2025-01-19,2026-01-26,Cancelled,False,2025-01-19 01:32:02,2026-01-26 07:57:29
856,706,3,2026-02-04,,Active,True,2026-02-04 13:02:11,2026-02-04 13:02:11
857,707,2,2023-08-07,,Active,True,2023-08-07 04:07:53,2023-08-07 04:07:53
858,708,1,2025-06-14,2025-09-27,Cancelled,False,2025-06-14 13:41:58,2025-09-27 08:54:04
859,708,1,2025-10-13,,Active,True,2025-10-13 07:21:37,2025-10-13 07:21:37
860,709,2,2024-07-17,2025-02-16,Cancelled,False,2024-07-17 10:51:38,2025-02-16 14:15:30
861,709,1,2025-02-24,,Active,True,2025-02-24 06:59:00,2025-02-24 06:59:00
862,710,1,2023-07-02,,Active,True,2023-07-02 16:07:28,2023-07-02 16:07:28
863,711,1,2024-10-27,,Active,True,2024-10-27 23:30:39,2024-10-27 23:30:39
864,712,2,2024-12-12,2025-04-27,Cancelled,False,2024-12-12 06:11:42,2025-04-27 07:45:42
865,713,3,2023-10-25,,Active,False,2023-10-25 12:10:37,2023-10-25 12:10:37
866,714,1,2024-08-03,,Active,True,2024-08-03 23:48:07,2024-08-03 23:48:07
867,715,4,2024-10-23,2026-03-11,Cancelled,False,2024-10-23 11:20:13,2026-03-11 02:54:56
868,716,1,2023-10-20,,Active,False,2023-10-20 04:25:31,2023-10-20 04:25:31
869,717,2,2024-12-16,2025-09-02,Cancelled,False,2024-12-16 13:39:53,2025-09-02 07:33:02
870,718,3,2024-05-06,2026-04-12,Cancelled,False,2024-05-06 16:11:36,2026-04-12 08:02:33
871,718,4,2026-04-27,,Active,True,2026-04-27 22:29:37,2026-04-27 22:29:37
872,719,1,2024-08-15,2025-07-27,Cancelled,False,2024-08-15 01:05:32,2025-07-27 16:00:47
873,719,2,2025-08-01,,Active,False,2025-08-01 00:12:14,2025-08-01 00:12:14
874,720,1,2023-11-22,,Active,True,2023-11-22 16:57:00,2023-11-22 16:57:00
875,721,3,2024-02-08,,Active,True,2024-02-08 08:21:44,2024-02-08 08:21:44
876,722,1,2023-08-27,,Active,True,2023-08-27 15:48:55,2023-08-27 15:48:55
877,723,1,2024-04-21,2026-03-23,Cancelled,False,2024-04-21 14:09:55,2026-03-23 02:27:23
878,723,1,2026-04-07,,Active,True,2026-04-07 12:56:37,2026-04-07 12:56:37
879,724,4,2025-04-13,,Active,True,2025-04-13 18:41:57,2025-04-13 18:41:57
880,725,1,2024-01-03,,Active,True,2024-01-03 10:23:56,2024-01-03 10:23:56
881,726,1,2025-04-07,,Active,True,2025-04-07 01:43:43,2025-04-07 01:43:43
882,727,1,2023-12-28,2026-05-15,Cancelled,False,2023-12-28 18:59:03,2026-05-15 06:05:15
883,728,3,2024-02-28,,Active,True,2024-02-28 00:07:58,2024-02-28 00:07:58
884,729,1,2025-08-05,2026-02-06,Cancelled,False,2025-08-05 21:39:00,2026-02-06 22:57:59
885,729,2,2026-02-13,,Active,False,2026-02-13 06:38:29,2026-02-13 06:38:29
886,730,3,2025-07-05,,Active,True,2025-07-05 06:57:10,2025-07-05 06:57:10
887,731,2,2025-05-24,2025-09-05,Cancelled,False,2025-05-24 21:09:09,2025-09-05 03:34:43
888,731,1,2025-09-23,2026-01-20,Cancelled,False,2025-09-23 03:57:27,2026-01-20 22:09:41
889,732,1,2023-12-03,,Active,True,2023-12-03 23:05:31,2023-12-03 23:05:31
890,733,1,2024-04-24,,Active,True,2024-04-24 22:23:33,2024-04-24 22:23:33
891,734,2,2024-11-09,2025-04-27,Cancelled,False,2024-11-09 13:55:50,2025-04-27 13:40:45
892,735,3,2024-04-01,,Active,True,2024-04-01 14:33:00,2024-04-01 14:33:00
893,736,3,2025-03-16,,Active,True,2025-03-16 10:39:36,2025-03-16 10:39:36
894,737,1,2025-04-14,2025-10-09,Cancelled,False,2025-04-14 11:57:35,2025-10-09 04:29:25
895,737,3,2025-10-27,,Active,False,2025-10-27 00:03:55,2025-10-27 00:03:55
896,738,2,2024-08-13,2025-01-31,Cancelled,False,2024-08-13 06:11:12,2025-01-31 04:40:52
897,738,2,2025-02-07,,Active,True,2025-02-07 12:04:19,2025-02-07 12:04:19
898,739,1,2024-01-27,2025-08-19,Cancelled,False,2024-01-27 14:14:53,2025-08-19 09:35:05
899,739,1,2025-09-03,2026-03-28,Cancelled,False,2025-09-03 00:15:22,2026-03-28 00:33:10
900,740,3,2024-08-22,,Active,False,2024-08-22 03:07:19,2024-08-22 03:07:19
901,741,4,2025-07-03,2025-09-17,Cancelled,False,2025-07-03 19:29:09,2025-09-17 11:42:32
902,742,2,2024-07-29,2026-01-14,Cancelled,False,2024-07-29 10:02:11,2026-01-14 09:04:49
903,742,3,2026-01-27,,Active,True,2026-01-27 06:20:41,2026-01-27 06:20:41
904,743,4,2025-06-09,2026-03-17,Cancelled,False,2025-06-09 19:30:29,2026-03-17 21:05:20
905,743,4,2026-03-25,,Active,False,2026-03-25 08:19:39,2026-03-25 08:19:39
906,744,3,2024-01-05,,Active,True,2024-01-05 20:38:53,2024-01-05 20:38:53
907,745,2,2023-10-16,2026-04-26,Cancelled,False,2023-10-16 00:23:37,2026-04-26 02:17:01
908,746,3,2024-02-19,2025-12-09,Cancelled,False,2024-02-19 10:16:31,2025-12-09 08:00:02
909,746,1,2025-12-16,,Active,False,2025-12-16 05:37:01,2025-12-16 05:37:01
910,747,3,2023-09-24,,Active,False,2023-09-24 10:00:46,2023-09-24 10:00:46
911,748,2,2024-04-10,2024-11-06,Cancelled,False,2024-04-10 10:35:09,2024-11-06 08:51:39
912,748,3,2024-11-20,,Active,True,2024-11-20 07:00:22,2024-11-20 07:00:22
913,749,3,2024-09-14,,Active,True,2024-09-14 15:53:19,2024-09-14 15:53:19
914,750,1,2024-08-16,2025-03-05,Cancelled,False,2024-08-16 08:41:15,2025-03-05 16:24:35
915,750,1,2025-03-24,,Active,True,2025-03-24 13:17:15,2025-03-24 13:17:15
916,751,1,2025-04-14,2025-10-03,Cancelled,False,2025-04-14 03:13:25,2025-10-03 12:52:22
917,752,1,2023-12-30,2024-12-19,Cancelled,False,2023-12-30 18:08:19,2024-12-19 20:39:22
918,753,2,2025-06-25,2025-10-13,Cancelled,False,2025-06-25 18:37:55,2025-10-13 20:36:28
919,754,1,2025-07-08,,Active,True,2025-07-08 20:19:36,2025-07-08 20:19:36
920,755,3,2025-01-21,,Active,True,2025-01-21 02:40:14,2025-01-21 02:40:14
921,756,2,2025-06-17,2025-09-18,Cancelled,False,2025-06-17 07:23:42,2025-09-18 05:22:25
922,757,2,2023-09-23,,Active,True,2023-09-23 05:58:45,2023-09-23 05:58:45
923,758,1,2024-09-18,,Active,True,2024-09-18 04:39:23,2024-09-18 04:39:23
924,759,4,2024-07-13,2026-02-07,Cancelled,False,2024-07-13 00:31:30,2026-02-07 12:44:01
925,760,2,2024-12-10,2025-04-12,Cancelled,False,2024-12-10 02:26:25,2025-04-12 11:21:07
926,760,3,2025-04-21,,Active,True,2025-04-21 03:58:03,2025-04-21 03:58:03
927,761,2,2024-05-18,,Active,True,2024-05-18 11:39:04,2024-05-18 11:39:04
928,762,4,2025-01-14,,Active,True,2025-01-14 14:27:54,2025-01-14 14:27:54
929,763,2,2024-01-29,,Active,True,2024-01-29 11:43:16,2024-01-29 11:43:16
930,764,2,2025-05-17,2026-04-06,Cancelled,False,2025-05-17 12:46:14,2026-04-06 18:20:23
931,764,3,2026-04-21,,Active,False,2026-04-21 11:29:14,2026-04-21 11:29:14
932,765,3,2025-02-27,,Active,False,2025-02-27 15:14:19,2025-02-27 15:14:19
933,766,1,2025-07-10,2026-02-13,Cancelled,False,2025-07-10 11:38:29,2026-02-13 05:03:13
934,766,1,2026-02-18,,Active,True,2026-02-18 02:55:03,2026-02-18 02:55:03
935,767,3,2024-04-18,2024-12-29,Cancelled,False,2024-04-18 19:37:05,2024-12-29 01:17:14
936,767,4,2025-01-15,,Active,True,2025-01-15 08:20:12,2025-01-15 08:20:12
937,768,4,2023-07-25,2023-10-07,Cancelled,False,2023-07-25 11:00:33,2023-10-07 04:11:07
938,768,1,2023-10-19,,Active,True,2023-10-19 07:08:58,2023-10-19 07:08:58
939,769,2,2024-04-29,2025-07-01,Cancelled,False,2024-04-29 12:57:08,2025-07-01 17:40:57
940,770,2,2025-07-02,2025-08-01,Cancelled,False,2025-07-02 15:16:26,2025-08-01 17:35:21
941,770,1,2025-08-05,2025-10-17,Cancelled,False,2025-08-05 22:26:31,2025-10-17 18:17:50
942,771,2,2025-05-26,,Active,True,2025-05-26 17:57:03,2025-05-26 17:57:03
943,772,2,2023-07-08,,Active,True,2023-07-08 20:48:31,2023-07-08 20:48:31
944,773,2,2025-04-02,2026-03-20,Cancelled,False,2025-04-02 01:41:40,2026-03-20 03:38:55
945,774,3,2023-10-17,,Active,False,2023-10-17 11:29:19,2023-10-17 11:29:19
946,775,2,2025-06-04,,Active,True,2025-06-04 13:45:11,2025-06-04 13:45:11
947,776,3,2024-03-04,2026-04-12,Cancelled,False,2024-03-04 19:48:37,2026-04-12 16:13:15
948,777,3,2024-02-24,,Active,True,2024-02-24 07:31:46,2024-02-24 07:31:46
949,778,1,2024-08-01,,Active,False,2024-08-01 00:47:07,2024-08-01 00:47:07
950,779,1,2024-02-28,,Active,False,2024-02-28 11:18:41,2024-02-28 11:18:41
951,780,1,2025-06-16,2026-03-23,Cancelled,False,2025-06-16 12:52:48,2026-03-23 11:17:06
952,781,1,2023-08-26,,Active,True,2023-08-26 05:34:25,2023-08-26 05:34:25
953,782,3,2024-12-24,2025-07-21,Cancelled,False,2024-12-24 05:36:27,2025-07-21 03:20:29
954,783,1,2023-07-03,,Active,True,2023-07-03 19:45:35,2023-07-03 19:45:35
955,784,1,2024-06-24,2024-08-25,Cancelled,False,2024-06-24 15:04:42,2024-08-25 21:45:45
956,785,2,2024-05-28,,Active,True,2024-05-28 06:38:44,2024-05-28 06:38:44
957,786,3,2023-06-14,,Active,False,2023-06-14 05:16:22,2023-06-14 05:16:22
958,787,3,2024-02-15,,Active,True,2024-02-15 21:09:13,2024-02-15 21:09:13
959,788,1,2024-07-02,,Active,False,2024-07-02 18:48:19,2024-07-02 18:48:19
960,789,2,2024-09-04,,Active,True,2024-09-04 22:38:34,2024-09-04 22:38:34
961,790,1,2025-02-21,,Active,True,2025-02-21 15:43:38,2025-02-21 15:43:38
962,791,2,2023-11-27,,Active,True,2023-11-27 00:14:28,2023-11-27 00:14:28
963,792,1,2025-01-14,,Active,True,2025-01-14 22:25:34,2025-01-14 22:25:34
964,793,2,2024-10-21,,Active,True,2024-10-21 17:53:46,2024-10-21 17:53:46
965,794,4,2025-04-05,,Active,False,2025-04-05 14:19:17,2025-04-05 14:19:17
966,795,2,2025-01-24,,Active,True,2025-01-24 10:02:06,2025-01-24 10:02:06
967,796,1,2025-08-01,2025-12-07,Cancelled,False,2025-08-01 20:31:20,2025-12-07 20:53:45
968,796,2,2025-12-17,2026-02-18,Cancelled,False,2025-12-17 05:11:27,2026-02-18 03:52:54
969,797,3,2024-04-29,,Active,True,2024-04-29 17:09:25,2024-04-29 17:09:25
970,798,3,2025-05-06,2026-01-10,Cancelled,False,2025-05-06 04:41:38,2026-01-10 17:55:27
971,798,3,2026-01-26,,Active,False,2026-01-26 09:34:21,2026-01-26 09:34:21
972,799,2,2023-10-15,,Active,True,2023-10-15 13:23:28,2023-10-15 13:23:28
973,800,4,2025-04-04,,Active,True,2025-04-04 12:08:00,2025-04-04 12:08:00
974,801,2,2023-10-01,2025-03-13,Cancelled,False,2023-10-01 01:04:01,2025-03-13 10:58:18
975,802,1,2024-05-04,2025-10-28,Cancelled,False,2024-05-04 01:51:33,2025-10-28 06:57:39
976,803,1,2024-12-19,,Active,True,2024-12-19 23:27:51,2024-12-19 23:27:51
977,804,2,2025-05-27,,Active,True,2025-05-27 13:21:09,2025-05-27 13:21:09
978,805,2,2025-02-07,,Active,True,2025-02-07 23:05:06,2025-02-07 23:05:06
979,806,2,2024-11-30,2025-02-21,Cancelled,False,2024-11-30 16:18:47,2025-02-21 07:40:50
980,806,1,2025-03-09,,Active,True,2025-03-09 10:29:34,2025-03-09 10:29:34
981,807,3,2023-08-18,,Active,True,2023-08-18 20:05:43,2023-08-18 20:05:43
982,808,4,2025-04-07,,Active,True,2025-04-07 11:28:35,2025-04-07 11:28:35
983,809,3,2024-05-27,2025-05-18,Cancelled,False,2024-05-27 01:04:13,2025-05-18 00:07:32
984,809,2,2025-06-03,,Active,False,2025-06-03 14:29:07,2025-06-03 14:29:07
985,810,2,2024-05-03,,Active,True,2024-05-03 00:50:41,2024-05-03 00:50:41
986,811,3,2023-06-21,,Active,True,2023-06-21 09:43:47,2023-06-21 09:43:47
987,812,2,2023-12-06,,Active,True,2023-12-06 11:47:29,2023-12-06 11:47:29
988,813,3,2024-02-03,2025-02-24,Cancelled,False,2024-02-03 19:08:56,2025-02-24 20:48:43
989,814,1,2024-10-19,2025-01-27,Cancelled,False,2024-10-19 01:41:52,2025-01-27 05:06:52
990,814,2,2025-02-06,2026-05-22,Cancelled,False,2025-02-06 20:48:21,2026-05-22 21:49:30
991,815,2,2024-08-19,2025-06-05,Cancelled,False,2024-08-19 11:09:25,2025-06-05 14:45:41
992,816,2,2025-06-21,2026-02-09,Cancelled,False,2025-06-21 19:58:01,2026-02-09 01:31:39
993,817,1,2025-04-24,,Active,True,2025-04-24 05:02:15,2025-04-24 05:02:15
994,818,1,2024-05-09,,Active,True,2024-05-09 22:10:58,2024-05-09 22:10:58
995,819,1,2025-08-01,2026-04-14,Cancelled,False,2025-08-01 13:46:19,2026-04-14 22:40:56
996,820,1,2023-09-01,,Active,True,2023-09-01 08:36:40,2023-09-01 08:36:40
997,821,4,2024-08-26,2025-02-25,Cancelled,False,2024-08-26 20:53:37,2025-02-25 09:34:51
998,822,4,2024-10-24,2025-05-03,Cancelled,False,2024-10-24 06:05:43,2025-05-03 05:33:36
999,822,2,2025-05-08,,Active,True,2025-05-08 12:15:56,2025-05-08 12:15:56
1000,823,3,2023-09-19,,Active,True,2023-09-19 16:06:56,2023-09-19 16:06:56
1001,824,3,2024-11-19,2025-09-25,Cancelled,False,2024-11-19 13:05:25,2025-09-25 07:27:49
1002,824,1,2025-10-15,,Active,True,2025-10-15 17:57:18,2025-10-15 17:57:18
1003,825,3,2023-09-02,2025-12-31,Cancelled,False,2023-09-02 09:50:31,2025-12-31 12:12:53
1004,826,4,2023-09-18,,Active,False,2023-09-18 15:47:57,2023-09-18 15:47:57
1005,827,3,2024-03-09,,Active,True,2024-03-09 18:29:48,2024-03-09 18:29:48
1006,828,1,2025-06-12,,Active,False,2025-06-12 22:03:47,2025-06-12 22:03:47
1007,829,2,2024-01-24,2024-09-06,Cancelled,False,2024-01-24 09:51:42,2024-09-06 15:14:58
1008,830,2,2023-07-31,,Active,False,2023-07-31 22:55:13,2023-07-31 22:55:13
1009,831,3,2024-06-30,,Active,True,2024-06-30 20:31:05,2024-06-30 20:31:05
1010,832,2,2025-07-29,,Active,True,2025-07-29 11:31:27,2025-07-29 11:31:27
1011,833,2,2025-07-03,2026-02-03,Cancelled,False,2025-07-03 06:24:08,2026-02-03 17:55:00
1012,834,3,2024-03-12,,Active,False,2024-03-12 12:12:21,2024-03-12 12:12:21
1013,835,3,2024-01-12,2025-12-17,Cancelled,False,2024-01-12 06:17:33,2025-12-17 11:49:26
1014,836,3,2023-10-29,,Active,False,2023-10-29 01:25:07,2023-10-29 01:25:07
1015,837,1,2025-02-02,2025-12-26,Cancelled,False,2025-02-02 18:00:40,2025-12-26 17:04:00
1016,838,3,2024-03-31,2024-06-03,Cancelled,False,2024-03-31 09:13:31,2024-06-03 20:12:38
1017,839,1,2025-05-09,,Active,False,2025-05-09 07:03:13,2025-05-09 07:03:13
1018,840,3,2025-01-27,,Active,True,2025-01-27 00:27:25,2025-01-27 00:27:25
1019,841,4,2025-03-25,,Active,True,2025-03-25 04:28:30,2025-03-25 04:28:30
1020,842,4,2024-08-03,2026-03-28,Cancelled,False,2024-08-03 22:47:37,2026-03-28 08:33:09
1021,843,1,2025-03-13,2026-01-04,Cancelled,False,2025-03-13 00:06:00,2026-01-04 11:29:02
1022,844,3,2024-02-06,2025-12-20,Cancelled,False,2024-02-06 05:27:32,2025-12-20 01:52:04
1023,845,4,2024-06-12,2025-04-19,Cancelled,False,2024-06-12 16:17:18,2025-04-19 08:08:57
1024,846,1,2024-09-30,,Active,False,2024-09-30 01:28:53,2024-09-30 01:28:53
1025,847,1,2024-04-15,,Active,False,2024-04-15 08:14:11,2024-04-15 08:14:11
1026,848,3,2023-07-28,,Active,True,2023-07-28 06:08:02,2023-07-28 06:08:02
1027,849,4,2024-04-22,,Active,False,2024-04-22 09:49:23,2024-04-22 09:49:23
1028,850,1,2025-06-12,,Active,True,2025-06-12 14:56:10,2025-06-12 14:56:10
1029,851,1,2023-10-12,2025-01-23,Cancelled,False,2023-10-12 14:07:54,2025-01-23 10:26:39
1030,851,2,2025-01-26,,Active,True,2025-01-26 11:50:05,2025-01-26 11:50:05
1031,852,3,2024-09-09,,Active,True,2024-09-09 05:51:03,2024-09-09 05:51:03
1032,853,3,2023-07-12,,Active,False,2023-07-12 01:56:35,2023-07-12 01:56:35
1033,854,4,2024-01-27,2024-05-24,Cancelled,False,2024-01-27 04:22:06,2024-05-24 15:44:43
1034,854,1,2024-06-03,2025-12-16,Cancelled,False,2024-06-03 16:57:22,2025-12-16 05:42:28
1035,855,1,2024-05-05,2026-01-08,Cancelled,False,2024-05-05 04:27:39,2026-01-08 07:47:53
1036,855,3,2026-01-16,2026-03-03,Cancelled,False,2026-01-16 21:33:57,2026-03-03 16:46:35
1037,856,4,2025-02-22,2026-04-18,Cancelled,False,2025-02-22 00:14:34,2026-04-18 00:45:41
1038,856,1,2026-04-24,,Active,True,2026-04-24 11:29:39,2026-04-24 11:29:39
1039,857,1,2024-10-05,,Active,True,2024-10-05 18:48:26,2024-10-05 18:48:26
1040,858,1,2025-05-22,,Active,True,2025-05-22 21:50:35,2025-05-22 21:50:35
1041,859,4,2024-02-24,2024-08-24,Cancelled,False,2024-02-24 19:40:47,2024-08-24 00:05:16
1042,859,1,2024-08-27,,Active,True,2024-08-27 18:41:14,2024-08-27 18:41:14
1043,860,2,2023-12-26,2024-09-30,Cancelled,False,2023-12-26 18:30:54,2024-09-30 18:20:12
1044,860,3,2024-10-01,2026-03-05,Cancelled,False,2024-10-01 05:41:15,2026-03-05 10:32:10
1045,861,1,2023-09-01,,Active,True,2023-09-01 07:05:59,2023-09-01 07:05:59
1046,862,1,2025-07-07,,Active,True,2025-07-07 11:47:30,2025-07-07 11:47:30
1047,863,2,2025-01-27,2025-08-17,Cancelled,False,2025-01-27 18:51:46,2025-08-17 05:35:00
1048,863,2,2025-08-22,,Active,False,2025-08-22 12:36:02,2025-08-22 12:36:02
1049,864,3,2024-07-13,,Active,True,2024-07-13 04:44:19,2024-07-13 04:44:19
1050,865,2,2024-08-22,2024-11-23,Cancelled,False,2024-08-22 22:30:46,2024-11-23 23:41:11
1051,865,1,2024-12-06,,Active,False,2024-12-06 00:58:56,2024-12-06 00:58:56
1052,866,2,2024-08-24,2025-01-05,Cancelled,False,2024-08-24 00:31:13,2025-01-05 07:40:54
1053,867,1,2023-09-07,2024-11-15,Cancelled,False,2023-09-07 05:01:03,2024-11-15 03:12:59
1054,868,2,2024-12-03,,Active,True,2024-12-03 18:44:42,2024-12-03 18:44:42
1055,869,3,2024-10-03,2025-02-27,Cancelled,False,2024-10-03 01:01:06,2025-02-27 07:00:04
1056,870,1,2024-03-30,,Active,False,2024-03-30 23:21:14,2024-03-30 23:21:14
1057,871,2,2024-01-02,2024-10-23,Cancelled,False,2024-01-02 02:48:49,2024-10-23 01:14:13
1058,872,1,2023-08-08,,Active,False,2023-08-08 10:50:36,2023-08-08 10:50:36
1059,873,4,2025-06-07,,Active,True,2025-06-07 13:51:24,2025-06-07 13:51:24
1060,874,1,2024-01-30,2025-12-24,Cancelled,False,2024-01-30 00:24:08,2025-12-24 05:39:14
1061,874,4,2026-01-05,2026-06-01,Cancelled,False,2026-01-05 17:26:55,2026-06-01 07:00:09
1062,875,4,2024-01-04,,Active,False,2024-01-04 21:54:32,2024-01-04 21:54:32
1063,876,3,2025-04-29,2026-01-08,Cancelled,False,2025-04-29 20:06:06,2026-01-08 13:54:35
1064,877,1,2024-09-26,2025-02-26,Cancelled,False,2024-09-26 02:18:40,2025-02-26 12:03:57
1065,878,2,2024-03-01,,Active,True,2024-03-01 15:52:25,2024-03-01 15:52:25
1066,879,2,2023-11-09,,Active,False,2023-11-09 01:14:56,2023-11-09 01:14:56
1067,880,3,2024-12-23,2025-11-03,Cancelled,False,2024-12-23 04:24:22,2025-11-03 01:07:37
1068,880,2,2025-11-23,,Active,False,2025-11-23 12:26:33,2025-11-23 12:26:33
1069,881,2,2023-06-21,2025-07-12,Cancelled,False,2023-06-21 01:18:23,2025-07-12 13:04:51
1070,882,3,2024-03-11,2025-09-16,Cancelled,False,2024-03-11 04:02:21,2025-09-16 08:46:35
1071,882,1,2025-10-02,,Active,False,2025-10-02 02:43:35,2025-10-02 02:43:35
1072,883,2,2025-06-01,,Active,True,2025-06-01 00:51:08,2025-06-01 00:51:08
1073,884,1,2025-01-18,,Active,False,2025-01-18 00:36:15,2025-01-18 00:36:15
1074,885,1,2025-04-24,,Active,True,2025-04-24 02:46:40,2025-04-24 02:46:40
1075,886,2,2025-06-07,,Active,True,2025-06-07 03:14:50,2025-06-07 03:14:50
1076,887,2,2025-02-04,2025-03-30,Cancelled,False,2025-02-04 23:00:00,2025-03-30 04:22:30
1077,887,2,2025-04-13,,Active,False,2025-04-13 18:11:07,2025-04-13 18:11:07
1078,888,2,2023-08-29,2025-02-17,Cancelled,False,2023-08-29 16:13:43,2025-02-17 08:13:32
1079,888,4,2025-02-28,2025-07-01,Cancelled,False,2025-02-28 23:01:00,2025-07-01 21:36:19
1080,889,2,2025-06-10,2026-02-16,Cancelled,False,2025-06-10 19:52:24,2026-02-16 09:59:43
1081,889,2,2026-02-20,2026-05-18,Cancelled,False,2026-02-20 21:55:10,2026-05-18 15:55:40
1082,890,1,2025-06-25,2025-11-30,Cancelled,False,2025-06-25 21:52:56,2025-11-30 23:08:17
1083,890,1,2025-12-20,,Active,True,2025-12-20 21:46:35,2025-12-20 21:46:35
1084,891,2,2024-04-27,2026-04-26,Cancelled,False,2024-04-27 11:54:21,2026-04-26 03:26:56
1085,891,1,2026-04-29,,Active,True,2026-04-29 05:44:07,2026-04-29 05:44:07
1086,892,4,2024-11-11,,Active,True,2024-11-11 15:58:53,2024-11-11 15:58:53
1087,893,3,2025-04-14,2025-08-11,Cancelled,False,2025-04-14 03:24:10,2025-08-11 19:22:31
1088,894,1,2024-11-22,2025-09-02,Cancelled,False,2024-11-22 07:21:59,2025-09-02 12:57:13
1089,895,2,2024-12-25,,Active,True,2024-12-25 14:11:22,2024-12-25 14:11:22
1090,896,2,2023-12-01,,Active,True,2023-12-01 00:47:30,2023-12-01 00:47:30
1091,897,3,2025-04-22,,Active,True,2025-04-22 14:00:17,2025-04-22 14:00:17
1092,898,2,2024-11-22,,Active,True,2024-11-22 22:12:30,2024-11-22 22:12:30
1093,899,1,2025-07-18,,Active,True,2025-07-18 16:37:11,2025-07-18 16:37:11
1094,900,1,2023-10-13,2025-06-20,Cancelled,False,2023-10-13 23:05:22,2025-06-20 20:19:28
1095,901,3,2025-02-18,,Active,False,2025-02-18 23:21:57,2025-02-18 23:21:57
1096,902,4,2024-02-20,2025-07-28,Cancelled,False,2024-02-20 10:03:48,2025-07-28 13:36:07
1097,903,4,2024-07-05,2026-04-11,Cancelled,False,2024-07-05 10:33:30,2026-04-11 22:22:01
1098,904,2,2024-02-21,,Active,True,2024-02-21 09:21:52,2024-02-21 09:21:52
1099,905,1,2025-01-15,2025-12-15,Cancelled,False,2025-01-15 13:42:48,2025-12-15 02:49:56
1100,906,4,2023-10-23,2025-06-13,Cancelled,False,2023-10-23 03:03:33,2025-06-13 00:16:49
1101,907,1,2025-07-27,2025-09-24,Cancelled,False,2025-07-27 09:41:09,2025-09-24 17:55:41
1102,907,2,2025-10-10,,Active,True,2025-10-10 01:11:34,2025-10-10 01:11:34
1103,908,2,2025-01-13,,Active,True,2025-01-13 15:36:31,2025-01-13 15:36:31
1104,909,3,2025-01-03,,Active,True,2025-01-03 13:53:51,2025-01-03 13:53:51
1105,910,2,2025-07-12,2026-01-22,Cancelled,False,2025-07-12 03:24:47,2026-01-22 02:58:24
1106,910,3,2026-01-25,2026-03-24,Cancelled,False,2026-01-25 21:19:29,2026-03-24 01:10:15
1107,911,1,2023-09-06,2026-03-14,Cancelled,False,2023-09-06 19:10:26,2026-03-14 10:51:08
1108,912,4,2024-11-30,,Active,False,2024-11-30 16:08:08,2024-11-30 16:08:08
1109,913,2,2023-08-29,,Active,True,2023-08-29 23:08:19,2023-08-29 23:08:19
1110,914,3,2023-09-05,,Active,True,2023-09-05 06:39:51,2023-09-05 06:39:51
1111,915,1,2023-09-13,,Active,True,2023-09-13 14:42:30,2023-09-13 14:42:30
1112,916,1,2024-05-01,2024-11-14,Cancelled,False,2024-05-01 02:00:16,2024-11-14 04:55:08
1113,917,1,2025-05-10,,Active,True,2025-05-10 06:23:25,2025-05-10 06:23:25
1114,918,1,2025-05-18,,Active,False,2025-05-18 14:23:51,2025-05-18 14:23:51
1115,919,1,2024-03-11,,Active,True,2024-03-11 13:06:51,2024-03-11 13:06:51
1116,920,1,2025-07-13,2025-12-07,Cancelled,False,2025-07-13 10:50:32,2025-12-07 06:32:54
1117,921,4,2024-08-10,2026-04-01,Cancelled,False,2024-08-10 05:18:20,2026-04-01 18:07:36
1118,921,1,2026-04-09,,Active,False,2026-04-09 16:19:04,2026-04-09 16:19:04
1119,922,2,2024-01-14,2026-05-23,Cancelled,False,2024-01-14 14:15:39,2026-05-23 03:46:38
1120,923,2,2023-10-04,,Active,True,2023-10-04 00:35:18,2023-10-04 00:35:18
1121,924,2,2024-10-06,,Active,True,2024-10-06 18:25:44,2024-10-06 18:25:44
1122,925,1,2023-06-08,,Active,True,2023-06-08 11:12:54,2023-06-08 11:12:54
1123,926,2,2023-10-19,2024-08-27,Cancelled,False,2023-10-19 06:52:55,2024-08-27 02:41:26
1124,926,2,2024-09-15,,Active,True,2024-09-15 06:08:28,2024-09-15 06:08:28
1125,927,2,2023-12-08,2024-03-09,Cancelled,False,2023-12-08 05:20:32,2024-03-09 01:27:26
1126,927,3,2024-03-12,,Active,True,2024-03-12 05:53:50,2024-03-12 05:53:50
1127,928,2,2025-01-17,2025-02-27,Cancelled,False,2025-01-17 23:09:57,2025-02-27 07:33:48
1128,928,2,2025-03-13,,Active,False,2025-03-13 21:38:13,2025-03-13 21:38:13
1129,929,1,2024-03-07,,Active,True,2024-03-07 19:38:42,2024-03-07 19:38:42
1130,930,1,2025-07-10,,Active,True,2025-07-10 02:40:24,2025-07-10 02:40:24
1131,931,2,2023-12-07,,Active,True,2023-12-07 23:13:17,2023-12-07 23:13:17
1132,932,3,2023-12-30,2026-04-10,Cancelled,False,2023-12-30 18:19:52,2026-04-10 06:47:46
1133,933,3,2025-02-09,,Active,True,2025-02-09 11:50:40,2025-02-09 11:50:40
1134,934,2,2023-07-26,,Active,False,2023-07-26 17:29:16,2023-07-26 17:29:16
1135,935,2,2025-06-14,2025-10-29,Cancelled,False,2025-06-14 13:13:49,2025-10-29 04:59:27
1136,935,1,2025-11-04,2026-02-19,Cancelled,False,2025-11-04 14:17:53,2026-02-19 15:51:07
1137,936,2,2025-02-18,,Active,True,2025-02-18 05:14:54,2025-02-18 05:14:54
1138,937,3,2025-08-03,2025-09-17,Cancelled,False,2025-08-03 23:19:18,2025-09-17 16:16:22
1139,938,3,2024-10-04,,Active,False,2024-10-04 05:12:00,2024-10-04 05:12:00
1140,939,2,2025-02-20,2025-11-19,Cancelled,False,2025-02-20 21:46:42,2025-11-19 05:08:54
1141,940,4,2023-09-25,,Active,True,2023-09-25 23:13:57,2023-09-25 23:13:57
1142,941,2,2024-06-20,2026-04-24,Cancelled,False,2024-06-20 11:26:01,2026-04-24 06:27:39
1143,941,4,2026-04-28,,Active,True,2026-04-28 03:28:25,2026-04-28 03:28:25
1144,942,1,2024-09-05,2025-07-30,Cancelled,False,2024-09-05 00:11:10,2025-07-30 07:47:40
1145,942,1,2025-08-19,,Active,True,2025-08-19 15:11:26,2025-08-19 15:11:26
1146,943,2,2025-04-16,,Active,True,2025-04-16 00:08:42,2025-04-16 00:08:42
1147,944,1,2025-01-10,2025-11-08,Cancelled,False,2025-01-10 13:49:32,2025-11-08 13:12:27
1148,945,1,2024-03-12,2024-12-05,Cancelled,False,2024-03-12 06:59:10,2024-12-05 16:24:36
1149,945,1,2024-12-19,2025-02-16,Cancelled,False,2024-12-19 18:20:25,2025-02-16 02:56:24
1150,946,1,2025-05-24,2025-07-30,Cancelled,False,2025-05-24 12:05:59,2025-07-30 04:43:20
1151,947,3,2023-07-19,,Active,False,2023-07-19 18:24:07,2023-07-19 18:24:07
1152,948,3,2024-02-02,2024-12-26,Cancelled,False,2024-02-02 00:48:27,2024-12-26 07:53:49
1153,948,3,2024-12-28,,Active,False,2024-12-28 20:41:04,2024-12-28 20:41:04
1154,949,3,2023-08-22,,Active,False,2023-08-22 18:09:11,2023-08-22 18:09:11
1155,950,1,2023-12-12,,Active,True,2023-12-12 15:03:57,2023-12-12 15:03:57
1156,951,1,2024-01-07,,Active,False,2024-01-07 08:31:16,2024-01-07 08:31:16
1157,952,3,2023-11-25,2025-02-05,Cancelled,False,2023-11-25 19:27:50,2025-02-05 23:31:41
1158,952,2,2025-02-14,2025-09-15,Cancelled,False,2025-02-14 03:02:11,2025-09-15 21:55:23
1159,953,3,2024-11-04,,Active,True,2024-11-04 21:54:53,2024-11-04 21:54:53
1160,954,2,2024-03-14,,Active,True,2024-03-14 08:35:26,2024-03-14 08:35:26
1161,955,3,2024-08-12,2024-09-14,Cancelled,False,2024-08-12 02:10:22,2024-09-14 07:45:05
1162,956,2,2024-12-16,2025-09-12,Cancelled,False,2024-12-16 01:59:39,2025-09-12 23:51:53
1163,956,1,2025-09-18,,Active,True,2025-09-18 01:07:24,2025-09-18 01:07:24
1164,957,4,2024-04-27,2025-10-18,Cancelled,False,2024-04-27 15:43:19,2025-10-18 07:53:22
1165,958,3,2024-05-12,,Active,False,2024-05-12 18:26:17,2024-05-12 18:26:17
1166,959,3,2025-01-28,2025-09-26,Cancelled,False,2025-01-28 17:08:55,2025-09-26 14:43:48
1167,960,2,2025-01-19,2026-03-07,Cancelled,False,2025-01-19 03:48:36,2026-03-07 09:18:34
1168,961,1,2024-04-29,,Active,True,2024-04-29 19:42:52,2024-04-29 19:42:52
1169,962,3,2024-03-11,2025-05-06,Cancelled,False,2024-03-11 23:16:09,2025-05-06 02:42:26
1170,963,2,2024-02-29,,Active,True,2024-02-29 11:41:53,2024-02-29 11:41:53
1171,964,3,2024-08-13,,Active,True,2024-08-13 04:31:34,2024-08-13 04:31:34
1172,965,3,2024-05-18,,Active,True,2024-05-18 21:46:57,2024-05-18 21:46:57
1173,966,1,2024-03-17,,Active,True,2024-03-17 07:22:14,2024-03-17 07:22:14
1174,967,1,2024-04-07,,Active,True,2024-04-07 11:24:17,2024-04-07 11:24:17
1175,968,2,2025-06-05,2026-01-16,Cancelled,False,2025-06-05 01:07:47,2026-01-16 08:15:38
1176,969,1,2024-01-11,,Active,True,2024-01-11 06:13:38,2024-01-11 06:13:38
1177,970,3,2024-11-07,2025-08-25,Cancelled,False,2024-11-07 09:26:47,2025-08-25 19:02:06
1178,970,2,2025-09-08,,Active,False,2025-09-08 11:28:39,2025-09-08 11:28:39
1179,971,2,2024-12-14,2025-01-28,Cancelled,False,2024-12-14 02:30:39,2025-01-28 01:35:44
1180,972,3,2023-09-07,,Active,True,2023-09-07 02:12:10,2023-09-07 02:12:10
1181,973,1,2023-10-25,2025-06-10,Cancelled,False,2023-10-25 11:01:33,2025-06-10 03:24:54
1182,973,4,2025-06-17,,Active,True,2025-06-17 16:31:50,2025-06-17 16:31:50
1183,974,1,2024-07-29,,Active,True,2024-07-29 15:22:17,2024-07-29 15:22:17
1184,975,1,2023-07-12,,Active,True,2023-07-12 22:47:43,2023-07-12 22:47:43
1185,976,1,2025-04-23,,Active,True,2025-04-23 11:31:45,2025-04-23 11:31:45
1186,977,1,2024-02-25,,Active,True,2024-02-25 06:33:04,2024-02-25 06:33:04
1187,978,1,2023-08-31,2025-05-11,Cancelled,False,2023-08-31 16:54:51,2025-05-11 04:16:45
1188,979,3,2024-12-06,2026-04-20,Cancelled,False,2024-12-06 17:37:33,2026-04-20 18:44:37
1189,980,1,2024-11-17,,Active,False,2024-11-17 14:01:43,2024-11-17 14:01:43
1190,981,2,2025-07-12,,Active,False,2025-07-12 09:22:08,2025-07-12 09:22:08
1191,982,4,2023-10-27,,Active,True,2023-10-27 01:54:49,2023-10-27 01:54:49
1192,983,2,2025-04-09,2025-09-30,Cancelled,False,2025-04-09 09:59:52,2025-09-30 07:27:02
1193,984,2,2024-10-02,2026-01-14,Cancelled,False,2024-10-02 20:04:56,2026-01-14 06:34:42
1194,984,2,2026-01-28,2026-03-12,Cancelled,False,2026-01-28 02:20:44,2026-03-12 12:15:54
1195,985,1,2025-07-21,2026-01-02,Cancelled,False,2025-07-21 02:21:50,2026-01-02 17:56:18
1196,985,1,2026-01-16,,Active,True,2026-01-16 16:40:15,2026-01-16 16:40:15
1197,986,2,2025-03-02,2026-05-15,Cancelled,False,2025-03-02 22:02:01,2026-05-15 14:15:40
1198,987,3,2025-02-26,,Active,True,2025-02-26 15:17:45,2025-02-26 15:17:45
1199,988,4,2024-06-26,2025-07-16,Cancelled,False,2024-06-26 21:58:52,2025-07-16 14:35:55
1200,988,2,2025-08-05,,Active,True,2025-08-05 05:59:51,2025-08-05 05:59:51
1201,989,2,2025-05-29,2025-11-12,Cancelled,False,2025-05-29 08:12:07,2025-11-12 09:12:19
1202,989,3,2025-12-02,,Active,True,2025-12-02 04:26:12,2025-12-02 04:26:12
1203,990,2,2024-04-18,,Active,True,2024-04-18 13:08:22,2024-04-18 13:08:22
1204,991,2,2025-01-02,2026-01-10,Cancelled,False,2025-01-02 10:10:09,2026-01-10 16:42:58
1205,992,3,2025-06-19,,Active,True,2025-06-19 23:34:54,2025-06-19 23:34:54
1206,993,4,2023-07-01,2024-09-01,Cancelled,False,2023-07-01 05:44:12,2024-09-01 04:03:14
1207,993,3,2024-09-13,,Active,True,2024-09-13 11:29:11,2024-09-13 11:29:11
1208,994,4,2024-04-23,,Active,False,2024-04-23 04:19:22,2024-04-23 04:19:22
1209,995,3,2025-01-13,2025-04-06,Cancelled,False,2025-01-13 23:35:18,2025-04-06 13:46:35
1210,996,3,2024-06-01,2024-10-14,Cancelled,False,2024-06-01 07:20:59,2024-10-14 20:59:26
1211,996,2,2024-10-23,2024-12-27,Cancelled,False,2024-10-23 23:09:17,2024-12-27 14:23:00
1212,997,2,2023-08-19,,Active,False,2023-08-19 12:42:12,2023-08-19 12:42:12
1213,998,2,2024-06-21,,Active,True,2024-06-21 11:14:38,2024-06-21 11:14:38
1214,999,4,2025-04-04,2025-09-28,Cancelled,False,2025-04-04 08:27:19,2025-09-28 21:25:24
1215,1000,2,2025-05-05,,Active,True,2025-05-05 08:41:53,2025-05-05 08:41:53
