address_id,customer_id,city_id,address_line,postal_code,address_type,created_at,updated_at
1,1,9,43757 Scott Ferry,13737,Home,2026-02-05 06:51:50,2026-02-05 06:51:50
2,2,18,54672 Austin Glen,77926,Home,2025-03-25 04:13:29,2025-03-25 04:13:29
3,2,18,7041 Jane Mall Apt. 297,98444,Billing,2025-03-24 22:29:52,2025-03-24 22:29:52
4,3,28,73337 Sandoval Stravenue,,Home,2025-09-23 20:36:51,2025-09-23 20:36:51
5,4,17,52455 Joshua Gateway,18342,Home,2024-10-10 19:43:21,2024-10-10 19:43:21
6,5,15,9123 Anna Shore,94524,Home,2023-11-15 13:00:20,2023-11-15 13:00:20
7,6,17,261 Robert Avenue Suite 885,20095,Home,2023-10-09 22:16:51,2023-10-09 22:16:51
8,7,23,442 Blake Ways,08686,Home,2025-03-21 04:02:58,2025-03-21 04:02:58
9,8,6,1207 Gary Ports,58601,Home,2023-11-11 23:02:34,2023-11-11 23:02:34
10,9,8,7936 Christina Common Apt. 726,29588,Home,2025-10-01 15:42:38,2025-10-01 15:42:38
11,10,32,40085 Reynolds Overpass,52377,Home,2024-10-31 05:36:20,2024-10-31 05:36:20
12,11,2,6681 John Roads,53155,Home,2023-08-15 15:10:35,2023-08-15 15:10:35
13,12,20,315 Lewis Port Suite 955,34350,Home,2026-03-29 10:20:23,2026-03-29 10:20:23
14,13,44,4629 Tiffany Harbors,89807,Home,2025-02-09 17:59:32,2025-02-09 17:59:32
15,14,32,344 Mary Overpass Apt. 423,10449,Home,2024-05-02 07:09:20,2024-05-02 07:09:20
16,15,20,43065 Vincent Glen Suite 336,64837,Home,2023-11-29 17:54:38,2023-11-29 17:54:38
17,16,37,0426 Johnson Burg,42956,Home,2024-11-14 01:16:51,2024-11-14 01:16:51
18,17,36,811 Heidi Pass,,Home,2025-07-12 14:48:28,2025-07-12 14:48:28
19,18,4,30304 Albert Route Suite 007,24056,Home,2025-05-03 14:07:02,2025-05-03 14:07:02
20,19,30,60707 Mary Courts,46411,Home,2024-02-17 19:04:13,2024-02-17 19:04:13
21,20,31,812 Hill Track,16253,Home,2023-06-19 04:29:51,2023-06-19 04:29:51
22,21,35,654 Morgan Alley Apt. 969,44880,Home,2026-05-18 05:11:01,2026-05-18 05:11:01
23,22,9,8167 Hill Square,48103,Home,2023-06-13 11:05:20,2023-06-13 11:05:20
24,23,28,7838 Cowan Burg,,home,2023-12-25 12:01:53,2023-12-25 12:01:53
25,24,24,522 Scott Freeway Apt. 300,61494,Home,2023-08-10 18:30:34,2023-08-10 18:30:34
26,25,7,953 Jesse Prairie,44919,Home,2025-01-15 19:41:01,2025-01-15 19:41:01
27,26,16,6380 Boone Summit,31444,home,2025-02-04 13:15:36,2025-02-04 13:15:36
28,27,29,478 Johnson Plains,08083,Home,2024-07-31 23:22:29,2024-07-31 23:22:29
29,28,41,729 Joshua Dam Apt. 728,38533,Home,2024-03-10 01:48:59,2024-03-10 01:48:59
30,28,34,1269 Dana Point Suite 338,15225,Billing,2024-03-11 07:19:24,2024-03-11 07:19:24
31,29,12,74132 Neal Plain Apt. 194,58568,Home,2023-10-06 08:57:34,2023-10-06 08:57:34
32,30,2,3839 Katie Estates,36569,Home,2023-12-10 12:16:36,2023-12-10 12:16:36
33,31,8,9137 Hernandez Route Suite 702,68663,Home,2024-06-06 17:03:19,2024-06-06 17:03:19
34,32,34,01330 Manning Trail Apt. 167,77689,Home,2025-07-03 01:01:10,2025-07-03 01:01:10
35,33,15,999 Hudson Station Suite 227,27169,Home,2026-03-03 10:42:18,2026-03-03 10:42:18
36,34,6,511 Karen Roads,26461,Home,2024-09-06 04:28:42,2024-09-06 04:28:42
37,34,15,562 Sandra Canyon,59891,Billing,2024-09-05 01:05:49,2024-09-05 01:05:49
38,35,25,5184 Burke Tunnel,87704,Home,2024-06-06 23:30:33,2024-06-06 23:30:33
39,36,36,29267 Riley Extension,78848,Home,2025-04-30 14:46:03,2025-04-30 14:46:03
40,37,34,39906 Burns Inlet,28592,Home,2024-11-04 12:42:28,2024-11-04 12:42:28
41,38,2,2182 Bates Valleys Suite 375,42649,Home,2024-10-20 12:23:06,2024-10-20 12:23:06
42,39,22,5835 Jill Meadow,88734,Home,2025-10-02 08:54:52,2025-10-02 08:54:52
43,40,40,964 Anthony Neck Suite 943,99454,Home,2024-02-15 19:09:44,2024-02-15 19:09:44
44,41,43,9227 Christopher Light Suite 107,26644,Home,2025-02-09 03:10:06,2025-02-09 03:10:06
45,41,41,02567 Amber Isle Suite 832,15361,Billing,2025-02-07 19:28:15,2025-02-07 19:28:15
46,42,6,163 Ronald Terrace,86940,Home,2025-03-25 08:38:41,2025-03-25 08:38:41
47,43,3,36500 Justin Shoal,78523,Home,2023-12-14 03:56:40,2023-12-14 03:56:40
48,43,8,4710 Grimes Track Suite 743,97811,Billing,2023-12-13 09:20:23,2023-12-13 09:20:23
49,44,29,59062 Kimberly Divide,86846,Home,2024-04-16 15:35:58,2024-04-16 15:35:58
50,45,4,628 Kevin Isle,18996,Home,2025-08-03 16:42:49,2025-08-03 16:42:49
51,46,23,724 Douglas Burg Apt. 641,51307,Home,2024-04-05 19:03:28,2024-04-05 19:03:28
52,47,38,15425 Richard Club,28190,Home,2025-03-07 03:45:48,2025-03-07 03:45:48
53,48,15,3003 Anderson Mall,22329,Home,2024-11-08 18:39:02,2024-11-08 18:39:02
54,49,13,523 Lee Branch,77870,Home,2024-04-26 04:48:06,2024-04-26 04:48:06
55,50,12,5319 Michael Islands Apt. 112,68596,Home,2024-07-20 19:38:51,2024-07-20 19:38:51
56,51,14,834 Hernandez Crossing Suite 950,83446,Home,2024-03-05 12:17:08,2024-03-05 12:17:08
57,52,43,7571 Allen Brook,10722,Home,2025-02-08 00:58:32,2025-02-08 00:58:32
58,53,34,526 Wood Isle,77574,Home,2024-02-09 06:15:03,2024-02-09 06:15:03
59,53,1,5960 Evans River Suite 299,25758,Billing,2024-02-08 13:54:10,2024-02-08 13:54:10
60,54,42,96758 Anthony Viaduct Apt. 693,89199,Home,2025-07-10 17:12:14,2025-07-10 17:12:14
61,55,44,3607 Michael Mountain Suite 568,34823,Home,2025-02-18 07:12:52,2025-02-18 07:12:52
62,56,33,8184 Hill Common Apt. 581,99947,Home,2026-05-20 21:28:44,2026-05-20 21:28:44
63,57,10,87217 Everett Parks Suite 715,19317,Home,2024-06-13 15:06:20,2024-06-13 15:06:20
64,58,13,859 Michelle Place,37501,Home,2025-05-15 12:43:07,2025-05-15 12:43:07
65,59,40,6869 Mitchell Plains Suite 759,87039,Home,2023-12-01 00:25:44,2023-12-01 00:25:44
66,60,42,09116 Jonathan Extension Apt. 638,,Home,2023-07-14 16:30:59,2023-07-14 16:30:59
67,61,27,919 Bennett Lock Apt. 910,80194,Home,2024-08-30 07:55:31,2024-08-30 07:55:31
68,62,14,474 Joanna Track Apt. 928,94291,Home,2025-05-20 07:29:20,2025-05-20 07:29:20
69,63,28,39785 Bonnie Haven,83127,Home,2024-09-27 02:44:12,2024-09-27 02:44:12
70,64,38,87945 Troy Station Suite 890,18269,Home,2023-07-24 06:49:17,2023-07-24 06:49:17
71,65,22,2801 Johnson Lake Suite 032,,Home,2023-12-25 18:30:15,2023-12-25 18:30:15
72,66,18,718 Eileen Route Suite 338,90971,Home,2025-06-14 02:56:17,2025-06-14 02:56:17
73,67,29,6648 Andrew Lakes Suite 731,28087,Home,2024-09-25 04:27:38,2024-09-25 04:27:38
74,68,14,3647 Fernando Throughway Suite 202,09887,Home,2023-09-02 06:40:55,2023-09-02 06:40:55
75,69,8,5302 Jennifer Common Apt. 871,22789,Home,2026-03-26 03:34:22,2026-03-26 03:34:22
76,70,28,272 Barbara Flats Apt. 922,48847,Home,2025-11-17 04:48:05,2025-11-17 04:48:05
77,71,6,528 Hammond Summit Suite 931,,Home,2025-01-16 12:13:59,2025-01-16 12:13:59
78,72,10,864 Smith Mountain,72179,Home,2026-02-02 09:42:41,2026-02-02 09:42:41
79,73,11,8450 Frank Village,26552,Home,2024-04-06 23:14:29,2024-04-06 23:14:29
80,74,37,774 Cooper Brooks,33009,Home,2024-03-05 23:56:55,2024-03-05 23:56:55
81,75,41,855 Garcia Turnpike Suite 314,78594,Home,2024-12-08 13:15:43,2024-12-08 13:15:43
82,76,13,67825 Amy Ramp Apt. 427,25595,Home,2025-02-11 11:03:51,2025-02-11 11:03:51
83,77,10,00239 Angela Trail,41726,Home,2024-02-04 03:00:32,2024-02-04 03:00:32
84,77,10,939 Baker Camp Suite 884,96981,billing,2024-02-04 19:44:42,2024-02-04 19:44:42
85,78,36,112 Mary Circle Apt. 865,05639,Home,2023-09-02 08:46:44,2023-09-02 08:46:44
86,79,23,824 Brandon Estate,60672,Home,2024-04-24 14:54:31,2024-04-24 14:54:31
87,80,28,8777 Franco Ramp Apt. 983,95009,Home,2023-12-29 23:36:36,2023-12-29 23:36:36
88,81,4,354 Johnson Ridge,47334,Home,2025-06-12 01:04:52,2025-06-12 01:04:52
89,82,39,07726 Grace Haven,49699,Home,2026-04-29 13:37:42,2026-04-29 13:37:42
90,83,16,2804 Diaz Run Apt. 424,82019,Home,2024-10-03 04:23:08,2024-10-03 04:23:08
91,84,6,03708 Reynolds Dam Apt. 410,25172,Home,2024-10-22 01:12:38,2024-10-22 01:12:38
92,85,1,503 Taylor Circles,48516,Home,2025-02-01 21:25:20,2025-02-01 21:25:20
93,86,31,7053 Lyons Shoals Apt. 208,19288,Home,2024-07-09 11:08:00,2024-07-09 11:08:00
94,87,30,033 Henderson Square Apt. 756,,Home,2023-09-01 22:01:57,2023-09-01 22:01:57
95,87,17,432 Veronica Passage Apt. 176,11280,Billing,2023-09-01 07:27:12,2023-09-01 07:27:12
96,88,21,00695 Benjamin Forges Suite 670,13636,Home,2025-12-31 15:36:39,2025-12-31 15:36:39
97,89,12,442 Danielle Cliff Suite 583,,Home,2023-11-11 18:46:35,2023-11-11 18:46:35
98,90,13,932 Sean Fort Apt. 539,71892,Home,2024-12-03 22:30:27,2024-12-03 22:30:27
99,91,13,259 Christine Trail Suite 241,19103,Home,2024-12-15 15:33:33,2024-12-15 15:33:33
100,91,21,8295 Grace Spurs Suite 760,02834,Billing,2024-12-15 21:39:04,2024-12-15 21:39:04
101,92,38,585 Jordan Fork,55089,Home,2025-01-20 03:19:47,2025-01-20 03:19:47
102,93,37,4838 Sanchez Coves,63536,Home,2025-05-02 12:41:17,2025-05-02 12:41:17
103,94,41,427 Jackson Track Apt. 568,06303,Home,2025-05-06 18:47:21,2025-05-06 18:47:21
104,95,18,140 Teresa Burg Suite 406,13314,Home,2024-09-23 07:55:16,2024-09-23 07:55:16
105,95,33,5157 Keith Terrace Suite 665,67478,Billing,2024-09-23 13:09:49,2024-09-23 13:09:49
106,96,20,56483 Donovan Vista,65772,Home,2023-11-07 11:32:46,2023-11-07 11:32:46
107,97,10,4336 Joel Villages Suite 208,07887,Home,2025-07-28 05:01:53,2025-07-28 05:01:53
108,98,20,620 Cameron Crossroad Suite 851,53948,Home,2026-01-02 04:07:47,2026-01-02 04:07:47
109,99,29,3073 Harper Mountains,34461,Home,2026-01-08 04:56:04,2026-01-08 04:56:04
110,100,7,91107 Johns Gateway,52019,Home,2025-02-01 23:49:49,2025-02-01 23:49:49
111,101,15,51733 Ware Parkways Suite 974,28475,Home,2024-08-17 03:27:53,2024-08-17 03:27:53
112,102,13,4588 Garcia Stream,40363,Home,2025-04-10 08:11:29,2025-04-10 08:11:29
113,103,9,806 Rodgers Bridge,55404,Home,2025-10-04 14:33:40,2025-10-04 14:33:40
114,104,28,10923 Parker Views Suite 260,13933,Home,2024-01-05 22:05:18,2024-01-05 22:05:18
115,105,18,45174 Dawn Trafficway,74691,Home,2024-07-02 09:14:51,2024-07-02 09:14:51
116,106,17,492 Gross Prairie,84394,Home,2024-05-30 02:38:39,2024-05-30 02:38:39
117,107,15,0483 Frank Fork,65524,Home,2024-09-13 05:19:43,2024-09-13 05:19:43
118,108,18,561 Raymond Dam Apt. 588,14639,home,2025-07-25 19:56:16,2025-07-25 19:56:16
119,109,19,85907 Riley Mission,10426,Home,2025-03-19 02:58:41,2025-03-19 02:58:41
120,110,10,29108 Yvonne Flat Apt. 587,33832,Home,2026-04-10 03:22:04,2026-04-10 03:22:04
121,111,39,17371 Margaret Mission,54561,Home,2025-06-24 19:48:40,2025-06-24 19:48:40
122,112,32,6832 Wells Lakes,88030,Home,2023-10-04 23:28:05,2023-10-04 23:28:05
123,113,29,116 Lindsey Causeway,40215,Home,2023-09-27 06:59:09,2023-09-27 06:59:09
124,114,24,38611 Rodriguez Gardens Suite 916,57447,Home,2025-03-27 03:55:15,2025-03-27 03:55:15
125,115,4,6938 Sharp Pike,18581,Home,2026-03-26 13:37:08,2026-03-26 13:37:08
126,116,38,01191 Miller Crossing Apt. 941,29902,Home,2024-08-09 09:04:31,2024-08-09 09:04:31
127,117,3,063 Scott Lodge Apt. 035,35631,Home,2026-04-29 06:04:36,2026-04-29 06:04:36
128,117,12,12022 Davila Lane Suite 767,83185,Billing,2026-04-29 18:17:07,2026-04-29 18:17:07
129,118,43,022 Mcdonald Spurs Apt. 123,95091,Home,2025-05-25 04:56:30,2025-05-25 04:56:30
130,118,41,510 Michael Brook Suite 052,01359,Billing,2025-05-25 15:31:45,2025-05-25 15:31:45
131,119,6,729 Clements Fords Apt. 346,93019,Home,2025-09-24 07:00:05,2025-09-24 07:00:05
132,120,37,366 Glen Route,09394,Home,2024-07-04 20:00:49,2024-07-04 20:00:49
133,120,9,407 Bautista Mountains,77429,Billing,2024-07-04 13:40:09,2024-07-04 13:40:09
134,121,5,25697 Krueger Station Suite 076,24839,Home,2024-07-24 03:27:45,2024-07-24 03:27:45
135,122,27,1092 Farrell Causeway Apt. 984,62737,Home,2023-09-25 23:26:04,2023-09-25 23:26:04
136,123,23,0395 Miller Mount Suite 645,02641,Home,2024-06-02 23:19:57,2024-06-02 23:19:57
137,124,30,6365 Katie Street Suite 705,31238,Home,2024-08-07 22:13:19,2024-08-07 22:13:19
138,125,2,9872 Cole Brooks Suite 884,92907,Home,2024-09-28 17:59:15,2024-09-28 17:59:15
139,126,33,487 Steve Courts,79702,Home,2025-03-22 18:01:34,2025-03-22 18:01:34
140,127,22,1384 Marvin Walk Apt. 211,50693,Home,2025-03-01 07:49:22,2025-03-01 07:49:22
141,128,22,64028 Hammond Radial Suite 574,38348,Home,2024-12-25 13:37:56,2024-12-25 13:37:56
142,129,20,3797 Christopher Spring,37208,Home,2023-08-04 03:26:40,2023-08-04 03:26:40
143,130,25,318 Steven Islands Suite 070,25375,Home,2023-08-03 17:25:14,2023-08-03 17:25:14
144,131,27,33572 Cruz Underpass,13242,Home,2023-07-19 14:24:37,2023-07-19 14:24:37
145,132,43,78020 Chad Courts,96410,Home,2024-06-22 18:58:37,2024-06-22 18:58:37
146,132,15,53369 Mckinney Fords Suite 831,48522,Billing,2024-06-23 07:40:57,2024-06-23 07:40:57
147,133,38,539 Isabella Walk Suite 243,39720,Home,2023-12-02 12:24:05,2023-12-02 12:24:05
148,134,13,34212 Taylor Radial,40072,Home,2024-08-27 04:55:11,2024-08-27 04:55:11
149,135,43,82316 Miller Radial,46781,Home,2025-08-25 20:01:50,2025-08-25 20:01:50
150,136,9,7285 Michael Cliff Apt. 599,74697,Home,2026-01-01 18:39:11,2026-01-01 18:39:11
151,137,23,6504 Rodriguez Manor,19351,Home,2025-06-17 17:47:52,2025-06-17 17:47:52
152,138,38,5164 Bennett Trafficway,70603,Home,2025-08-02 10:24:16,2025-08-02 10:24:16
153,139,41,87949 Patton Locks,42562,Home,2025-10-07 03:43:55,2025-10-07 03:43:55
154,140,17,958 Jennifer Throughway Apt. 131,04984,home,2024-09-29 14:27:56,2024-09-29 14:27:56
155,141,8,673 Mack Cliffs Suite 007,64771,Home,2023-10-25 05:23:21,2023-10-25 05:23:21
156,142,12,9456 Brian Ford,23790,Home,2025-10-11 21:11:06,2025-10-11 21:11:06
157,143,33,848 Costa Manors Suite 950,95839,home,2024-05-22 19:33:37,2024-05-22 19:33:37
158,144,35,2251 Ronald Junctions,35433,Home,2024-01-28 23:54:27,2024-01-28 23:54:27
159,145,1,2560 Nichols Fords,72576,Home,2024-09-10 10:00:03,2024-09-10 10:00:03
160,146,18,5356 Brady Harbor,27767,Home,2024-07-23 11:53:31,2024-07-23 11:53:31
161,147,31,631 Schneider Field,37447,Home,2023-11-17 14:37:21,2023-11-17 14:37:21
162,148,23,76952 Cassandra Burg,,Home,2025-05-03 10:11:33,2025-05-03 10:11:33
163,149,36,72106 Elizabeth Junctions Apt. 291,07705,Home,2024-12-26 15:58:40,2024-12-26 15:58:40
164,150,35,086 Michelle Harbors,59281,Home,2023-09-16 00:15:15,2023-09-16 00:15:15
165,151,23,452 Linda Walks Suite 605,73113,Home,2024-10-03 22:55:56,2024-10-03 22:55:56
166,152,17,7898 Becky Mill Apt. 226,,Home,2023-11-30 12:41:57,2023-11-30 12:41:57
167,153,38,32050 Kimberly Pine Apt. 545,98059,Home,2024-07-16 15:22:05,2024-07-16 15:22:05
168,154,26,85417 Zimmerman Estates,30926,Home,2025-03-04 16:46:16,2025-03-04 16:46:16
169,155,17,1474 Moore Summit,30088,Home,2026-05-29 17:17:02,2026-05-29 17:17:02
170,155,25,45021 Smith Lodge Suite 427,45374,Billing,2026-05-29 14:59:12,2026-05-29 14:59:12
171,156,7,61181 Thompson Islands,72008,Home,2025-07-25 08:49:45,2025-07-25 08:49:45
172,157,13,221 Cathy Lane Apt. 468,53266,Home,2025-10-23 22:26:30,2025-10-23 22:26:30
173,158,4,694 Michelle Spurs Apt. 209,30044,Home,2025-04-13 21:33:01,2025-04-13 21:33:01
174,159,14,0221 Lisa Drive Apt. 863,24498,Home,2025-12-18 13:26:09,2025-12-18 13:26:09
175,160,38,01484 Jennifer Run,90769,Home,2024-11-21 02:53:19,2024-11-21 02:53:19
176,161,4,03334 Christopher Grove Suite 391,76109,Home,2025-04-14 05:42:41,2025-04-14 05:42:41
177,162,23,152 Johnson Falls Suite 697,20010,Home,2025-06-12 05:15:39,2025-06-12 05:15:39
178,163,41,3101 Cindy Crescent,47423,home,2024-05-08 19:15:26,2024-05-08 19:15:26
179,164,22,2660 Barnes Dam,85381,Home,2025-06-22 04:07:06,2025-06-22 04:07:06
180,164,21,614 Ross Points,45276,Billing,2025-06-21 16:51:43,2025-06-21 16:51:43
181,165,27,16013 Stephanie Walk,16203,Home,2026-05-15 18:46:42,2026-05-15 18:46:42
182,166,29,4333 Morales Rue,80688,Home,2025-09-11 01:31:13,2025-09-11 01:31:13
183,167,16,2798 Douglas Overpass Apt. 754,48886,Home,2023-06-19 00:42:47,2023-06-19 00:42:47
184,168,2,9208 Richard Square Suite 831,72462,Home,2025-04-04 03:31:41,2025-04-04 03:31:41
185,169,17,142 Breanna Locks Apt. 840,,Home,2023-06-14 12:40:13,2023-06-14 12:40:13
186,170,17,3868 Christine Plains,47290,Home,2026-02-16 09:16:05,2026-02-16 09:16:05
187,171,10,796 Steve Greens Apt. 099,36172,Home,2024-09-16 14:26:20,2024-09-16 14:26:20
188,172,16,5058 Reynolds Junctions Apt. 716,67844,Home,2025-07-17 18:31:32,2025-07-17 18:31:32
189,173,22,0008 Thompson Extensions,41412,Home,2023-10-23 19:22:57,2023-10-23 19:22:57
190,174,33,1525 Perez Course Suite 975,18239,Home,2024-09-17 18:26:56,2024-09-17 18:26:56
191,174,30,9127 Jones Creek,16145,Billing,2024-09-15 17:14:36,2024-09-15 17:14:36
192,175,33,0323 Mary Rest,40740,Home,2023-12-12 03:06:02,2023-12-12 03:06:02
193,176,25,004 Peter Park Apt. 821,46631,Home,2024-05-14 16:45:54,2024-05-14 16:45:54
194,177,7,6228 Michael Shoals Apt. 235,85460,Home,2025-09-04 01:07:24,2025-09-04 01:07:24
195,178,39,60249 Stevens Roads,26406,Home,2024-07-11 08:04:02,2024-07-11 08:04:02
196,179,36,0719 Scott Mews Apt. 949,06290,Home,2026-02-03 18:16:46,2026-02-03 18:16:46
197,180,36,67113 Marissa Parkway Apt. 354,72454,Home,2024-07-18 11:52:10,2024-07-18 11:52:10
198,181,34,94087 Patrick Villages Suite 912,38146,Home,2025-11-24 09:05:20,2025-11-24 09:05:20
199,181,6,912 Russell Mission Suite 228,96884,Billing,2025-11-24 21:24:29,2025-11-24 21:24:29
200,182,2,415 Delgado Neck Apt. 789,72852,Home,2023-07-16 06:06:30,2023-07-16 06:06:30
201,183,18,58634 Martinez Springs,45551,Home,2023-09-04 05:35:57,2023-09-04 05:35:57
202,184,4,543 Lindsey Mountains,40760,Home,2026-05-12 00:40:48,2026-05-12 00:40:48
203,185,14,1228 Thomas Ridges Suite 455,13897,Home,2026-05-12 01:49:22,2026-05-12 01:49:22
204,186,20,320 Murphy Loop,81222,Home,2025-07-21 08:52:58,2025-07-21 08:52:58
205,187,5,0894 Timothy Dam,53287,Home,2024-12-07 14:35:30,2024-12-07 14:35:30
206,188,33,913 Debra Square Suite 826,17111,Home,2026-05-19 08:11:13,2026-05-19 08:11:13
207,189,14,603 Irwin Extensions,82902,Home,2024-09-01 13:41:32,2024-09-01 13:41:32
208,190,28,05130 Autumn Via,40391,Home,2024-01-23 14:40:21,2024-01-23 14:40:21
209,191,44,1504 Dennis Drives Apt. 810,59998,Home,2025-09-13 15:40:24,2025-09-13 15:40:24
210,192,17,56128 Vaughan Circle,62430,Home,2025-11-14 15:14:20,2025-11-14 15:14:20
211,192,32,4143 Miller Stream,65707,Billing,2025-11-15 05:19:01,2025-11-15 05:19:01
212,193,31,21727 Allen Flats Suite 069,65497,Home,2026-02-17 14:16:06,2026-02-17 14:16:06
213,193,21,767 Cross Green,46812,Billing,2026-02-15 00:04:32,2026-02-15 00:04:32
214,194,16,0859 Elizabeth Place Apt. 680,95456,Home,2024-04-14 00:22:03,2024-04-14 00:22:03
215,195,12,07193 Jeffrey Shore Suite 336,73406,Home,2025-01-18 13:23:11,2025-01-18 13:23:11
216,196,16,1430 Hill Bridge Suite 766,76199,Home,2023-11-13 15:23:28,2023-11-13 15:23:28
217,197,38,15553 Laura Corners Suite 164,21320,Home,2024-07-30 10:15:29,2024-07-30 10:15:29
218,198,7,7795 Rivera Pike,35176,Home,2024-03-24 19:07:28,2024-03-24 19:07:28
219,199,21,71058 Tracy Fall,31909,Home,2025-11-11 10:35:23,2025-11-11 10:35:23
220,200,38,88936 Malone Land Apt. 291,11094,Home,2026-02-28 20:14:35,2026-02-28 20:14:35
221,201,17,01759 Williams Motorway,22974,Home,2024-06-14 23:13:59,2024-06-14 23:13:59
222,202,25,7545 Barnes Turnpike,49065,Home,2026-04-16 12:32:49,2026-04-16 12:32:49
223,203,37,9627 Cox Points,51972,Home,2024-05-03 01:27:53,2024-05-03 01:27:53
224,204,19,0154 Nicholas Track Apt. 898,86708,Home,2025-06-07 18:34:08,2025-06-07 18:34:08
225,205,4,748 Johnson Shores,48886,Home,2023-11-16 06:02:56,2023-11-16 06:02:56
226,206,30,4384 Mann Estates,70187,Home,2023-06-11 01:59:47,2023-06-11 01:59:47
227,207,17,52431 Ward Gateway Suite 225,18254,Home,2024-07-19 06:57:41,2024-07-19 06:57:41
228,208,44,445 Gutierrez Cliff Suite 679,10768,Home,2024-01-26 02:48:47,2024-01-26 02:48:47
229,209,19,87848 Lee Meadow,75420,Home,2023-12-21 01:28:22,2023-12-21 01:28:22
230,210,38,86233 Samantha Hollow,31832,Home,2024-10-31 03:51:37,2024-10-31 03:51:37
231,210,3,609 Smith Throughway,09236,Billing,2024-11-02 20:14:08,2024-11-02 20:14:08
232,211,25,098 Wyatt Route,58014,Home,2025-02-21 20:50:10,2025-02-21 20:50:10
233,212,23,49557 Simon Canyon,77364,Home,2023-12-27 12:42:21,2023-12-27 12:42:21
234,213,32,6725 Cowan Mountain,99171,Home,2024-08-27 07:44:49,2024-08-27 07:44:49
235,214,36,2924 Ana Garden Suite 532,19758,Home,2023-09-12 09:21:21,2023-09-12 09:21:21
236,215,1,4322 Middleton Forges,60889,Home,2024-03-03 15:50:14,2024-03-03 15:50:14
237,216,18,003 Sims Ports Suite 339,04603,Home,2024-07-28 08:38:16,2024-07-28 08:38:16
238,216,4,078 Hinton Shoals,57604,billing,2024-07-28 12:31:13,2024-07-28 12:31:13
239,217,3,823 Julie Passage,,Home,2024-02-28 22:09:36,2024-02-28 22:09:36
240,218,18,8500 Thompson Junction Apt. 438,,Home,2025-09-10 09:34:39,2025-09-10 09:34:39
241,219,28,946 Nicole Prairie Apt. 674,06931,Home,2023-12-27 00:28:07,2023-12-27 00:28:07
242,219,38,4145 Williams Springs Apt. 396,85855,Billing,2023-12-27 12:35:44,2023-12-27 12:35:44
243,220,16,273 Angela Station Suite 319,57301,Home,2024-11-06 22:18:05,2024-11-06 22:18:05
244,221,9,271 Nguyen Crossroad,,Home,2024-01-24 19:54:38,2024-01-24 19:54:38
245,222,31,889 Carter Spur Suite 865,96812,Home,2023-06-30 12:05:22,2023-06-30 12:05:22
246,223,31,96908 Christine Route,02687,Home,2024-02-02 10:36:58,2024-02-02 10:36:58
247,224,35,640 Emily Ramp Apt. 607,39171,Home,2025-02-19 09:04:26,2025-02-19 09:04:26
248,225,22,7669 Ford Lights Suite 656,35606,Home,2025-07-21 21:18:48,2025-07-21 21:18:48
249,226,26,92882 Deleon Trace Suite 478,95996,Home,2023-09-26 21:29:07,2023-09-26 21:29:07
250,227,39,04300 Montoya Loaf,69452,Home,2024-09-18 05:21:45,2024-09-18 05:21:45
251,228,37,0653 Nancy Fall,99631,Home,2025-01-27 15:52:29,2025-01-27 15:52:29
252,229,40,0043 Daniels Locks Suite 235,52193,home,2024-02-04 15:38:54,2024-02-04 15:38:54
253,230,14,472 Jill Overpass,87383,Home,2026-05-19 06:41:09,2026-05-19 06:41:09
254,231,22,9846 Lisa Unions Suite 964,39994,Home,2024-07-01 02:40:22,2024-07-01 02:40:22
255,232,33,87626 Hicks Throughway Suite 187,84291,home,2025-10-13 01:35:39,2025-10-13 01:35:39
256,233,11,223 Hoffman Locks Suite 889,31093,Home,2026-05-09 05:22:05,2026-05-09 05:22:05
257,234,27,389 David Mews,47914,Home,2024-03-27 07:03:18,2024-03-27 07:03:18
258,235,24,678 Boyle Meadows Suite 872,30913,Home,2025-06-12 04:33:07,2025-06-12 04:33:07
259,235,26,01114 Davis Dam Suite 325,97032,Billing,2025-06-13 22:02:53,2025-06-13 22:02:53
260,236,3,365 Fletcher Mill,91433,Home,2024-11-14 09:27:50,2024-11-14 09:27:50
261,237,39,40388 Timothy Isle,08845,Home,2024-04-19 00:07:41,2024-04-19 00:07:41
262,238,44,060 Jennifer Station Suite 791,68824,Home,2025-03-26 00:06:05,2025-03-26 00:06:05
263,239,1,63016 William Village,85143,Home,2026-02-16 13:13:39,2026-02-16 13:13:39
264,240,33,42472 Pamela Glens Suite 822,03744,Home,2023-07-03 20:02:42,2023-07-03 20:02:42
265,240,8,591 Thomas Parkway Apt. 094,,Billing,2023-07-03 00:34:14,2023-07-03 00:34:14
266,241,17,75514 Davis Village Suite 937,,Home,2025-01-22 11:18:15,2025-01-22 11:18:15
267,242,38,835 Wood Crescent,46791,Home,2023-11-13 01:26:25,2023-11-13 01:26:25
268,243,42,7870 Beverly Meadows,98452,Home,2025-04-17 12:05:32,2025-04-17 12:05:32
269,244,23,8185 Bell Fall,68152,Home,2024-04-26 02:45:54,2024-04-26 02:45:54
270,245,27,291 Jade Springs,89093,Home,2025-09-27 14:55:11,2025-09-27 14:55:11
271,246,42,26386 Gina Cliff Suite 423,11732,Home,2024-01-29 16:42:02,2024-01-29 16:42:02
272,247,24,7221 Holloway Knoll Apt. 852,98864,Home,2026-02-21 01:22:12,2026-02-21 01:22:12
273,248,8,168 John Manor Apt. 845,02669,Home,2024-12-27 13:41:42,2024-12-27 13:41:42
274,249,27,515 Vargas Islands Suite 725,31118,Home,2025-04-18 23:49:50,2025-04-18 23:49:50
275,250,39,179 Mary Hollow Suite 582,96873,Home,2024-09-16 01:54:24,2024-09-16 01:54:24
276,251,12,5669 Huynh Union Apt. 374,04170,Home,2025-08-20 05:11:12,2025-08-20 05:11:12
277,252,29,894 Perry Run Suite 813,74180,Home,2023-12-02 18:05:52,2023-12-02 18:05:52
278,253,10,41946 Ashley Dam Apt. 251,77128,Home,2024-05-27 13:06:55,2024-05-27 13:06:55
279,254,2,65893 Odom Walk,36407,Home,2023-09-14 17:59:41,2023-09-14 17:59:41
280,255,17,317 Andrew Crest,67464,Home,2024-05-22 17:45:36,2024-05-22 17:45:36
281,255,25,8673 Hudson Ville,87628,Billing,2024-05-22 10:39:18,2024-05-22 10:39:18
282,256,2,253 Kara Common,99546,Home,2025-09-29 16:17:09,2025-09-29 16:17:09
283,257,6,8383 Edward Corners Apt. 549,29728,Home,2023-07-08 14:17:48,2023-07-08 14:17:48
284,258,34,8835 Kerr Crescent Suite 724,74594,home,2026-01-30 10:37:27,2026-01-30 10:37:27
285,259,6,17571 Garcia Junction Suite 377,14613,Home,2025-06-12 18:24:57,2025-06-12 18:24:57
286,260,31,9808 Dawn Cliffs Apt. 703,31865,Home,2025-09-25 17:04:31,2025-09-25 17:04:31
287,260,18,62253 Jennifer Gateway,,Billing,2025-09-28 00:59:17,2025-09-28 00:59:17
288,261,10,24362 Bob Circle,77558,Home,2024-02-27 11:04:03,2024-02-27 11:04:03
289,262,18,12691 Brittany Flats Suite 473,40077,Home,2024-10-18 21:49:41,2024-10-18 21:49:41
290,263,15,2108 Marissa Forges,06976,Home,2025-12-07 15:10:45,2025-12-07 15:10:45
291,264,20,4331 Wright Plains Suite 060,58966,Home,2024-06-01 22:33:48,2024-06-01 22:33:48
292,265,27,71483 Kayla Corner Suite 737,47863,Home,2026-03-20 16:28:09,2026-03-20 16:28:09
293,265,43,474 Cynthia Fort Apt. 668,11764,Billing,2026-03-20 15:12:45,2026-03-20 15:12:45
294,266,4,0675 Alex Fort,97611,Home,2024-01-05 18:28:34,2024-01-05 18:28:34
295,267,15,02626 Williams Lights,70370,Home,2024-01-08 04:23:12,2024-01-08 04:23:12
296,268,22,92972 Jessica Lodge,04832,Home,2026-05-31 02:05:44,2026-05-31 02:05:44
297,268,4,622 Gregory Parkways,49110,Billing,2026-05-30 14:43:34,2026-05-30 14:43:34
298,269,7,5834 Victor Track Suite 966,73006,home,2024-08-16 13:51:34,2024-08-16 13:51:34
299,270,23,787 Justin Creek,42244,Home,2025-09-29 15:57:26,2025-09-29 15:57:26
300,271,16,286 Anderson Lights,51235,Home,2024-06-22 23:37:54,2024-06-22 23:37:54
301,272,22,622 Carpenter Track Suite 377,97999,Home,2025-03-29 23:19:58,2025-03-29 23:19:58
302,273,20,067 Jackson Ridges,31473,Home,2026-05-17 12:11:17,2026-05-17 12:11:17
303,274,14,615 Jason Heights Suite 733,03730,Home,2024-07-24 11:25:45,2024-07-24 11:25:45
304,275,6,898 Conner Unions,61121,Home,2023-10-21 16:22:07,2023-10-21 16:22:07
305,276,5,89445 Johnson Neck,61590,Home,2023-06-23 14:25:03,2023-06-23 14:25:03
306,277,13,553 Morrow Port Suite 284,58958,home,2023-09-13 23:42:30,2023-09-13 23:42:30
307,278,42,775 Andrea Neck Apt. 842,24107,Home,2024-04-11 23:08:14,2024-04-11 23:08:14
308,279,42,911 Samantha Harbor Suite 870,59045,Home,2024-02-27 23:39:42,2024-02-27 23:39:42
309,280,37,4075 Nolan Forest Suite 540,98385,Home,2024-09-19 14:59:54,2024-09-19 14:59:54
310,281,26,16738 Rogers Fields,15886,Home,2025-08-20 17:40:11,2025-08-20 17:40:11
311,281,36,431 Evans Streets Suite 092,46246,Billing,2025-08-21 03:26:34,2025-08-21 03:26:34
312,282,12,20246 Tracie Corner,08058,Home,2025-11-03 15:01:31,2025-11-03 15:01:31
313,283,26,5469 Bianca Mountains,69471,Home,2025-06-07 17:53:15,2025-06-07 17:53:15
314,284,16,70508 Gilbert Lakes Suite 259,24070,Home,2024-02-02 16:43:22,2024-02-02 16:43:22
315,285,35,4273 Walker Stravenue Suite 650,90901,Home,2023-12-29 12:56:27,2023-12-29 12:56:27
316,286,17,637 Michael Ranch Apt. 718,,Home,2024-03-08 21:13:38,2024-03-08 21:13:38
317,287,21,08818 Justin Walks Apt. 244,84740,Home,2025-12-09 19:48:10,2025-12-09 19:48:10
318,288,28,904 Joshua Plains Apt. 472,79496,Home,2025-09-28 19:38:06,2025-09-28 19:38:06
319,289,14,0287 Little Forge Apt. 073,,Home,2026-04-28 12:36:46,2026-04-28 12:36:46
320,290,36,7046 Mills Ridges,69343,home,2025-01-15 19:17:00,2025-01-15 19:17:00
321,291,16,600 Margaret Estate Apt. 783,95388,Home,2024-02-07 20:42:46,2024-02-07 20:42:46
322,292,28,6809 James River,85457,Home,2023-08-30 11:59:26,2023-08-30 11:59:26
323,293,38,7444 Jamie Keys Apt. 436,29316,Home,2024-08-21 13:18:45,2024-08-21 13:18:45
324,294,42,4836 Steven Plaza Apt. 277,74180,Home,2024-11-10 15:58:19,2024-11-10 15:58:19
325,295,44,0310 Holmes Parks Apt. 548,86225,Home,2023-07-18 14:32:52,2023-07-18 14:32:52
326,296,1,14389 Nicholas Lights Suite 507,79289,Home,2024-01-29 12:54:04,2024-01-29 12:54:04
327,296,25,917 Hannah Key,47833,Billing,2024-01-30 09:32:11,2024-01-30 09:32:11
328,297,43,573 Gray Falls Suite 476,80894,Home,2023-09-02 16:44:00,2023-09-02 16:44:00
329,298,38,7141 Martinez Fort Suite 783,24298,Home,2026-02-20 12:04:04,2026-02-20 12:04:04
330,299,31,0783 Wilkerson Village Suite 868,11767,Home,2024-07-02 11:41:17,2024-07-02 11:41:17
331,299,5,69966 Wright Spring Suite 037,78755,Billing,2024-07-01 05:49:35,2024-07-01 05:49:35
332,300,23,9666 Amanda Ports,91744,Home,2024-11-03 03:13:14,2024-11-03 03:13:14
333,301,5,1985 Angie Islands,29814,Home,2026-03-13 04:49:12,2026-03-13 04:49:12
334,302,37,6110 Barbara Courts Apt. 634,25407,Home,2026-05-28 10:02:06,2026-05-28 10:02:06
335,303,30,242 April Spring Suite 743,86858,Home,2025-02-27 09:23:25,2025-02-27 09:23:25
336,304,5,5989 Jessica Springs,70664,Home,2023-09-20 02:40:24,2023-09-20 02:40:24
337,304,29,43169 Coleman Passage,58557,Billing,2023-09-18 02:36:57,2023-09-18 02:36:57
338,305,36,43304 Andrew Junction Apt. 237,95890,Home,2023-10-28 23:06:34,2023-10-28 23:06:34
339,306,33,00552 Barbara Circle Apt. 271,52752,Home,2025-02-08 09:36:22,2025-02-08 09:36:22
340,307,41,75196 Hughes Stravenue Suite 554,76098,Home,2024-10-05 13:52:01,2024-10-05 13:52:01
341,308,30,55909 Hunt Branch,43250,Home,2024-10-11 15:16:26,2024-10-11 15:16:26
342,309,4,44191 Peters Village Apt. 462,90448,Home,2023-09-18 05:49:49,2023-09-18 05:49:49
343,310,41,814 Martin Vista,65081,Home,2025-09-25 05:32:00,2025-09-25 05:32:00
344,311,2,4534 Scott Mountains,80658,Home,2025-10-06 14:31:06,2025-10-06 14:31:06
345,312,28,26049 Alexander Neck Suite 228,18618,Home,2025-11-16 12:00:36,2025-11-16 12:00:36
346,313,32,17549 Parks Heights Suite 151,49352,Home,2025-09-24 16:43:00,2025-09-24 16:43:00
347,314,11,21649 Sandra Canyon Suite 139,34306,Home,2025-04-23 07:44:06,2025-04-23 07:44:06
348,315,12,557 Crawford Light,61847,Home,2025-06-27 21:40:31,2025-06-27 21:40:31
349,316,1,9391 Adams Shoals,07049,Home,2025-06-12 11:24:30,2025-06-12 11:24:30
350,317,27,6769 John Causeway Suite 035,67523,Home,2024-06-19 04:17:05,2024-06-19 04:17:05
351,317,9,3284 Bailey Underpass Apt. 075,10631,Billing,2024-06-19 08:46:55,2024-06-19 08:46:55
352,318,44,67541 Erica Islands Apt. 114,17541,home,2025-10-24 17:32:39,2025-10-24 17:32:39
353,319,6,365 Solis Springs,66601,Home,2026-03-24 19:31:20,2026-03-24 19:31:20
354,320,27,95392 Garcia Curve,78568,Home,2024-10-09 08:09:43,2024-10-09 08:09:43
355,321,9,057 Kim Viaduct,07576,Home,2026-03-25 23:13:34,2026-03-25 23:13:34
356,322,36,7426 Snyder Ford,51580,Home,2024-07-08 20:55:46,2024-07-08 20:55:46
357,323,41,057 Reed Row Suite 125,17752,Home,2026-01-18 03:11:18,2026-01-18 03:11:18
358,324,29,99099 Jesus Branch,,Home,2025-06-01 03:40:53,2025-06-01 03:40:53
359,325,3,73895 Pierce Grove,95837,Home,2024-06-10 01:18:52,2024-06-10 01:18:52
360,325,4,849 Murray Ports Apt. 990,92083,Billing,2024-06-08 15:59:39,2024-06-08 15:59:39
361,326,36,06397 Pam Land,94048,Home,2025-11-11 05:51:26,2025-11-11 05:51:26
362,327,35,808 Timothy Plains Suite 477,76010,Home,2023-10-18 20:15:32,2023-10-18 20:15:32
363,328,4,9375 Matthew Point Apt. 111,50394,Home,2026-03-27 12:12:29,2026-03-27 12:12:29
364,328,10,528 Christine Junctions,17518,Billing,2026-03-26 14:37:39,2026-03-26 14:37:39
365,329,15,09820 Foster Knolls Apt. 629,67746,Home,2025-05-14 08:11:46,2025-05-14 08:11:46
366,330,33,905 Brian Inlet,83099,Home,2025-09-04 23:40:00,2025-09-04 23:40:00
367,331,35,80913 Farmer Inlet,79691,Home,2026-04-27 17:32:57,2026-04-27 17:32:57
368,332,26,1373 Sims Fort Apt. 104,63577,Home,2023-11-23 09:44:19,2023-11-23 09:44:19
369,333,16,03268 Hanson Islands,52780,Home,2025-09-11 08:50:35,2025-09-11 08:50:35
370,334,4,5453 Davis Field Apt. 055,07627,Home,2023-07-30 14:16:15,2023-07-30 14:16:15
371,335,14,80966 Rachel Roads,21823,Home,2026-02-06 11:52:18,2026-02-06 11:52:18
372,336,6,754 Barker Prairie,01199,Home,2025-07-13 05:07:35,2025-07-13 05:07:35
373,337,6,828 Dominique Curve,63674,Home,2023-11-01 19:19:13,2023-11-01 19:19:13
374,338,25,2891 Jeffrey Hollow,91676,Home,2023-08-17 22:53:20,2023-08-17 22:53:20
375,339,10,026 Guzman Islands,29906,Home,2024-07-03 11:51:31,2024-07-03 11:51:31
376,340,40,70367 Paul Drive Apt. 766,60339,Home,2026-01-26 23:36:05,2026-01-26 23:36:05
377,341,16,43996 Matthew Drives,36293,Home,2024-10-18 00:55:38,2024-10-18 00:55:38
378,342,2,0702 Pittman Mall,91453,Home,2025-07-06 06:53:04,2025-07-06 06:53:04
379,343,10,57450 Fritz Throughway Suite 538,,Home,2025-05-09 02:21:56,2025-05-09 02:21:56
380,344,32,555 Kerr Lake Apt. 974,86652,Home,2024-12-27 23:03:21,2024-12-27 23:03:21
381,345,38,058 Ryan Creek Suite 892,11763,Home,2025-03-30 19:28:08,2025-03-30 19:28:08
382,346,37,90860 Collin Mills,83042,Home,2024-11-05 18:23:27,2024-11-05 18:23:27
383,347,22,33676 Anthony Forest Apt. 493,40223,Home,2024-06-30 16:52:33,2024-06-30 16:52:33
384,348,9,575 Scott Curve,15477,Home,2025-02-20 09:19:42,2025-02-20 09:19:42
385,349,9,66516 Jeffrey Isle,30291,Home,2026-06-01 04:52:44,2026-06-01 04:52:44
386,350,44,074 Jermaine Springs Suite 416,,home,2024-01-04 12:52:54,2024-01-04 12:52:54
387,351,24,25940 David Gateway,46460,home,2023-08-11 13:19:15,2023-08-11 13:19:15
388,351,17,1282 French Walk Suite 405,37683,Billing,2023-08-13 04:07:35,2023-08-13 04:07:35
389,352,7,01328 Clark Meadows,60430,Home,2024-07-09 07:06:12,2024-07-09 07:06:12
390,353,2,68540 Lowe Harbors,47959,Home,2025-12-16 13:57:47,2025-12-16 13:57:47
391,354,12,31082 Spencer Walk Suite 316,16098,Home,2025-02-26 18:29:31,2025-02-26 18:29:31
392,355,41,745 David Streets Apt. 104,87004,Home,2024-04-28 21:22:51,2024-04-28 21:22:51
393,355,42,5166 Donna Unions,57087,Billing,2024-04-30 10:17:17,2024-04-30 10:17:17
394,356,16,506 Stephanie Centers,03171,Home,2025-07-29 12:53:21,2025-07-29 12:53:21
395,357,15,2022 Wood Summit,83151,Home,2026-05-12 14:55:39,2026-05-12 14:55:39
396,358,4,4528 Gomez Ville Apt. 617,04149,Home,2025-08-09 09:00:05,2025-08-09 09:00:05
397,359,37,2282 Michelle Islands Apt. 791,21059,Home,2025-12-31 10:36:21,2025-12-31 10:36:21
398,360,13,0239 Savannah Views Apt. 465,06586,Home,2024-04-15 02:22:05,2024-04-15 02:22:05
399,361,26,42311 Webster Loop Suite 674,88519,Home,2024-10-30 02:24:59,2024-10-30 02:24:59
400,362,7,814 Morrison Parks,,Home,2023-09-25 13:29:28,2023-09-25 13:29:28
401,363,30,4297 Sanchez Burgs,34495,Home,2023-07-27 18:40:44,2023-07-27 18:40:44
402,364,2,21072 Darrell Walk Suite 945,64950,Home,2024-09-27 06:30:54,2024-09-27 06:30:54
403,365,11,20227 Maria Mission Apt. 649,17891,Home,2025-09-27 21:43:35,2025-09-27 21:43:35
404,366,43,753 Charles Lane,86312,Home,2024-03-28 04:52:43,2024-03-28 04:52:43
405,367,14,2212 Corey Crescent,09016,Home,2024-06-25 10:15:53,2024-06-25 10:15:53
406,368,42,35898 Lauren Plains Apt. 258,35880,Home,2024-08-03 19:16:36,2024-08-03 19:16:36
407,369,38,8140 Alec Spring,30935,Home,2025-06-27 08:10:27,2025-06-27 08:10:27
408,370,24,952 Matthews Knolls,15470,Home,2024-09-12 18:21:58,2024-09-12 18:21:58
409,371,40,737 Madison Cliffs Apt. 728,15556,Home,2024-01-03 09:31:07,2024-01-03 09:31:07
410,372,11,9358 Adam Walks Suite 526,,Home,2024-07-12 05:44:34,2024-07-12 05:44:34
411,373,29,8730 Kevin Views Suite 019,97520,Home,2026-02-19 05:38:15,2026-02-19 05:38:15
412,374,6,368 Colin Island Suite 833,83197,Home,2025-04-26 11:18:02,2025-04-26 11:18:02
413,374,4,169 Chandler Ridge,06606,Billing,2025-04-28 16:09:19,2025-04-28 16:09:19
414,375,38,9371 Eaton Viaduct Apt. 037,,Home,2025-06-01 20:17:49,2025-06-01 20:17:49
415,376,21,72250 Burns Fields,39249,Home,2023-10-10 16:48:18,2023-10-10 16:48:18
416,377,9,445 Smith Camp,,Home,2024-11-26 19:21:37,2024-11-26 19:21:37
417,378,22,68105 Richard Pine,79574,Home,2025-08-07 00:04:06,2025-08-07 00:04:06
418,379,11,824 Jason Turnpike,86633,Home,2025-12-23 16:07:39,2025-12-23 16:07:39
419,380,1,2884 Maria Rest Apt. 748,,Home,2025-01-10 00:13:42,2025-01-10 00:13:42
420,381,41,187 Timothy Creek,74792,Home,2025-02-03 11:27:06,2025-02-03 11:27:06
421,382,39,1524 Corey Mountains,34327,Home,2025-07-15 23:31:53,2025-07-15 23:31:53
422,383,8,262 Douglas Roads Apt. 729,16735,Home,2025-11-09 01:13:05,2025-11-09 01:13:05
423,384,13,961 Paul Curve Apt. 918,00976,Home,2026-04-04 07:29:44,2026-04-04 07:29:44
424,384,16,525 Andrade Canyon Suite 999,10327,Billing,2026-04-03 00:16:44,2026-04-03 00:16:44
425,385,28,712 Joseph Mountains Apt. 650,73046,Home,2025-11-09 06:45:32,2025-11-09 06:45:32
426,386,44,642 Butler Extensions,29581,Home,2023-08-03 21:52:24,2023-08-03 21:52:24
427,387,26,03224 Villarreal Island,43274,Home,2025-09-23 12:48:38,2025-09-23 12:48:38
428,388,32,19504 Yolanda Drives Apt. 441,53147,Home,2025-05-21 05:52:44,2025-05-21 05:52:44
429,389,43,8050 Peterson Plains Apt. 029,21500,Home,2024-08-30 20:41:46,2024-08-30 20:41:46
430,390,13,9702 Kimberly Ridges Apt. 872,73437,Home,2023-09-30 16:19:47,2023-09-30 16:19:47
431,391,16,0118 Williams Extension Apt. 108,44079,Home,2025-05-10 00:05:41,2025-05-10 00:05:41
432,392,2,256 Miller Turnpike Suite 231,97848,home,2026-04-06 21:20:04,2026-04-06 21:20:04
433,393,20,681 Linda Port Apt. 033,43408,Home,2024-04-25 13:06:05,2024-04-25 13:06:05
434,394,43,0875 Armstrong Dam Suite 455,73029,Home,2024-06-12 17:57:24,2024-06-12 17:57:24
435,395,28,2458 Cory Landing Suite 631,50531,Home,2024-12-24 03:44:17,2024-12-24 03:44:17
436,396,24,2197 Cook Square Apt. 595,29778,Home,2025-08-13 01:17:23,2025-08-13 01:17:23
437,397,7,694 Williams Shoals Suite 902,73070,Home,2025-04-13 13:49:36,2025-04-13 13:49:36
438,398,33,748 Parker Turnpike Suite 864,10621,Home,2025-05-11 05:03:09,2025-05-11 05:03:09
439,399,35,379 Ryan Rue,77014,Home,2024-08-30 03:52:27,2024-08-30 03:52:27
440,400,15,081 Melissa Lakes Apt. 607,97208,Home,2025-10-08 00:36:03,2025-10-08 00:36:03
441,401,33,9722 Campbell Hills,63556,Home,2024-05-29 13:45:00,2024-05-29 13:45:00
442,402,33,30821 Bruce Glens Apt. 053,60434,Home,2024-03-10 16:12:15,2024-03-10 16:12:15
443,403,23,21077 Colton Corners,94334,Home,2024-07-14 16:22:28,2024-07-14 16:22:28
444,404,40,2211 Prince Path,43740,Home,2024-12-12 06:30:46,2024-12-12 06:30:46
445,405,40,09662 Matthew Avenue Suite 398,29312,Home,2025-02-06 07:36:10,2025-02-06 07:36:10
446,406,19,193 Eric Radial,29313,Home,2026-03-25 14:34:56,2026-03-25 14:34:56
447,407,37,841 Rivera Ridges,10523,Home,2026-05-11 04:55:18,2026-05-11 04:55:18
448,407,30,8780 Catherine Cliffs Suite 451,70498,Billing,2026-05-11 08:20:41,2026-05-11 08:20:41
449,408,24,847 Valerie Lakes Suite 819,98033,Home,2025-11-10 05:55:55,2025-11-10 05:55:55
450,409,28,824 Wilson Lakes,89576,Home,2024-05-27 14:54:08,2024-05-27 14:54:08
451,410,18,1841 Adam Crescent,36028,Home,2026-01-05 08:16:47,2026-01-05 08:16:47
452,411,15,546 Joseph Via Apt. 683,30900,Home,2023-08-01 11:14:46,2023-08-01 11:14:46
453,412,34,7742 Ruben Crossroad,35147,Home,2025-12-16 01:08:02,2025-12-16 01:08:02
454,413,7,933 Emily Drive,89455,Home,2024-12-07 05:36:11,2024-12-07 05:36:11
455,414,4,3634 Sarah Mews,74197,Home,2025-03-17 23:29:33,2025-03-17 23:29:33
456,415,22,3404 Jay River Suite 363,93921,Home,2024-07-10 10:48:22,2024-07-10 10:48:22
457,416,30,7238 Carpenter Court,11373,Home,2026-01-21 05:57:27,2026-01-21 05:57:27
458,417,12,24981 Kevin Lakes,93030,Home,2025-01-26 08:17:18,2025-01-26 08:17:18
459,418,11,0099 Rodriguez Avenue Apt. 199,,Home,2025-12-27 07:19:38,2025-12-27 07:19:38
460,419,38,399 Christine Cliff Apt. 312,35940,Home,2024-01-20 10:56:38,2024-01-20 10:56:38
461,420,13,7153 Teresa Junction,15706,Home,2026-03-06 05:45:15,2026-03-06 05:45:15
462,420,18,179 Flores Mill,19122,Billing,2026-03-05 03:32:38,2026-03-05 03:32:38
463,421,40,762 Clark Dam Apt. 812,21110,Home,2025-06-19 19:45:53,2025-06-19 19:45:53
464,422,30,91594 Smith Locks,,Home,2025-05-30 08:50:31,2025-05-30 08:50:31
465,423,27,3959 Jeffrey Lane Suite 188,34483,Home,2025-02-11 04:37:08,2025-02-11 04:37:08
466,424,12,66781 Brian Greens,83899,Home,2023-11-18 22:57:05,2023-11-18 22:57:05
467,425,43,596 Steven Harbors,53690,Home,2025-07-13 11:06:34,2025-07-13 11:06:34
468,426,7,791 Anthony Lodge,61005,Home,2024-08-28 03:35:28,2024-08-28 03:35:28
469,427,35,05718 Christopher Walks,89414,Home,2025-09-17 02:57:07,2025-09-17 02:57:07
470,427,7,198 Antonio Row,,Billing,2025-09-14 11:51:44,2025-09-14 11:51:44
471,428,30,712 Jeffery Plain,54901,Home,2023-08-22 20:49:44,2023-08-22 20:49:44
472,429,27,225 Conrad Lane Suite 853,40640,Home,2026-03-08 00:51:57,2026-03-08 00:51:57
473,430,14,3204 Jones Shore Suite 940,55738,Home,2023-07-02 12:54:51,2023-07-02 12:54:51
474,431,29,67477 Angela Field,14623,Home,2023-07-06 04:42:11,2023-07-06 04:42:11
475,432,12,69278 Natalie Springs Suite 869,67170,Home,2025-05-23 04:36:17,2025-05-23 04:36:17
476,433,14,58924 Flores Junctions Suite 936,91966,Home,2024-12-25 01:00:57,2024-12-25 01:00:57
477,434,1,515 Charles Drive Suite 645,,Home,2025-05-13 19:59:25,2025-05-13 19:59:25
478,435,41,0008 Morris Skyway,63572,Home,2025-12-09 10:13:36,2025-12-09 10:13:36
479,436,5,52808 Friedman Bypass,87970,Home,2026-05-08 05:42:46,2026-05-08 05:42:46
480,437,4,137 Christine Well Suite 111,30312,Home,2024-04-28 17:27:11,2024-04-28 17:27:11
481,438,32,92287 Sarah Green Suite 754,45426,Home,2024-01-27 05:38:23,2024-01-27 05:38:23
482,439,41,7450 Kristi Port Suite 507,86800,Home,2026-04-15 08:24:25,2026-04-15 08:24:25
483,440,42,24573 Williams Gateway Suite 619,57662,Home,2025-10-31 10:16:15,2025-10-31 10:16:15
484,441,1,53607 Allen Light,31540,Home,2026-01-27 18:59:52,2026-01-27 18:59:52
485,442,25,633 Tamara Isle Suite 275,32950,Home,2025-10-23 20:14:23,2025-10-23 20:14:23
486,443,18,37656 Miguel Manor,79111,Home,2024-06-12 20:48:41,2024-06-12 20:48:41
487,444,34,774 Edward Street Apt. 488,57037,Home,2025-01-24 19:51:09,2025-01-24 19:51:09
488,445,21,630 Robinson Mall,26743,Home,2025-08-27 16:28:24,2025-08-27 16:28:24
489,446,14,52755 Kelli Circles Apt. 652,70490,Home,2024-02-17 07:44:58,2024-02-17 07:44:58
490,447,6,364 Bonnie Oval Apt. 978,89106,Home,2024-06-30 15:50:26,2024-06-30 15:50:26
491,448,43,370 Kevin Islands Apt. 318,54969,Home,2026-05-16 06:45:38,2026-05-16 06:45:38
492,448,17,28662 Julia Roads Suite 501,45961,Billing,2026-05-16 12:00:27,2026-05-16 12:00:27
493,449,5,0110 Zachary Road Apt. 158,94144,Home,2023-11-08 17:16:29,2023-11-08 17:16:29
494,450,14,2146 Martin View,62941,Home,2023-11-03 01:08:22,2023-11-03 01:08:22
495,451,8,539 Reed Orchard,62976,Home,2025-05-05 10:36:24,2025-05-05 10:36:24
496,452,7,7542 Reed Corner Apt. 910,10113,Home,2024-02-26 17:53:31,2024-02-26 17:53:31
497,453,27,2322 Jacqueline Lock Suite 608,12628,Home,2026-04-01 22:23:46,2026-04-01 22:23:46
498,453,36,79588 Hall Trail Suite 821,55864,Billing,2026-04-01 03:29:18,2026-04-01 03:29:18
499,454,4,602 Christopher Gateway,98797,Home,2025-05-30 13:08:18,2025-05-30 13:08:18
500,455,18,251 Lamb Fort Apt. 185,40161,Home,2024-07-17 20:28:05,2024-07-17 20:28:05
501,456,31,9868 Moody Ville,87430,Home,2026-04-06 03:55:34,2026-04-06 03:55:34
502,457,10,1180 Melinda Lake,39399,Home,2024-04-02 16:50:33,2024-04-02 16:50:33
503,458,26,7247 Timothy Inlet,72549,Home,2024-12-06 11:34:11,2024-12-06 11:34:11
504,459,38,061 Torres Route Apt. 652,32394,Home,2023-09-03 20:04:05,2023-09-03 20:04:05
505,460,44,3307 Paul Fork,81855,Home,2025-11-29 09:40:55,2025-11-29 09:40:55
506,461,3,65643 Michael Loop,00658,Home,2023-11-27 15:43:19,2023-11-27 15:43:19
507,462,11,11626 Stephen Knoll,09329,Home,2025-04-18 06:23:17,2025-04-18 06:23:17
508,463,40,77206 Christine Summit,24604,Home,2025-01-26 23:26:03,2025-01-26 23:26:03
509,464,30,8528 Christie Dale,41325,Home,2025-06-28 22:41:05,2025-06-28 22:41:05
510,465,2,08341 Michelle Bypass,17821,Home,2023-07-08 02:31:43,2023-07-08 02:31:43
511,465,2,23697 Benjamin Shores,82593,Billing,2023-07-07 01:31:54,2023-07-07 01:31:54
512,466,6,476 Kaylee Pass,60300,Home,2025-12-02 07:17:01,2025-12-02 07:17:01
513,466,10,26854 Hoffman Dale,33529,Billing,2025-12-03 04:40:11,2025-12-03 04:40:11
514,467,3,0802 Lisa Dale,20450,Home,2023-09-08 13:20:03,2023-09-08 13:20:03
515,468,2,187 Jackie Ridges,20033,Home,2024-03-03 03:39:01,2024-03-03 03:39:01
516,469,43,88139 Roberts Harbors Apt. 315,39651,Home,2024-01-21 10:58:24,2024-01-21 10:58:24
517,470,15,1100 Cheryl Crossroad Apt. 726,18413,Home,2024-02-16 05:31:36,2024-02-16 05:31:36
518,471,3,13474 Bolton Green Apt. 059,32781,Home,2024-10-05 19:06:02,2024-10-05 19:06:02
519,471,43,910 Malone Street Suite 234,76656,Billing,2024-10-06 11:50:39,2024-10-06 11:50:39
520,472,1,7603 Kyle Trail,72995,Home,2024-09-06 15:17:41,2024-09-06 15:17:41
521,472,7,295 Henderson Via Apt. 570,17955,Billing,2024-09-08 17:00:10,2024-09-08 17:00:10
522,473,19,10417 Katherine Fall,42811,Home,2025-03-28 01:10:02,2025-03-28 01:10:02
523,474,24,74616 Graham Flat,06433,Home,2024-04-12 01:18:34,2024-04-12 01:18:34
524,475,3,0230 Rose Haven,69362,Home,2025-05-21 01:38:56,2025-05-21 01:38:56
525,476,26,9251 Christy Brook,65063,Home,2025-09-01 02:21:48,2025-09-01 02:21:48
526,476,36,930 Judith Falls Apt. 400,80695,Billing,2025-09-02 20:50:29,2025-09-02 20:50:29
527,477,17,863 Rodriguez Mountains,37973,home,2024-01-05 08:03:46,2024-01-05 08:03:46
528,478,20,06898 Schultz Falls,77280,Home,2024-09-05 14:21:12,2024-09-05 14:21:12
529,479,12,51336 Hannah Pine Apt. 693,46718,Home,2024-07-21 04:33:38,2024-07-21 04:33:38
530,480,39,0942 Miller Parks,03009,Home,2025-03-10 05:19:52,2025-03-10 05:19:52
531,481,11,210 Schwartz Orchard,72867,Home,2025-03-02 09:08:33,2025-03-02 09:08:33
532,482,42,77410 Rodgers Viaduct Apt. 689,33452,Home,2025-04-01 23:14:26,2025-04-01 23:14:26
533,483,37,627 Patrick Stream Suite 758,54721,Home,2024-12-16 06:33:26,2024-12-16 06:33:26
534,484,17,86292 Stewart Expressway,68653,Home,2025-12-29 04:11:27,2025-12-29 04:11:27
535,485,21,6566 Crane Curve Suite 637,51385,Home,2025-01-12 19:01:37,2025-01-12 19:01:37
536,486,9,59279 Anthony Row,76001,home,2025-06-29 08:42:18,2025-06-29 08:42:18
537,487,9,183 Hansen Cape Apt. 956,68673,Home,2023-12-05 17:44:01,2023-12-05 17:44:01
538,487,6,0831 Lindsey Mountain,87872,Billing,2023-12-06 10:53:12,2023-12-06 10:53:12
539,488,36,8752 Matthew Burg Apt. 373,09680,Home,2024-04-24 01:41:45,2024-04-24 01:41:45
540,489,11,1899 Reyes Mountains Apt. 204,47121,Home,2024-02-12 04:37:45,2024-02-12 04:37:45
541,489,25,6127 Megan Stravenue,16361,billing,2024-02-10 15:33:10,2024-02-10 15:33:10
542,490,23,02768 Tabitha Lodge,40808,Home,2023-06-11 16:39:32,2023-06-11 16:39:32
543,491,15,596 Jacob Tunnel Apt. 818,97412,Home,2026-03-08 11:36:09,2026-03-08 11:36:09
544,491,4,375 Denise Canyon,18109,Billing,2026-03-07 20:13:43,2026-03-07 20:13:43
545,492,43,556 Clark Burgs,86900,Home,2024-04-29 10:04:00,2024-04-29 10:04:00
546,493,30,7336 Ford Mountains Apt. 005,46883,Home,2023-08-21 19:14:08,2023-08-21 19:14:08
547,494,40,87892 Stevenson Drives,24221,home,2025-07-08 08:30:10,2025-07-08 08:30:10
548,495,14,349 Day Prairie Apt. 473,95068,Home,2026-03-19 17:04:30,2026-03-19 17:04:30
549,496,40,9587 Gomez Ferry,24326,Home,2026-04-03 09:03:37,2026-04-03 09:03:37
550,497,40,97481 Michael Forest Apt. 044,12850,Home,2024-09-04 20:45:55,2024-09-04 20:45:55
551,498,23,32989 Nathan Manor,80118,Home,2025-11-18 02:10:25,2025-11-18 02:10:25
552,499,38,3122 Susan Greens Apt. 432,50794,Home,2023-11-05 03:17:38,2023-11-05 03:17:38
553,500,14,344 Mary Point,83945,Home,2025-08-09 22:40:34,2025-08-09 22:40:34
554,501,19,03922 Ramos Crescent,37052,Home,2025-07-11 17:04:07,2025-07-11 17:04:07
555,502,15,725 Rush Road Suite 557,57635,Home,2026-02-08 20:03:56,2026-02-08 20:03:56
556,503,1,97446 Tracie Fields Suite 619,67457,Home,2025-09-04 10:28:34,2025-09-04 10:28:34
557,504,36,218 Paula Trail Apt. 004,84577,Home,2024-11-09 03:26:10,2024-11-09 03:26:10
558,505,34,170 Daniel Green,98203,Home,2025-10-15 07:14:15,2025-10-15 07:14:15
559,505,9,630 Smith Throughway Suite 993,17910,Billing,2025-10-14 17:06:15,2025-10-14 17:06:15
560,506,22,721 Brian Stravenue Suite 865,14753,Home,2025-10-08 12:01:42,2025-10-08 12:01:42
561,507,8,30678 Martin Ways Apt. 052,09972,Home,2025-03-25 05:56:26,2025-03-25 05:56:26
562,508,25,36206 Ryan Fords Apt. 724,16214,Home,2025-04-12 06:10:30,2025-04-12 06:10:30
563,509,39,6125 Bryan Knoll Apt. 526,94936,Home,2025-10-08 20:23:20,2025-10-08 20:23:20
564,510,36,482 Guy Prairie,23671,Home,2025-03-03 06:41:51,2025-03-03 06:41:51
565,511,39,1889 Thompson Wells Suite 355,97526,Home,2024-09-19 12:58:35,2024-09-19 12:58:35
566,512,42,48249 Anthony Row,46830,Home,2026-05-24 05:33:07,2026-05-24 05:33:07
567,513,7,320 Shawn Mission,81318,Home,2024-11-27 20:36:20,2024-11-27 20:36:20
568,513,17,70570 Kyle Branch Suite 871,96800,Billing,2024-11-29 20:33:16,2024-11-29 20:33:16
569,514,26,35986 Joseph Extension,17033,Home,2025-02-23 13:45:13,2025-02-23 13:45:13
570,515,43,201 Jason Ville Suite 152,58196,Home,2024-04-08 09:58:25,2024-04-08 09:58:25
571,515,26,1519 Garcia Mountain Apt. 894,38457,Billing,2024-04-06 01:12:19,2024-04-06 01:12:19
572,516,22,113 Emily Pike,,home,2025-03-13 21:54:59,2025-03-13 21:54:59
573,517,34,008 Melissa Springs Apt. 233,31882,Home,2024-06-24 16:26:35,2024-06-24 16:26:35
574,517,3,21720 James Drive Suite 166,,Billing,2024-06-26 18:28:44,2024-06-26 18:28:44
575,518,11,04181 Sexton Glen,10863,Home,2026-04-09 18:00:57,2026-04-09 18:00:57
576,519,21,159 Diane Lock Apt. 945,84243,Home,2024-03-16 03:15:25,2024-03-16 03:15:25
577,520,41,0289 Walton Street Suite 583,14711,Home,2026-01-15 10:05:37,2026-01-15 10:05:37
578,521,35,110 Marc Plaza,93603,Home,2025-10-16 18:27:25,2025-10-16 18:27:25
579,521,11,4186 Thompson Mission,80753,Billing,2025-10-16 06:27:51,2025-10-16 06:27:51
580,522,16,26150 Davis Turnpike,66754,Home,2024-11-15 23:32:29,2024-11-15 23:32:29
581,523,24,675 Molina View,56962,Home,2026-04-12 13:35:31,2026-04-12 13:35:31
582,524,21,3968 Ross Fort Apt. 345,09814,Home,2026-05-02 16:38:36,2026-05-02 16:38:36
583,524,44,0311 Stacey Summit Suite 513,10464,Billing,2026-05-01 17:06:26,2026-05-01 17:06:26
584,525,29,4082 Smith Spurs,02389,Home,2023-12-03 15:57:22,2023-12-03 15:57:22
585,526,37,8520 Melissa Gateway Suite 982,84009,Home,2024-09-29 00:05:06,2024-09-29 00:05:06
586,527,6,227 Allen Key,87269,Home,2024-04-07 09:51:14,2024-04-07 09:51:14
587,528,40,15929 Margaret Trace Suite 939,20711,Home,2026-02-02 10:28:42,2026-02-02 10:28:42
588,528,28,86285 Johnson Fields,,Billing,2026-02-04 00:29:51,2026-02-04 00:29:51
589,529,29,44576 Tasha Stream Apt. 017,25287,Home,2024-07-25 08:18:00,2024-07-25 08:18:00
590,530,24,17286 Lawrence Lane Suite 049,23926,Home,2024-04-24 06:05:33,2024-04-24 06:05:33
591,531,21,97090 Frank Ramp,12226,Home,2024-06-11 12:06:44,2024-06-11 12:06:44
592,532,1,80154 Sarah Island Apt. 484,87802,Home,2026-01-23 07:18:24,2026-01-23 07:18:24
593,532,22,6120 Jenkins Valley Suite 288,,Billing,2026-01-23 09:41:18,2026-01-23 09:41:18
594,533,27,45523 Lloyd Dale,93348,Home,2024-06-17 09:17:22,2024-06-17 09:17:22
595,534,28,43000 Nguyen Ways,80997,Home,2025-03-13 02:14:39,2025-03-13 02:14:39
596,535,12,898 Albert Fords,45246,Home,2024-03-19 01:25:23,2024-03-19 01:25:23
597,536,25,61250 Robin Trafficway Suite 718,39256,Home,2024-10-16 19:20:00,2024-10-16 19:20:00
598,537,27,053 Greene Mountains Apt. 794,,Home,2024-05-22 19:53:57,2024-05-22 19:53:57
599,538,39,32205 Carlson Villages Suite 613,37904,Home,2023-08-15 09:53:23,2023-08-15 09:53:23
600,539,40,8616 Bartlett Spring,89803,Home,2024-02-21 12:00:52,2024-02-21 12:00:52
601,540,10,985 Lisa Land,41159,Home,2023-07-09 08:46:48,2023-07-09 08:46:48
602,541,19,84793 Berry Path Apt. 919,06352,Home,2024-05-11 13:52:20,2024-05-11 13:52:20
603,542,33,301 Savage Fall Apt. 038,36734,Home,2023-08-07 21:34:49,2023-08-07 21:34:49
604,543,25,38810 Bailey Run,38309,Home,2024-11-23 04:31:45,2024-11-23 04:31:45
605,544,17,142 Price Neck,77855,Home,2023-08-30 10:35:40,2023-08-30 10:35:40
606,545,34,9194 Anderson Stream Suite 874,61373,Home,2025-08-14 21:32:04,2025-08-14 21:32:04
607,546,25,2266 Logan Pass Suite 468,73305,Home,2023-12-07 15:35:30,2023-12-07 15:35:30
608,547,4,953 Taylor Drive Suite 447,,Home,2023-09-20 17:53:28,2023-09-20 17:53:28
609,548,40,2424 Lindsay Forges Suite 285,87082,Home,2025-06-24 13:10:49,2025-06-24 13:10:49
610,549,19,846 Joseph Place Apt. 915,34229,Home,2024-01-11 14:31:59,2024-01-11 14:31:59
611,550,18,547 Shepard Street Suite 380,23579,Home,2024-02-18 14:01:14,2024-02-18 14:01:14
612,551,14,9783 Owens Garden,18379,Home,2025-08-02 05:09:49,2025-08-02 05:09:49
613,551,18,791 Hopkins Island,59181,Billing,2025-08-03 15:31:55,2025-08-03 15:31:55
614,552,1,531 Tucker Branch Suite 103,49797,home,2024-02-14 11:31:52,2024-02-14 11:31:52
615,553,24,68133 Johnson Hollow Apt. 335,24318,Home,2025-02-14 04:05:02,2025-02-14 04:05:02
616,553,20,077 Frey Meadows,87579,Billing,2025-02-15 19:46:47,2025-02-15 19:46:47
617,554,17,2962 Seth River Apt. 777,27917,Home,2023-11-07 10:44:00,2023-11-07 10:44:00
618,555,6,69115 Laura Village Apt. 204,65390,Home,2025-11-05 23:21:47,2025-11-05 23:21:47
619,555,22,84620 Mason Plaza,43119,Billing,2025-11-06 16:15:10,2025-11-06 16:15:10
620,556,36,0894 David Inlet,37298,Home,2025-06-29 05:09:40,2025-06-29 05:09:40
621,557,17,86971 Williams Island Apt. 343,33071,Home,2023-07-19 07:02:34,2023-07-19 07:02:34
622,558,42,4212 Ramirez Curve,13052,Home,2025-11-09 07:38:07,2025-11-09 07:38:07
623,559,13,70333 Brittney Park Suite 881,65777,Home,2023-11-05 22:39:51,2023-11-05 22:39:51
624,559,13,91698 Danielle Underpass Suite 011,69591,Billing,2023-11-04 19:16:21,2023-11-04 19:16:21
625,560,23,35341 Wright Green Apt. 087,26350,Home,2025-04-20 06:52:28,2025-04-20 06:52:28
626,561,27,1902 Vanessa Pine,27242,Home,2025-12-14 13:42:13,2025-12-14 13:42:13
627,562,7,926 Simpson Island Apt. 192,62265,Home,2025-02-11 17:02:29,2025-02-11 17:02:29
628,563,29,987 Beverly Row,86895,Home,2026-01-16 06:35:05,2026-01-16 06:35:05
629,564,34,5887 Erin Fork Apt. 463,79186,Home,2025-07-31 11:30:52,2025-07-31 11:30:52
630,565,2,561 Patricia Road Apt. 091,19416,Home,2024-04-09 03:05:00,2024-04-09 03:05:00
631,566,5,91450 Eric Shoals Apt. 558,40268,Home,2023-09-01 17:43:03,2023-09-01 17:43:03
632,567,25,34280 Diana Lodge Apt. 995,89332,Home,2025-11-05 22:40:30,2025-11-05 22:40:30
633,568,39,42207 Gill Forks,47476,Home,2026-05-18 22:48:53,2026-05-18 22:48:53
634,569,21,4253 Matthew Haven Suite 826,36015,Home,2026-02-24 16:27:14,2026-02-24 16:27:14
635,569,24,06189 Ralph Light Apt. 280,06751,Billing,2026-02-25 10:07:53,2026-02-25 10:07:53
636,570,33,778 White Parkway Suite 123,93251,Home,2023-10-30 23:27:28,2023-10-30 23:27:28
637,571,43,60092 Pittman Squares,98012,Home,2025-10-19 20:51:10,2025-10-19 20:51:10
638,572,34,32895 Brianna Ports,21835,Home,2026-04-22 13:21:44,2026-04-22 13:21:44
639,573,36,553 Cindy Brooks,89131,Home,2025-03-28 08:59:51,2025-03-28 08:59:51
640,574,26,663 Howard Union,57777,Home,2025-10-25 15:01:45,2025-10-25 15:01:45
641,574,20,2424 David Green Suite 750,57579,Billing,2025-10-23 05:10:23,2025-10-23 05:10:23
642,575,25,68295 Kendra Ports Apt. 921,42891,Home,2025-09-06 06:06:51,2025-09-06 06:06:51
643,576,35,3966 Traci Roads Apt. 493,08903,Home,2026-03-17 17:47:57,2026-03-17 17:47:57
644,577,12,770 Chan River Apt. 245,96038,Home,2024-09-15 15:13:05,2024-09-15 15:13:05
645,577,23,99588 Rivera Row,80666,Billing,2024-09-16 09:40:05,2024-09-16 09:40:05
646,578,41,2598 Thompson Light,07632,Home,2025-07-07 23:00:29,2025-07-07 23:00:29
647,579,37,832 Adam Crossroad,17749,Home,2025-01-11 11:38:53,2025-01-11 11:38:53
648,580,39,4011 Jon Tunnel Apt. 687,84919,Home,2024-05-13 07:31:46,2024-05-13 07:31:46
649,581,11,98238 Lori Orchard,31969,Home,2025-04-02 00:01:38,2025-04-02 00:01:38
650,581,9,589 Bell Key Apt. 750,,Billing,2025-03-31 18:01:07,2025-03-31 18:01:07
651,582,27,9743 Little Orchard,42057,Home,2026-05-04 16:00:55,2026-05-04 16:00:55
652,583,30,8599 Joseph Throughway Apt. 662,80634,Home,2025-09-18 00:47:44,2025-09-18 00:47:44
653,584,32,9082 Lewis Villages,12593,Home,2023-10-07 19:19:44,2023-10-07 19:19:44
654,585,35,903 Mcgrath Springs Apt. 419,12473,Home,2025-06-27 13:30:21,2025-06-27 13:30:21
655,586,22,76506 Jesus Mission Suite 523,46288,Home,2024-01-25 03:51:54,2024-01-25 03:51:54
656,587,25,2947 Wood Trafficway Apt. 669,01738,Home,2024-03-20 15:32:21,2024-03-20 15:32:21
657,588,36,783 Hall Knolls,45244,Home,2024-11-21 15:34:40,2024-11-21 15:34:40
658,589,2,01053 John Village,28197,Home,2025-12-23 01:28:37,2025-12-23 01:28:37
659,590,5,419 Richard Walks,35194,Home,2024-12-18 09:20:07,2024-12-18 09:20:07
660,591,9,04784 Gardner Coves,04909,Home,2025-05-06 21:17:37,2025-05-06 21:17:37
661,592,35,54810 Katie Road,39921,Home,2026-04-30 16:57:11,2026-04-30 16:57:11
662,593,3,54499 Gardner Circles Apt. 580,22452,Home,2025-04-03 05:04:58,2025-04-03 05:04:58
663,594,18,7152 Natalie Canyon,89663,Home,2024-04-16 05:02:47,2024-04-16 05:02:47
664,595,23,19364 Chan Springs,05580,Home,2024-05-16 08:30:07,2024-05-16 08:30:07
665,596,15,225 Crystal Orchard Suite 805,49631,Home,2023-10-17 06:55:45,2023-10-17 06:55:45
666,597,13,072 Tracey Light,55669,Home,2024-05-28 16:47:04,2024-05-28 16:47:04
667,598,6,5331 Bryan Walks Suite 578,87738,Home,2026-04-25 10:21:32,2026-04-25 10:21:32
668,599,36,783 Carol Burgs,45066,Home,2025-05-21 08:15:47,2025-05-21 08:15:47
669,600,37,433 Sheri Meadows,42224,Home,2023-10-05 17:23:05,2023-10-05 17:23:05
670,601,40,8323 Hammond Road Suite 591,80010,Home,2023-11-07 00:22:48,2023-11-07 00:22:48
671,602,19,05669 Baldwin Crossing,80861,Home,2024-12-22 03:59:55,2024-12-22 03:59:55
672,603,17,54877 Munoz Lights Suite 068,16367,Home,2026-03-10 01:30:52,2026-03-10 01:30:52
673,604,19,494 Richard Fort,12322,Home,2024-10-10 11:05:34,2024-10-10 11:05:34
674,605,2,7616 West Ridge Suite 504,86086,Home,2025-05-18 05:35:08,2025-05-18 05:35:08
675,606,27,15588 Christopher Wells,67993,Home,2025-08-27 08:54:11,2025-08-27 08:54:11
676,607,33,382 Jessica Streets Suite 546,74491,Home,2024-06-10 22:22:38,2024-06-10 22:22:38
677,608,22,91392 Melinda Causeway,69118,Home,2024-07-15 14:24:23,2024-07-15 14:24:23
678,609,11,863 Barnett Trail,97436,Home,2024-01-12 23:58:37,2024-01-12 23:58:37
679,610,25,1573 Rice Extensions,07756,Home,2025-02-02 00:06:18,2025-02-02 00:06:18
680,611,34,147 Miller Canyon Apt. 518,86230,Home,2023-09-08 03:39:09,2023-09-08 03:39:09
681,612,29,800 Colon Stream,29108,Home,2025-03-21 19:14:58,2025-03-21 19:14:58
682,613,12,325 Christina Trail,67907,Home,2025-03-22 00:28:27,2025-03-22 00:28:27
683,614,35,27668 Brown Lane Apt. 834,73619,Home,2024-01-21 01:46:43,2024-01-21 01:46:43
684,615,39,45637 Huff Flat Apt. 596,91697,Home,2023-11-14 14:32:56,2023-11-14 14:32:56
685,615,28,048 Melvin Estates Apt. 926,84852,Billing,2023-11-16 20:47:57,2023-11-16 20:47:57
686,616,1,325 Perez Greens Suite 607,78412,Home,2026-04-03 04:02:40,2026-04-03 04:02:40
687,617,41,730 Kirk Village Suite 570,72691,Home,2024-03-01 10:30:48,2024-03-01 10:30:48
688,618,23,194 Zuniga Mountain,49243,Home,2023-07-13 04:01:23,2023-07-13 04:01:23
689,619,15,14859 Chambers Vista,40046,Home,2024-05-29 01:12:03,2024-05-29 01:12:03
690,620,29,9164 Daniel Mountain,84417,Home,2025-02-28 11:08:35,2025-02-28 11:08:35
691,621,44,986 James Trace,37845,Home,2023-11-18 15:47:39,2023-11-18 15:47:39
692,622,5,71078 Brown Glens Suite 503,81337,home,2024-09-06 07:53:00,2024-09-06 07:53:00
693,623,40,429 Ray Trail Apt. 225,25712,Home,2024-02-24 09:32:03,2024-02-24 09:32:03
694,624,38,6570 Gina Circles,84682,Home,2024-04-23 07:21:39,2024-04-23 07:21:39
695,625,19,80895 Weber View,36299,Home,2025-10-01 17:14:35,2025-10-01 17:14:35
696,626,25,7919 Smith Estates Apt. 801,36276,Home,2023-06-21 17:59:35,2023-06-21 17:59:35
697,627,4,436 James Viaduct Suite 294,44835,Home,2024-02-21 04:57:24,2024-02-21 04:57:24
698,628,2,198 Williams Turnpike Apt. 345,47884,Home,2023-12-18 23:26:48,2023-12-18 23:26:48
699,629,16,8914 Brenda Ferry,57745,Home,2025-02-21 00:30:41,2025-02-21 00:30:41
700,630,22,4230 Charles Extension,05032,Home,2025-10-20 06:42:37,2025-10-20 06:42:37
701,631,13,751 Marks Curve Suite 829,14163,Home,2023-09-28 14:25:14,2023-09-28 14:25:14
702,632,43,632 Rebecca Junctions Suite 217,27644,Home,2025-10-31 09:20:28,2025-10-31 09:20:28
703,633,1,182 Gabriel Underpass Suite 412,00819,Home,2025-10-24 18:06:18,2025-10-24 18:06:18
704,634,9,931 Jordan Street Suite 147,12015,Home,2023-12-08 04:16:53,2023-12-08 04:16:53
705,635,20,8572 Maria Mission,96336,Home,2025-10-30 13:58:10,2025-10-30 13:58:10
706,636,16,92377 Michael Forges,85749,Home,2024-12-23 02:33:08,2024-12-23 02:33:08
707,637,44,2661 Emily Views Apt. 474,08635,Home,2024-12-22 14:56:57,2024-12-22 14:56:57
708,638,29,49138 Jacob Circle,16985,Home,2024-12-14 05:18:12,2024-12-14 05:18:12
709,639,19,93142 Alvarez Village,33241,Home,2025-06-29 08:29:08,2025-06-29 08:29:08
710,640,5,20249 Parker Fork Apt. 466,43981,Home,2024-06-04 17:29:21,2024-06-04 17:29:21
711,641,7,79889 Brown Hollow Suite 926,06937,Home,2025-10-26 15:28:56,2025-10-26 15:28:56
712,642,1,975 Brittany Road Suite 214,79496,Home,2025-03-30 14:44:46,2025-03-30 14:44:46
713,643,24,4257 Esparza Ways Apt. 597,85295,Home,2026-04-22 00:01:12,2026-04-22 00:01:12
714,644,22,7804 Alexandra Spur Suite 617,81256,Home,2026-01-23 00:28:52,2026-01-23 00:28:52
715,645,14,9579 Candace Square,01612,Home,2025-02-17 10:31:44,2025-02-17 10:31:44
716,646,9,857 Jackson Points Suite 975,,Home,2024-06-28 12:20:15,2024-06-28 12:20:15
717,647,7,249 Stanley Centers Apt. 595,65624,Home,2026-02-03 09:52:41,2026-02-03 09:52:41
718,648,38,6722 Adams Course,34426,Home,2024-12-14 04:54:01,2024-12-14 04:54:01
719,649,44,332 Perez Pine Apt. 444,42942,Home,2023-11-11 06:16:25,2023-11-11 06:16:25
720,650,18,196 Davidson Lights Suite 736,60488,Home,2026-02-10 14:07:44,2026-02-10 14:07:44
721,650,3,22716 Goodman Hills Apt. 474,01762,Billing,2026-02-08 04:12:19,2026-02-08 04:12:19
722,651,28,416 Johnson Vista Apt. 771,60686,Home,2025-02-07 00:34:35,2025-02-07 00:34:35
723,652,22,23251 Holly Meadows Apt. 511,97250,Home,2025-09-07 02:42:36,2025-09-07 02:42:36
724,653,31,11276 Julia Skyway Suite 071,69436,Home,2024-05-26 20:27:44,2024-05-26 20:27:44
725,654,44,95070 Hunt Plain,36377,Home,2023-07-29 19:07:24,2023-07-29 19:07:24
726,655,1,9470 Robert Roads Suite 203,91531,Home,2023-08-20 14:42:09,2023-08-20 14:42:09
727,656,16,5707 Mark Circle,05210,Home,2025-09-24 01:23:18,2025-09-24 01:23:18
728,657,4,19245 Jason Port Apt. 290,86922,Home,2025-09-18 17:38:49,2025-09-18 17:38:49
729,657,19,389 Jennifer Village,52407,Billing,2025-09-17 19:47:20,2025-09-17 19:47:20
730,658,20,001 Moreno Meadows Apt. 058,11767,Home,2024-02-16 14:03:53,2024-02-16 14:03:53
731,659,8,4744 Parsons Key Apt. 174,04698,Home,2023-09-28 16:29:55,2023-09-28 16:29:55
732,660,9,78127 Tran Crossing,02742,Home,2025-11-01 21:30:33,2025-11-01 21:30:33
733,661,20,03410 Hart Island,14775,Home,2026-02-02 11:49:58,2026-02-02 11:49:58
734,662,2,2069 Jones Islands,79281,Home,2024-01-11 16:43:14,2024-01-11 16:43:14
735,663,20,228 Nathaniel Skyway Suite 179,18171,Home,2023-10-17 01:58:27,2023-10-17 01:58:27
736,664,41,487 Kimberly Locks,65883,Home,2024-07-25 11:13:52,2024-07-25 11:13:52
737,665,42,67412 Schwartz Run,66341,Home,2023-11-29 13:59:31,2023-11-29 13:59:31
738,666,8,0923 Amanda Neck,29241,Home,2026-03-03 03:12:26,2026-03-03 03:12:26
739,667,35,442 Elizabeth Isle Suite 000,14217,Home,2025-10-11 08:23:58,2025-10-11 08:23:58
740,668,5,031 Jason Knolls Suite 328,10936,Home,2025-03-17 08:30:09,2025-03-17 08:30:09
741,669,13,2742 James Rue,35101,Home,2023-07-03 10:04:50,2023-07-03 10:04:50
742,670,15,604 Robert Mall Apt. 806,14082,Home,2025-07-16 17:12:48,2025-07-16 17:12:48
743,671,2,3187 Newton Fords,74931,Home,2023-10-22 18:59:56,2023-10-22 18:59:56
744,672,7,9790 Allen Fields Apt. 380,96295,Home,2024-11-24 23:34:35,2024-11-24 23:34:35
745,673,19,82472 Laura Valley Suite 146,97043,Home,2024-09-11 01:34:04,2024-09-11 01:34:04
746,674,17,227 Johnson Wall Suite 128,23984,Home,2025-06-11 05:17:28,2025-06-11 05:17:28
747,675,33,2591 Schwartz Highway Apt. 057,61503,Home,2026-04-22 05:16:10,2026-04-22 05:16:10
748,676,37,63197 Best Rest Suite 281,01831,Home,2023-12-13 19:08:04,2023-12-13 19:08:04
749,676,35,3439 Kyle Pass Suite 227,20897,Billing,2023-12-12 22:29:50,2023-12-12 22:29:50
750,677,37,565 Jessica Stravenue Apt. 831,14562,home,2023-10-09 11:19:01,2023-10-09 11:19:01
751,678,40,8557 Ashley Fort,13804,Home,2025-08-14 08:22:20,2025-08-14 08:22:20
752,679,23,5590 Thompson Coves,44797,Home,2025-10-30 00:32:00,2025-10-30 00:32:00
753,680,1,3621 Davis Way,85361,Home,2025-09-21 15:03:54,2025-09-21 15:03:54
754,681,4,67392 Soto Plains,34764,Home,2025-12-11 11:21:57,2025-12-11 11:21:57
755,681,25,405 Jay Way Suite 786,04474,Billing,2025-12-11 14:00:52,2025-12-11 14:00:52
756,682,33,6077 Bartlett Plain Suite 961,78353,home,2024-05-10 05:35:07,2024-05-10 05:35:07
757,683,22,92604 Richard Curve,54797,Home,2024-11-07 10:53:44,2024-11-07 10:53:44
758,684,39,934 Linda Track,66239,Home,2025-10-08 01:15:27,2025-10-08 01:15:27
759,685,12,977 Brian Groves Apt. 648,15947,Home,2026-05-16 04:25:50,2026-05-16 04:25:50
760,686,33,96796 Hannah Expressway Suite 880,40029,home,2024-12-05 19:26:39,2024-12-05 19:26:39
761,687,37,0663 Rollins Ferry Suite 827,40571,Home,2025-12-23 07:05:34,2025-12-23 07:05:34
762,688,31,31436 Morris Loop,64877,Home,2025-06-24 21:41:40,2025-06-24 21:41:40
763,688,41,1508 Key Knolls Apt. 393,08015,Billing,2025-06-27 14:39:00,2025-06-27 14:39:00
764,689,10,02602 Kellie Landing Apt. 508,78137,Home,2025-01-12 00:58:12,2025-01-12 00:58:12
765,689,19,4820 Lee Forges Apt. 934,87272,Billing,2025-01-13 08:21:43,2025-01-13 08:21:43
766,690,27,0144 Bright Pines Suite 724,62093,Home,2024-10-12 21:55:43,2024-10-12 21:55:43
767,691,22,20484 Kendra Squares,06163,Home,2024-08-21 11:55:34,2024-08-21 11:55:34
768,692,7,45573 Rodriguez Ranch,29115,Home,2026-03-03 22:20:23,2026-03-03 22:20:23
769,693,29,99546 Bradley Spring,01660,Home,2025-11-15 19:08:08,2025-11-15 19:08:08
770,693,5,1473 Hamilton Camp Apt. 132,30707,Billing,2025-11-15 08:50:42,2025-11-15 08:50:42
771,694,1,004 Meagan Fort Suite 322,19871,Home,2023-07-06 22:37:10,2023-07-06 22:37:10
772,695,10,831 Andrea Lodge,95162,Home,2023-12-12 15:10:59,2023-12-12 15:10:59
773,696,10,3998 Cheryl Streets Apt. 152,98056,Home,2024-05-19 17:57:11,2024-05-19 17:57:11
774,697,16,24610 Catherine Knoll Apt. 667,28679,Home,2024-06-25 19:44:59,2024-06-25 19:44:59
775,698,35,67650 Chen Extensions Apt. 192,77365,Home,2025-05-26 06:16:56,2025-05-26 06:16:56
776,699,34,7773 Miller Manors Apt. 045,82447,Home,2025-12-09 17:31:04,2025-12-09 17:31:04
777,700,43,0452 Kristin Drives,96108,Home,2023-06-11 01:54:17,2023-06-11 01:54:17
778,701,20,147 Victor Mountains,93736,Home,2024-03-12 14:39:27,2024-03-12 14:39:27
779,702,35,6854 Vega Crossing Apt. 921,93193,Home,2023-10-19 12:59:23,2023-10-19 12:59:23
780,703,8,24031 Katie Mount,52471,Home,2025-09-25 19:32:10,2025-09-25 19:32:10
781,704,27,0973 Blair Loop Suite 483,73894,Home,2026-01-21 16:31:57,2026-01-21 16:31:57
782,705,40,896 Smith Freeway Apt. 465,29280,Home,2024-01-29 07:34:22,2024-01-29 07:34:22
783,706,7,2563 Clark Plain Suite 161,07878,Home,2024-12-13 05:26:27,2024-12-13 05:26:27
784,707,30,3833 Dominguez Curve Apt. 698,75757,Home,2025-07-29 01:54:18,2025-07-29 01:54:18
785,708,21,77335 Carol Park Suite 033,69263,Home,2025-01-28 22:17:02,2025-01-28 22:17:02
786,708,22,57386 Austin Street Apt. 981,58963,Billing,2025-01-26 19:05:03,2025-01-26 19:05:03
787,709,5,013 Jason Knoll Apt. 054,,Home,2023-12-21 02:39:20,2023-12-21 02:39:20
788,710,31,6923 Harris Parks Suite 714,38463,Home,2024-05-12 06:28:15,2024-05-12 06:28:15
789,711,8,50196 Alison Islands Apt. 211,63876,Home,2024-09-01 11:37:48,2024-09-01 11:37:48
790,712,33,19331 Snyder Lakes Apt. 902,79472,Home,2023-10-15 00:20:04,2023-10-15 00:20:04
791,713,43,9906 Ryan Lights Suite 549,08989,Home,2025-06-21 15:36:17,2025-06-21 15:36:17
792,714,35,686 Meyer Springs,42989,Home,2024-02-13 20:54:05,2024-02-13 20:54:05
793,714,33,735 Carroll Court Apt. 760,74717,Billing,2024-02-11 19:45:43,2024-02-11 19:45:43
794,715,22,3876 Rachael Land,65316,Home,2025-12-06 20:14:21,2025-12-06 20:14:21
795,716,41,1585 Crawford Circles Apt. 102,16227,Home,2023-10-09 14:45:06,2023-10-09 14:45:06
796,716,27,9979 Patrick Roads Suite 311,76873,Billing,2023-10-10 14:02:47,2023-10-10 14:02:47
797,717,10,8526 Mark Square Apt. 217,50403,Home,2025-07-26 20:29:21,2025-07-26 20:29:21
798,718,3,14030 Matthew Meadows Suite 325,,Home,2024-02-26 12:53:42,2024-02-26 12:53:42
799,719,26,213 Kelly Ridge Apt. 879,18579,Home,2026-02-19 02:00:55,2026-02-19 02:00:55
800,720,20,2527 Holland Fort Suite 727,15833,Home,2024-06-30 12:22:08,2024-06-30 12:22:08
801,721,21,95626 Shelby Plains,29983,Home,2024-09-17 04:50:19,2024-09-17 04:50:19
802,722,24,3697 Jacobs Well,20531,Home,2024-11-19 16:19:57,2024-11-19 16:19:57
803,722,7,62234 Williams Plaza Apt. 032,96927,Billing,2024-11-20 08:29:15,2024-11-20 08:29:15
804,723,21,207 Terry Haven,87006,Home,2024-11-08 05:42:07,2024-11-08 05:42:07
805,724,7,46241 French Brook,76103,Home,2025-04-13 10:06:05,2025-04-13 10:06:05
806,725,16,067 Malone Common,48103,Home,2025-03-06 18:41:25,2025-03-06 18:41:25
807,726,40,2800 Jessica Corners Apt. 774,92439,Home,2025-02-15 08:07:08,2025-02-15 08:07:08
808,727,29,02601 Curtis Trace Apt. 832,07107,Home,2023-08-08 23:33:15,2023-08-08 23:33:15
809,728,21,88891 Anderson Way,42281,Home,2023-09-03 18:40:13,2023-09-03 18:40:13
810,729,33,812 Ramirez Prairie Apt. 048,33413,Home,2025-04-13 23:29:34,2025-04-13 23:29:34
811,730,6,6997 Smith Lodge Apt. 620,95417,Home,2024-06-22 08:39:52,2024-06-22 08:39:52
812,731,43,1189 Jennifer Route,37145,Home,2025-07-16 12:11:03,2025-07-16 12:11:03
813,732,37,7090 Johnson Extension,50151,Home,2026-03-07 23:08:23,2026-03-07 23:08:23
814,733,9,609 Cain Dale Suite 715,17319,Home,2024-05-14 03:16:41,2024-05-14 03:16:41
815,734,40,42691 Miranda Well Apt. 248,87646,Home,2025-09-16 05:56:12,2025-09-16 05:56:12
816,735,22,5521 Mitchell Ranch,59008,Home,2025-05-10 08:19:22,2025-05-10 08:19:22
817,736,31,8349 Samantha Divide Apt. 706,18819,Home,2023-10-31 21:40:35,2023-10-31 21:40:35
818,737,4,888 Chapman Junctions Apt. 010,51673,Home,2024-01-04 09:00:36,2024-01-04 09:00:36
819,737,22,610 Coleman Ville,68542,Billing,2024-01-04 01:48:59,2024-01-04 01:48:59
820,738,28,244 Odom Prairie,56159,Home,2024-03-01 12:57:05,2024-03-01 12:57:05
821,739,4,90261 Clarke Glen,97912,Home,2025-07-31 10:57:31,2025-07-31 10:57:31
822,740,27,209 Max Union Suite 786,42527,Home,2026-04-16 00:10:55,2026-04-16 00:10:55
823,741,14,81761 Roberts Stravenue Apt. 735,54339,Home,2024-07-17 17:00:12,2024-07-17 17:00:12
824,742,4,411 Robert Ports Apt. 913,62599,Home,2024-12-12 03:54:13,2024-12-12 03:54:13
825,743,37,69031 Robles Highway,56867,Home,2023-10-20 00:38:36,2023-10-20 00:38:36
826,743,11,376 Jackie Creek Apt. 901,,Billing,2023-10-21 03:14:56,2023-10-21 03:14:56
827,744,7,7306 Sarah Inlet,54001,Home,2025-08-27 06:54:10,2025-08-27 06:54:10
828,745,12,80662 Nelson Neck Apt. 728,23817,Home,2026-01-10 00:47:32,2026-01-10 00:47:32
829,746,1,41784 Snyder Burg,74329,Home,2026-03-15 19:15:23,2026-03-15 19:15:23
830,747,8,231 Williams Stream,03239,home,2024-12-13 10:40:36,2024-12-13 10:40:36
831,748,17,1637 Davis Manor Suite 985,78257,Home,2026-02-13 23:16:53,2026-02-13 23:16:53
832,749,30,39731 Hernandez Overpass Apt. 925,66929,Home,2023-12-06 14:51:59,2023-12-06 14:51:59
833,750,6,82181 Linda Park Apt. 320,45846,Home,2026-02-05 22:38:31,2026-02-05 22:38:31
834,751,15,9594 Micheal Ranch,23718,Home,2024-07-04 18:37:25,2024-07-04 18:37:25
835,752,19,9946 Moody Junctions Suite 391,28549,Home,2024-04-27 22:34:59,2024-04-27 22:34:59
836,753,3,1421 Keith Mall,49128,Home,2025-01-24 21:53:49,2025-01-24 21:53:49
837,753,13,488 Crystal Summit Apt. 469,38146,Billing,2025-01-23 23:36:34,2025-01-23 23:36:34
838,754,33,94916 Heidi Loop Apt. 467,19600,Home,2024-03-10 00:58:39,2024-03-10 00:58:39
839,755,7,308 Kimberly Stravenue Apt. 429,13573,home,2025-10-12 18:08:29,2025-10-12 18:08:29
840,756,13,0529 Barbara Ranch Apt. 317,41257,Home,2024-07-03 14:32:14,2024-07-03 14:32:14
841,757,13,890 Patrick Forest Apt. 793,55384,Home,2023-10-02 20:26:41,2023-10-02 20:26:41
842,758,41,44606 Jonathan Street,06035,home,2024-08-06 12:40:55,2024-08-06 12:40:55
843,759,14,26507 Bonnie Islands Suite 452,66195,Home,2024-10-22 01:22:21,2024-10-22 01:22:21
844,760,42,460 Castaneda Glen Suite 663,10199,Home,2023-09-22 08:26:04,2023-09-22 08:26:04
845,761,7,7255 Alyssa Ferry,16605,Home,2024-02-22 23:04:47,2024-02-22 23:04:47
846,762,29,021 Peters Knoll,36593,Home,2024-06-14 08:53:42,2024-06-14 08:53:42
847,763,3,054 Kim Mills Apt. 168,10631,Home,2025-04-09 05:56:58,2025-04-09 05:56:58
848,764,36,656 Jordan Forges Suite 127,57851,Home,2025-01-04 18:22:56,2025-01-04 18:22:56
849,765,29,2388 Kim Parkways,49111,Home,2025-07-08 16:11:42,2025-07-08 16:11:42
850,766,3,7538 Mcintosh Springs,84076,Home,2026-02-22 16:36:07,2026-02-22 16:36:07
851,767,19,334 Michelle Trafficway Apt. 107,46069,Home,2024-01-24 09:23:35,2024-01-24 09:23:35
852,767,36,799 Megan Estate Suite 868,52946,Billing,2024-01-23 11:09:15,2024-01-23 11:09:15
853,768,44,742 Melanie Heights Suite 235,65434,Home,2025-12-19 23:03:25,2025-12-19 23:03:25
854,769,6,644 Keller Keys Apt. 843,30191,Home,2026-03-21 04:15:57,2026-03-21 04:15:57
855,770,23,63635 Johnson Roads,92090,Home,2023-06-10 06:18:08,2023-06-10 06:18:08
856,771,28,940 Daniel Parkways,76629,Home,2024-07-08 17:44:07,2024-07-08 17:44:07
857,772,29,170 Kim Common,11892,Home,2025-11-19 08:55:09,2025-11-19 08:55:09
858,773,29,37509 Small Spring,21820,Home,2024-03-25 15:56:57,2024-03-25 15:56:57
859,774,35,79648 Olivia Station,11039,Home,2026-03-24 21:27:11,2026-03-24 21:27:11
860,775,8,092 Chase Dam Suite 034,43520,Home,2024-04-09 12:44:49,2024-04-09 12:44:49
861,776,43,901 Veronica Row,07322,Home,2024-06-15 16:39:56,2024-06-15 16:39:56
862,776,25,549 Wilson Orchard,61863,Billing,2024-06-16 02:06:35,2024-06-16 02:06:35
863,777,10,38068 Hall Circle,16341,Home,2025-11-13 07:06:20,2025-11-13 07:06:20
864,778,9,4744 Jessica Fort Apt. 394,46413,Home,2024-12-19 12:12:17,2024-12-19 12:12:17
865,779,8,58214 Tamara Ford,85661,Home,2026-01-08 10:54:38,2026-01-08 10:54:38
866,780,34,0646 Foster Oval Apt. 245,08455,Home,2026-04-01 00:54:41,2026-04-01 00:54:41
867,780,28,47125 Hoover Bypass Suite 563,57777,Billing,2026-04-02 04:45:40,2026-04-02 04:45:40
868,781,23,56665 Smith Center Suite 622,92641,Home,2025-08-15 15:51:55,2025-08-15 15:51:55
869,782,8,148 Stevens Dale,31709,Home,2024-08-29 17:02:22,2024-08-29 17:02:22
870,783,33,14195 Jeffery Inlet Apt. 174,14635,Home,2024-11-19 11:20:53,2024-11-19 11:20:53
871,784,36,6065 Julie Lane,64013,Home,2024-10-15 14:54:18,2024-10-15 14:54:18
872,785,13,731 Christopher Square Apt. 802,06509,Home,2025-10-14 08:14:03,2025-10-14 08:14:03
873,786,33,602 Dana Run,75907,home,2023-08-02 08:30:42,2023-08-02 08:30:42
874,787,22,864 Walker Track Apt. 631,47979,Home,2025-04-03 12:55:08,2025-04-03 12:55:08
875,788,14,35074 Shaw Run Apt. 437,43435,Home,2023-08-10 02:40:06,2023-08-10 02:40:06
876,789,4,260 Richardson Forest,54866,Home,2024-12-08 14:22:13,2024-12-08 14:22:13
877,790,33,641 Anna Road Suite 504,71685,Home,2025-09-17 09:05:30,2025-09-17 09:05:30
878,791,11,3405 Shane Underpass,97607,Home,2024-10-28 21:14:57,2024-10-28 21:14:57
879,792,14,38206 Christian Greens,41913,home,2023-11-09 01:15:52,2023-11-09 01:15:52
880,793,1,7556 Santana Courts Apt. 110,33300,Home,2025-05-07 01:10:48,2025-05-07 01:10:48
881,794,17,860 Carter Overpass Apt. 401,06030,Home,2025-05-06 18:58:15,2025-05-06 18:58:15
882,794,21,50887 Lamb Loaf Apt. 043,38358,Billing,2025-05-06 04:04:08,2025-05-06 04:04:08
883,795,34,93818 Mitchell Corners Apt. 403,93769,Home,2024-05-10 22:02:24,2024-05-10 22:02:24
884,795,29,8018 Joshua Shores Apt. 509,86570,Billing,2024-05-09 19:41:28,2024-05-09 19:41:28
885,796,13,85399 Tyler Springs Apt. 321,16000,Home,2025-03-06 00:25:54,2025-03-06 00:25:54
886,797,31,51450 Cynthia Passage,62210,home,2025-07-28 17:23:46,2025-07-28 17:23:46
887,798,25,02470 Murphy Green,,home,2023-06-13 23:30:00,2023-06-13 23:30:00
888,799,30,401 Ashley Island,61740,Home,2026-03-13 19:25:34,2026-03-13 19:25:34
889,800,24,2945 Hernandez Burg,40296,Home,2023-11-25 18:32:10,2023-11-25 18:32:10
890,801,18,71414 Guerra Springs,27669,Home,2026-01-23 10:08:33,2026-01-23 10:08:33
891,802,38,889 Stevenson Estates Apt. 527,17775,Home,2023-11-01 03:25:50,2023-11-01 03:25:50
892,803,12,654 James Heights,25255,Home,2025-04-28 13:53:09,2025-04-28 13:53:09
893,804,7,35870 Thomas Trail Suite 460,68354,Home,2025-01-09 04:48:56,2025-01-09 04:48:56
894,805,11,464 Silva Ramp,60215,Home,2026-04-25 00:31:07,2026-04-25 00:31:07
895,806,30,5177 Morrison Centers,40604,Home,2025-03-04 01:27:43,2025-03-04 01:27:43
896,806,32,02934 Teresa Motorway Suite 614,71782,Billing,2025-03-02 15:00:00,2025-03-02 15:00:00
897,807,24,188 Holly Parks Apt. 303,81535,Home,2026-05-08 21:33:59,2026-05-08 21:33:59
898,808,29,72722 Gloria Lock Apt. 917,65185,Home,2025-10-09 23:44:21,2025-10-09 23:44:21
899,809,28,993 Lawson Gardens Apt. 477,87757,Home,2026-04-26 06:35:48,2026-04-26 06:35:48
900,810,40,529 Scott Stream Suite 847,31525,Home,2023-09-27 15:32:11,2023-09-27 15:32:11
901,810,41,6075 Miller Estates Apt. 496,58409,Billing,2023-09-29 09:59:53,2023-09-29 09:59:53
902,811,35,7501 Reyes Bypass,91696,home,2024-04-26 06:42:51,2024-04-26 06:42:51
903,812,11,10289 Padilla Street,24532,Home,2023-07-01 07:08:18,2023-07-01 07:08:18
904,813,42,6783 Cynthia Islands Suite 263,10890,Home,2024-08-16 12:05:13,2024-08-16 12:05:13
905,814,12,747 Jeffrey Harbor,02805,Home,2025-09-15 02:22:09,2025-09-15 02:22:09
906,815,22,9770 John Junctions,63688,Home,2023-09-13 06:41:39,2023-09-13 06:41:39
907,816,11,8378 Stephen Common Suite 118,23608,Home,2024-10-17 15:31:25,2024-10-17 15:31:25
908,817,13,05150 Brenda Landing Suite 448,03378,Home,2023-06-12 02:51:52,2023-06-12 02:51:52
909,818,10,090 Robinson Center Apt. 420,75241,Home,2025-12-22 20:50:17,2025-12-22 20:50:17
910,819,31,6979 Moran Track Suite 341,36113,Home,2025-04-16 08:09:37,2025-04-16 08:09:37
911,820,42,0850 Thompson Villages,51468,Home,2025-04-27 23:58:22,2025-04-27 23:58:22
912,820,3,832 Justin Common Apt. 390,81711,Billing,2025-04-26 22:35:56,2025-04-26 22:35:56
913,821,7,781 Wagner Cliff,99882,Home,2026-01-08 16:36:47,2026-01-08 16:36:47
914,822,3,98053 Nathaniel Square,57979,Home,2023-10-31 01:48:57,2023-10-31 01:48:57
915,823,36,5030 Julie Landing Suite 744,07279,Home,2023-06-21 13:40:47,2023-06-21 13:40:47
916,824,2,75713 Newman Rest,,Home,2025-07-14 19:05:55,2025-07-14 19:05:55
917,825,12,589 Jones Heights,44370,Home,2023-08-11 12:34:15,2023-08-11 12:34:15
918,826,12,50750 Fernandez Gateway Suite 366,92372,Home,2025-07-10 23:58:26,2025-07-10 23:58:26
919,827,35,960 Steele Plaza,37239,Home,2025-06-14 15:00:17,2025-06-14 15:00:17
920,827,26,689 Holt Ville Suite 674,50598,Billing,2025-06-15 17:28:02,2025-06-15 17:28:02
921,828,14,869 Sullivan Stravenue,54697,Home,2023-09-20 11:08:02,2023-09-20 11:08:02
922,829,23,76780 Chen Ville,87585,Home,2025-10-06 14:34:12,2025-10-06 14:34:12
923,830,21,4162 Montoya Corners,,Home,2024-04-11 20:45:54,2024-04-11 20:45:54
924,831,20,2310 Johnson Mountain,48732,Home,2024-03-07 19:11:33,2024-03-07 19:11:33
925,832,27,33076 Brown Shoals,96520,home,2025-11-29 07:46:02,2025-11-29 07:46:02
926,833,7,71507 Patrick Hills Apt. 919,34648,Home,2024-06-24 19:25:32,2024-06-24 19:25:32
927,833,9,9532 Samuel Meadows,39815,Billing,2024-06-26 14:40:07,2024-06-26 14:40:07
928,834,31,37025 Garrett Ridge,72944,Home,2025-11-08 07:03:48,2025-11-08 07:03:48
929,835,32,4197 Timothy Drive Apt. 035,45345,Home,2024-11-29 05:20:32,2024-11-29 05:20:32
930,836,28,9308 Marquez Drive Suite 313,97287,home,2025-10-22 07:28:27,2025-10-22 07:28:27
931,837,32,96327 Andrew Islands,22917,Home,2025-05-17 23:49:12,2025-05-17 23:49:12
932,838,31,982 Toni Extension,01425,Home,2024-03-17 10:34:06,2024-03-17 10:34:06
933,838,5,0735 Ronald Spurs Suite 261,94812,Billing,2024-03-16 03:07:05,2024-03-16 03:07:05
934,839,39,67011 Christopher Trail Apt. 826,14981,Home,2024-08-15 16:16:00,2024-08-15 16:16:00
935,840,28,1431 Johnston Port Apt. 794,30891,Home,2023-10-11 12:53:45,2023-10-11 12:53:45
936,841,9,764 Mary Ville,93977,Home,2026-04-23 03:14:55,2026-04-23 03:14:55
937,842,9,04327 Walls Shoals Suite 360,46726,Home,2024-07-11 01:46:51,2024-07-11 01:46:51
938,843,5,599 Jones Walk Apt. 768,19748,home,2023-10-19 21:43:23,2023-10-19 21:43:23
939,843,22,21488 Sampson Haven Apt. 821,42446,Billing,2023-10-20 13:23:44,2023-10-20 13:23:44
940,844,11,10659 Brown Light Suite 281,48432,Home,2024-05-19 11:30:29,2024-05-19 11:30:29
941,845,32,164 Samantha Overpass Apt. 400,78304,Home,2024-12-13 03:51:39,2024-12-13 03:51:39
942,846,9,460 Mark Throughway Apt. 225,91782,Home,2023-11-22 21:43:45,2023-11-22 21:43:45
943,847,17,5182 Cline Tunnel Suite 899,92456,Home,2025-01-01 05:26:58,2025-01-01 05:26:58
944,848,40,556 Ball Streets,16876,Home,2025-06-17 02:47:46,2025-06-17 02:47:46
945,849,22,28619 Timothy River Suite 650,95155,Home,2024-06-11 22:54:53,2024-06-11 22:54:53
946,850,32,40765 Mark Plaza Suite 438,76518,Home,2023-08-04 05:16:52,2023-08-04 05:16:52
947,851,10,33716 Little River Suite 758,46183,Home,2025-08-30 05:40:20,2025-08-30 05:40:20
948,852,15,5890 Foley Landing,90516,Home,2024-10-20 10:12:16,2024-10-20 10:12:16
949,853,29,4818 Ellis Lake,66740,Home,2026-03-14 01:49:44,2026-03-14 01:49:44
950,854,40,50022 Eric Park,17437,Home,2023-07-30 05:16:00,2023-07-30 05:16:00
951,854,18,04932 Kent Pine,72870,Billing,2023-07-28 14:53:19,2023-07-28 14:53:19
952,855,22,013 Eric Point,43296,Home,2024-02-27 19:49:58,2024-02-27 19:49:58
953,856,21,41912 Jacobs Crossing Suite 378,25925,Home,2024-09-15 07:16:34,2024-09-15 07:16:34
954,857,7,14593 Shane Manor,72538,Home,2025-12-26 07:56:25,2025-12-26 07:56:25
955,858,25,5890 Debra Green Suite 097,57645,Home,2025-06-14 12:45:06,2025-06-14 12:45:06
956,859,29,4657 David Plaza Suite 804,57000,Home,2025-01-30 16:30:53,2025-01-30 16:30:53
957,860,11,4363 Carlos Burgs Suite 497,61051,Home,2024-06-25 18:58:41,2024-06-25 18:58:41
958,861,11,0437 Vargas Flats,94673,Home,2025-07-26 09:57:11,2025-07-26 09:57:11
959,862,11,7023 Phillip Tunnel Suite 275,59259,Home,2026-02-04 08:08:53,2026-02-04 08:08:53
960,863,43,480 Jared Junction,67690,Home,2025-06-22 11:07:06,2025-06-22 11:07:06
961,864,2,02318 Shields Corners,46184,Home,2026-01-10 12:13:36,2026-01-10 12:13:36
962,865,26,909 Jorge Forge,36978,Home,2023-07-09 19:56:09,2023-07-09 19:56:09
963,866,36,3991 Wilson Via,43584,Home,2025-02-26 02:20:32,2025-02-26 02:20:32
964,867,36,50790 Melissa Coves,17670,Home,2024-05-26 04:20:37,2024-05-26 04:20:37
965,867,26,537 Stacy Springs Suite 476,52924,Billing,2024-05-25 23:26:19,2024-05-25 23:26:19
966,868,23,664 Victor Vista,29521,Home,2023-07-30 12:05:07,2023-07-30 12:05:07
967,869,5,43018 Howard Gardens Suite 614,56094,Home,2025-04-14 05:31:48,2025-04-14 05:31:48
968,870,25,01390 Moore Bypass,06842,Home,2024-01-13 21:20:38,2024-01-13 21:20:38
969,870,17,399 Gray Parkway,61354,Billing,2024-01-12 17:06:33,2024-01-12 17:06:33
970,871,19,8257 Lisa Spurs Suite 559,,Home,2025-11-18 18:06:38,2025-11-18 18:06:38
971,872,7,06844 Jones Drive Suite 258,57420,Home,2023-07-18 13:03:03,2023-07-18 13:03:03
972,873,4,28173 Whitehead Skyway,96230,Home,2025-06-26 05:50:38,2025-06-26 05:50:38
973,874,3,5528 Kristopher Squares,13073,Home,2026-04-12 11:23:12,2026-04-12 11:23:12
974,875,31,88504 Knox Mission Suite 394,61493,Home,2026-04-10 07:51:06,2026-04-10 07:51:06
975,876,32,79152 David Light,,Home,2026-01-11 23:51:44,2026-01-11 23:51:44
976,877,24,124 Christian Forge Suite 559,00832,Home,2023-12-25 23:49:44,2023-12-25 23:49:44
977,878,28,3760 Marquez Hill Apt. 679,04943,Home,2026-01-11 05:03:40,2026-01-11 05:03:40
978,879,32,428 Ashley Glens,98234,Home,2024-01-03 10:12:38,2024-01-03 10:12:38
979,880,28,1793 Sarah Fall Suite 121,55457,Home,2025-02-27 11:10:10,2025-02-27 11:10:10
980,881,44,296 Rebecca Rue,,Home,2023-06-11 08:36:48,2023-06-11 08:36:48
981,882,39,697 Sarah Trail,34216,Home,2024-10-02 00:22:44,2024-10-02 00:22:44
982,883,28,86016 Brown Park,49622,Home,2025-02-11 22:00:47,2025-02-11 22:00:47
983,884,14,0961 Hunter Extension Apt. 206,77191,Home,2025-06-15 05:17:21,2025-06-15 05:17:21
984,885,21,2433 Lindsey Island,77988,Home,2023-12-16 00:56:53,2023-12-16 00:56:53
985,885,40,01075 Rios Parks Suite 268,86787,Billing,2023-12-15 20:01:08,2023-12-15 20:01:08
986,886,6,13992 Santiago Prairie Suite 239,93837,Home,2023-09-14 00:21:20,2023-09-14 00:21:20
987,887,37,585 Aaron Branch,67105,home,2025-11-10 07:11:42,2025-11-10 07:11:42
988,888,30,209 Michael Village Apt. 481,65326,Home,2024-05-01 04:31:12,2024-05-01 04:31:12
989,888,5,28935 Chelsea Hill Apt. 900,63474,Billing,2024-05-01 06:48:58,2024-05-01 06:48:58
990,889,5,6483 Kelsey Course Apt. 257,66891,Home,2025-10-23 13:46:00,2025-10-23 13:46:00
991,890,28,2732 Howard Spurs Suite 522,94700,Home,2025-02-16 23:54:40,2025-02-16 23:54:40
992,891,26,2567 Wilson Locks Suite 145,56419,Home,2024-11-11 10:58:33,2024-11-11 10:58:33
993,892,34,763 John Bypass,84399,Home,2023-11-07 02:23:06,2023-11-07 02:23:06
994,893,20,52444 Matthews Wall Suite 006,63089,Home,2023-08-18 19:04:30,2023-08-18 19:04:30
995,893,34,3231 Anne View,16770,Billing,2023-08-16 17:11:51,2023-08-16 17:11:51
996,894,20,9614 Karen Expressway,37596,Home,2024-03-24 04:32:39,2024-03-24 04:32:39
997,895,18,236 Nicole Field Suite 267,45456,Home,2024-09-29 02:29:07,2024-09-29 02:29:07
998,896,15,7542 Scott Fort,08595,Home,2025-06-21 13:02:05,2025-06-21 13:02:05
999,897,26,53124 Ruth Road Apt. 644,91690,Home,2025-07-11 17:34:16,2025-07-11 17:34:16
1000,898,18,626 Matthew Lodge,95688,Home,2024-01-29 20:46:54,2024-01-29 20:46:54
1001,899,1,9589 Stevenson Mount,,Home,2026-03-18 02:53:34,2026-03-18 02:53:34
1002,900,34,2045 Brian Shore,09693,Home,2025-11-19 19:44:49,2025-11-19 19:44:49
1003,901,5,716 Collin Creek Apt. 333,,Home,2023-07-29 02:44:35,2023-07-29 02:44:35
1004,902,17,938 Bolton Shore,79491,Home,2023-11-15 13:20:02,2023-11-15 13:20:02
1005,903,32,675 Martin Radial Apt. 173,40969,Home,2024-05-12 18:58:05,2024-05-12 18:58:05
1006,904,28,7709 Smith Prairie,53027,Home,2025-02-22 11:32:00,2025-02-22 11:32:00
1007,905,19,34784 Bryan Island Apt. 403,21675,Home,2025-02-16 15:24:45,2025-02-16 15:24:45
1008,906,36,479 Joseph Meadow Suite 065,13293,home,2026-02-21 18:15:58,2026-02-21 18:15:58
1009,906,29,117 Jason Vista,50323,Billing,2026-02-20 21:53:37,2026-02-20 21:53:37
1010,907,33,47101 Joshua Trail,29961,Home,2023-12-17 20:34:08,2023-12-17 20:34:08
1011,908,38,78395 Jeremy Stravenue,44532,Home,2025-12-07 14:17:36,2025-12-07 14:17:36
1012,909,16,9108 Melissa Route Apt. 010,,Home,2023-08-17 03:40:50,2023-08-17 03:40:50
1013,910,17,724 Rodgers Haven,51121,Home,2026-03-14 19:01:39,2026-03-14 19:01:39
1014,911,30,25347 Kenneth Cliffs,87958,Home,2024-01-20 04:00:50,2024-01-20 04:00:50
1015,912,41,1682 Myers Land Apt. 868,86038,Home,2024-04-23 05:30:28,2024-04-23 05:30:28
1016,913,11,770 Moore Manors,71903,Home,2026-05-21 08:10:59,2026-05-21 08:10:59
1017,913,44,215 Gary Trail,19912,Billing,2026-05-20 23:44:39,2026-05-20 23:44:39
1018,914,18,5298 Ashley Mountains,63879,Home,2025-11-02 06:15:57,2025-11-02 06:15:57
1019,915,18,61541 Melinda Hill,15592,Home,2023-08-31 04:13:13,2023-08-31 04:13:13
1020,916,3,165 Johnson Harbors,67389,Home,2024-02-15 13:14:43,2024-02-15 13:14:43
1021,917,9,5311 Susan Light,94937,Home,2025-11-01 03:49:11,2025-11-01 03:49:11
1022,918,18,36238 Smith Brooks Suite 013,44834,Home,2024-12-06 02:10:15,2024-12-06 02:10:15
1023,919,16,6687 Murray Islands Suite 791,54261,Home,2024-01-27 04:56:48,2024-01-27 04:56:48
1024,920,26,1370 Johnny Mews Apt. 990,45161,Home,2024-11-30 16:38:56,2024-11-30 16:38:56
1025,921,12,04358 Michele Passage Suite 226,68125,Home,2024-02-26 19:09:08,2024-02-26 19:09:08
1026,922,31,44783 Navarro Run,04957,Home,2024-06-18 00:32:08,2024-06-18 00:32:08
1027,923,20,390 Monica Motorway Suite 270,77008,Home,2023-06-19 23:56:19,2023-06-19 23:56:19
1028,923,14,5558 Amy Ports,62676,Billing,2023-06-20 10:25:43,2023-06-20 10:25:43
1029,924,9,9676 Sharon Wells Apt. 554,37491,Home,2024-02-26 02:43:23,2024-02-26 02:43:23
1030,925,4,7307 Cole Parks Apt. 010,08185,Home,2026-01-25 01:31:05,2026-01-25 01:31:05
1031,926,4,101 Amanda Mews Apt. 002,77256,Home,2023-07-27 08:47:59,2023-07-27 08:47:59
1032,927,11,0077 Johnson Mall Apt. 839,75311,Home,2025-02-06 13:37:54,2025-02-06 13:37:54
1033,928,43,58737 Garza Knoll Apt. 252,,Home,2024-05-19 17:05:29,2024-05-19 17:05:29
1034,929,36,7586 Diaz Mills,98579,Home,2024-10-01 08:50:53,2024-10-01 08:50:53
1035,930,6,8728 Rogers Turnpike Suite 834,17991,Home,2025-09-14 20:52:51,2025-09-14 20:52:51
1036,930,16,726 Rose Ford,57370,Billing,2025-09-14 16:27:15,2025-09-14 16:27:15
1037,931,4,02051 Robinson Ways,55536,Home,2025-09-26 04:48:42,2025-09-26 04:48:42
1038,931,42,542 Jennifer Estate,34323,Billing,2025-09-27 17:48:28,2025-09-27 17:48:28
1039,932,16,593 Davis Center,11158,Home,2023-06-10 18:29:46,2023-06-10 18:29:46
1040,933,40,8350 Richard Station,90639,Home,2023-08-05 20:17:28,2023-08-05 20:17:28
1041,934,7,9982 Sanchez Pass Suite 276,38222,Home,2024-11-03 04:42:14,2024-11-03 04:42:14
1042,935,21,941 Dunn Islands Apt. 799,12749,Home,2024-07-09 23:18:32,2024-07-09 23:18:32
1043,936,36,8520 Davis Ridge Suite 091,18099,home,2026-05-31 03:39:21,2026-05-31 03:39:21
1044,937,35,602 Mann Knoll,93251,Home,2025-04-27 06:18:55,2025-04-27 06:18:55
1045,938,2,7787 White Coves Suite 346,98685,Home,2025-06-20 11:13:02,2025-06-20 11:13:02
1046,938,14,6785 Lester Falls,88885,Billing,2025-06-22 00:42:34,2025-06-22 00:42:34
1047,939,14,823 Latoya Summit,20904,Home,2024-04-23 04:43:21,2024-04-23 04:43:21
1048,940,12,34376 Dudley Inlet Apt. 299,30944,Home,2024-02-25 13:18:24,2024-02-25 13:18:24
1049,941,4,006 Ricky Oval Apt. 492,05489,Home,2026-01-16 02:11:45,2026-01-16 02:11:45
1050,942,12,1284 Brown Islands,97928,Home,2024-09-09 20:15:43,2024-09-09 20:15:43
1051,943,8,317 Barron Highway Apt. 483,44830,Home,2025-11-13 15:31:59,2025-11-13 15:31:59
1052,944,6,979 Denise Divide Suite 192,75621,Home,2023-10-10 21:48:40,2023-10-10 21:48:40
1053,945,15,2660 Alison Flats,37750,Home,2025-07-29 08:58:31,2025-07-29 08:58:31
1054,946,44,87271 Brown Crescent,53908,Home,2026-01-15 14:42:04,2026-01-15 14:42:04
1055,947,23,583 William Park,89828,Home,2025-12-26 03:19:07,2025-12-26 03:19:07
1056,948,13,3790 Lopez Fall Apt. 539,28517,Home,2024-10-17 22:16:35,2024-10-17 22:16:35
1057,949,23,99536 Vazquez Inlet,81985,Home,2023-07-08 03:08:47,2023-07-08 03:08:47
1058,950,12,76861 Melissa Flats Suite 270,86060,Home,2024-03-17 20:45:02,2024-03-17 20:45:02
1059,951,3,40094 Rebecca Station,58200,Home,2025-06-18 09:47:40,2025-06-18 09:47:40
1060,952,2,594 Darlene Lane Suite 482,33607,Home,2024-01-25 22:54:06,2024-01-25 22:54:06
1061,953,18,11271 Andrew Divide Suite 460,85143,Home,2023-11-11 02:48:25,2023-11-11 02:48:25
1062,954,28,787 Torres Plain Suite 473,83177,Home,2025-10-13 16:34:36,2025-10-13 16:34:36
1063,955,37,4703 Sheila River Apt. 323,46410,Home,2025-09-20 01:24:49,2025-09-20 01:24:49
1064,956,17,9812 Hansen Grove,82457,Home,2026-05-24 19:49:40,2026-05-24 19:49:40
1065,957,13,810 Martin Shore,71604,home,2025-02-15 05:13:05,2025-02-15 05:13:05
1066,958,23,3532 Kelsey Mission Apt. 146,17300,Home,2025-06-14 07:05:38,2025-06-14 07:05:38
1067,958,37,40284 Madison Mill,73669,Billing,2025-06-13 00:36:56,2025-06-13 00:36:56
1068,959,28,8825 Hill Land,00602,Home,2026-01-02 07:33:13,2026-01-02 07:33:13
1069,959,23,999 Hutchinson Port,84671,Billing,2026-01-02 20:56:04,2026-01-02 20:56:04
1070,960,32,8172 Howard Underpass,69500,Home,2023-12-16 16:48:15,2023-12-16 16:48:15
1071,961,36,28321 Chapman Bridge Suite 121,19398,Home,2025-06-04 11:20:50,2025-06-04 11:20:50
1072,962,7,40722 Chambers Trafficway,47833,Home,2025-08-23 08:11:12,2025-08-23 08:11:12
1073,963,5,68968 Erin Way,46048,Home,2024-07-16 12:09:02,2024-07-16 12:09:02
1074,964,8,5368 Sean Lodge Suite 175,90873,Home,2024-06-06 20:28:11,2024-06-06 20:28:11
1075,965,25,61014 White Shores Apt. 810,21291,Home,2023-09-07 04:10:21,2023-09-07 04:10:21
1076,966,5,96483 Katherine Land Apt. 155,07766,Home,2025-09-08 09:31:49,2025-09-08 09:31:49
1077,967,40,756 Deborah Shores,40849,Home,2025-04-03 08:16:38,2025-04-03 08:16:38
1078,968,39,70224 Benjamin Avenue,20250,Home,2023-08-19 11:48:16,2023-08-19 11:48:16
1079,969,28,50473 Thompson Route,06123,Home,2024-05-24 06:55:44,2024-05-24 06:55:44
1080,970,42,2760 Christopher Tunnel,17402,Home,2024-12-11 14:12:49,2024-12-11 14:12:49
1081,970,14,7028 Andrew Village Apt. 902,47891,Billing,2024-12-11 13:18:46,2024-12-11 13:18:46
1082,971,3,580 Frances Walk,97969,Home,2024-07-15 16:16:59,2024-07-15 16:16:59
1083,972,42,296 Hill Highway Apt. 890,42020,Home,2026-04-10 12:29:16,2026-04-10 12:29:16
1084,973,3,760 Long Coves,16968,Home,2025-12-04 05:49:52,2025-12-04 05:49:52
1085,974,15,007 Nathan Spring Suite 872,,Home,2025-03-18 09:27:31,2025-03-18 09:27:31
1086,975,32,74360 Matthew Well Apt. 521,50826,Home,2024-04-21 00:26:00,2024-04-21 00:26:00
1087,976,13,136 Cruz Lake Suite 331,09465,home,2025-01-24 19:52:10,2025-01-24 19:52:10
1088,977,32,94448 Catherine Squares Suite 108,98309,Home,2025-02-11 12:14:59,2025-02-11 12:14:59
1089,978,13,65580 Hernandez Highway,56710,Home,2026-04-23 00:47:54,2026-04-23 00:47:54
1090,979,11,85175 Stacie Fords,67236,Home,2025-05-05 20:22:18,2025-05-05 20:22:18
1091,980,20,1965 Ramirez Throughway Suite 675,21093,Home,2025-01-03 04:15:50,2025-01-03 04:15:50
1092,980,43,40370 Wagner River,77478,Billing,2025-01-05 23:37:02,2025-01-05 23:37:02
1093,981,5,103 Holder Trafficway Suite 096,08205,Home,2026-05-27 13:16:37,2026-05-27 13:16:37
1094,982,12,960 Johnson Squares Apt. 543,46223,Home,2025-12-03 06:59:53,2025-12-03 06:59:53
1095,983,24,0839 Douglas Junctions Apt. 229,,Home,2026-03-07 10:36:28,2026-03-07 10:36:28
1096,984,32,7492 Natalie Square,42192,Home,2024-09-05 10:14:09,2024-09-05 10:14:09
1097,985,6,5633 Dennis Summit Suite 229,69162,Home,2024-06-13 12:12:23,2024-06-13 12:12:23
1098,986,10,3661 Connie Shoals Suite 291,27645,Home,2026-05-13 06:44:19,2026-05-13 06:44:19
1099,987,14,5669 Daniel Pass Apt. 680,87906,Home,2025-02-25 09:53:14,2025-02-25 09:53:14
1100,988,5,2684 Jeremiah Crest,72573,Home,2023-12-22 10:54:39,2023-12-22 10:54:39
1101,989,2,03946 Desiree Ridges Suite 641,15944,Home,2026-05-25 04:58:22,2026-05-25 04:58:22
1102,990,28,05216 Andrea Plain,54213,Home,2025-12-12 13:32:37,2025-12-12 13:32:37
1103,991,20,03840 Stephen Flat,98588,Home,2023-06-28 17:50:54,2023-06-28 17:50:54
1104,992,4,52120 Samantha Ways Apt. 380,39904,Home,2024-03-04 12:39:10,2024-03-04 12:39:10
1105,993,16,1622 York Loop Suite 459,38997,Home,2025-02-19 05:11:21,2025-02-19 05:11:21
1106,994,6,138 Brian Street Suite 549,80322,Home,2025-06-06 02:47:44,2025-06-06 02:47:44
1107,995,22,951 Jenny Village,80195,Home,2025-09-01 12:08:07,2025-09-01 12:08:07
1108,996,18,04366 Johnson Mountain Suite 050,50158,Home,2023-09-06 05:36:41,2023-09-06 05:36:41
1109,997,18,8938 Kevin Flats Apt. 821,64425,Home,2023-11-03 02:14:06,2023-11-03 02:14:06
1110,998,41,3643 Lindsey Row Apt. 831,93912,Home,2025-04-11 17:07:48,2025-04-11 17:07:48
1111,999,32,11115 Hoover Stravenue,,Home,2025-07-25 10:54:38,2025-07-25 10:54:38
1112,1000,12,5152 Thomas Street,44640,Home,2024-01-15 16:24:43,2024-01-15 16:24:43
