genre_id,genre_name,created_at,updated_at
1,Action,2023-05-02 21:17:41,2023-05-02 21:17:41
2,Drama,2023-05-02 01:25:28,2023-05-02 01:25:28
3,Comedy,2023-05-02 04:05:33,2023-05-02 04:05:33
4,Thriller,2023-05-04 06:22:39,2023-05-04 06:22:39
5,Romance,2023-05-03 15:26:37,2023-05-03 15:26:37
6,Horror,2023-05-06 05:43:31,2023-05-06 05:43:31
7,Sci-Fi,2023-05-04 12:33:25,2023-05-04 12:33:25
8,Documentary,2023-05-06 03:21:11,2023-05-06 03:21:11
9,Animation,2023-05-03 16:09:16,2023-05-03 16:09:16
10,Fantasy,2023-05-05 21:11:11,2023-05-05 21:11:11
11,Pop,2023-05-01 03:00:31,2023-05-01 03:00:31
12,Classical,2023-05-01 03:41:25,2023-05-01 03:41:25
