warehouse_id,city_id,warehouse_name,created_at,updated_at
1,8,ABC Hub Warehouse 1,2023-05-06 22:37:53,2023-05-06 22:37:53
2,33,ABC Hub Warehouse 2,2023-05-03 08:44:05,2023-05-03 08:44:05
3,43,ABC Hub Warehouse 3,2023-05-01 12:47:18,2023-05-01 12:47:18
4,36,ABC Hub Warehouse 4,2023-05-02 22:00:32,2023-05-02 22:00:32
5,41,ABC Hub Warehouse 5,2023-05-04 15:33:01,2023-05-04 15:33:01
6,19,ABC Hub Warehouse 6,2023-05-05 10:43:07,2023-05-05 10:43:07
7,14,ABC Hub Warehouse 7,2023-05-01 11:02:20,2023-05-01 11:02:20
8,5,ABC Hub Warehouse 8,2023-05-04 20:57:49,2023-05-04 20:57:49
9,29,ABC Hub Warehouse 9,2023-05-02 10:26:41,2023-05-02 10:26:41
10,22,ABC Hub Warehouse 10,2023-05-03 04:18:58,2023-05-03 04:18:58
